unique_city,city,country,lat,lng
'Ain Temouchent_NaN_Ain Temouchent_DZ,'Ain Temouchent,DZ,35.292896970116,-1.1421538244484
'Ain el Hadjar_NaN_Saida_DZ,'Ain el Hadjar,DZ,34.457253951008,0.091369312934858
10 de Abril_Acapulco de Juarez_Guerrero_MX,10 de Abril,MX,16.82439671247,-99.716370005784
A i Afjord_Afjord_Sor-Trondelag_NO,A i Afjord,NO,64.044988188084,10.040555591359
AElvdalen_Alvdalens Kommun_Dalarna_SE,AElvdalen,SE,61.362865894161,13.531905353653
AElvkarleby_Alvkarleby Kommun_Uppsala_SE,AElvkarleby,SE,60.510218796864,17.430562954024
Aasiaat_NaN_Qaasuitsup_GL,Aasiaat,GL,69.254132091408,-53.538932753814
Abadan_NaN_Ahal_TM,Abadan,TM,38.106414313334,58.107090061838
Abalak_NaN_Tjumen_RU,Abalak,RU,58.462768979564,68.501460425133
Abapo_NaN_Santa Cruz_BO,Abapo,BO,-18.664813674759,-63.239587541498
Aberchirder_Aberdeenshire_Scotland_GB,Aberchirder,GB,57.56633439516,-2.5936652844964
Aberdeen_Monroe County_Mississippi_US,Aberdeen,US,33.897559216144856,-88.59621020369441
Abernathy_Lubbock County_Texas_US,Abernathy,US,33.728067547855,-101.84181992841
Abidjan_NaN_Lagunes_CI,Abidjan,CI,5.2662363971767,-3.9867205494729
Abilene_Taylor County_Texas_US,Abilene,US,32.423447167832,-99.800901217358
Abra Pampa_NaN_Jujuy_AR,Abra Pampa,AR,-22.785233527137,-65.703945847701
Abraham's Bay_NaN_Mayaguana_BS,Abraham's Bay,BS,21.832203916401,-72.32501894199
Abramow_Powiat lubartowski_Lublin Voivodeship_PL,Abramow,PL,51.462504115943,22.33776905296
Abrau-Dyurso_NaN_Krasnodarskiy_RU,Abrau-Dyurso,RU,44.7059300662395,37.630691141723055
Absecon_Atlantic County_New Jersey_US,Absecon,US,39.458487555454,-74.509497552816
Abu Dhabi_NaN_Abu Dhabi_AE,Abu Dhabi,AE,24.239969439171,54.745328349528
Abuja_NaN_Abuja Federal Capital Territory_NG,Abuja,NG,8.9974221021116,7.4069361780355
Abzakovo_NaN_Bashkortostan_RU,Abzakovo,RU,53.620287273359,58.701653742626
Acandi_NaN_Choco_CO,Acandi,CO,8.5138009231268,-77.279701932361
Acaponeta_NaN_Nayarit_MX,Acaponeta,MX,22.48931476048,-105.37291856799
Accha_Provincia de Paruro_Cusco_PE,Accha,PE,-13.958002193316,-71.823037787453
Achanizo_Provincia de Caraveli_Arequipa_PE,Achanizo,PE,-15.962363350588,-74.040871648476
Achenkirch_Politischer Bezirk Schwaz_Tyrol_AT,Achenkirch,AT,47.57244886113928,11.655001432952432
Acireale_Catania_Sicily_IT,Acireale,IT,37.631141706613,15.143033164248
Acquasanta Terme_Provincia di Ascoli Piceno_The Marches_IT,Acquasanta Terme,IT,42.787412563808,13.429496995613
Acuexcomac_NaN_Puebla_MX,Acuexcomac,MX,19.034781408448,-98.377351987534
Acuitzio del Canje_NaN_Michoacan_MX,Acuitzio del Canje,MX,19.495196162476,-101.38160198194
Adam_NaN_Muhafazat ad Dakhiliyah_OM,Adam,OM,22.364549183706,57.511826316999
Adapazari_NaN_Sakarya_TR,Adapazari,TR,40.718496049714,30.434179219476
Addiet Canna_NaN_Amhara_ET,Addiet Canna,ET,11.189059544199,37.841809170543
Addis Ababa_NaN_Adis Abeba_ET,Addis Ababa,ET,8.85430464186667,38.80388339859738
Adeane_NaN_Ziguinchor_SN,Adeane,SN,12.411396352116,-15.757611382463
Adiake_NaN_Sud-Comoe_CI,Adiake,CI,5.4050452051908,-3.332028473271
Adigrat_NaN_Tigray_ET,Adigrat,ET,14.075814723385,39.311641375855
Adipala_NaN_Central Java_ID,Adipala,ID,-7.6855759042313,109.17261105346
Adir_NaN_Karak_JO,Adir,JO,31.250497114777,36.045764315821
Adis Zemen_NaN_Amhara_ET,Adis Zemen,ET,12.124956757327,37.776453710527
Adjumani_Adjumani District_Northern Region_UG,Adjumani,UG,3.3482744938679,31.855302575204
Adra_Provincia de Almeria_Andalusia_ES,Adra,ES,36.75324884798,-3.0958418690804
Adur_Pattanamtitta_Kerala_IN,Adur,IN,9.119855383302646,76.74377178167664
Aflou_NaN_Laghouat_DZ,Aflou,DZ,33.777151666993,1.6107380322518
Afrikanda_NaN_Murmansk_RU,Afrikanda,RU,67.667762698997,32.791232983028
Afton_Lincoln County_Wyoming_US,Afton,US,43.026416166825,-111.01224423177
Afzalgarh_Bijnor_Uttar Pradesh_IN,Afzalgarh,IN,29.366526496052643,78.75742383290826
Agacoren_NaN_Aksaray_TR,Agacoren,TR,38.808333307594,33.716977799087
Agadir Melloul_Taroudannt_Souss-Massa-Draa_MA,Agadir Melloul,MA,30.456331617573845,-7.554112855075898
Agaro_NaN_Oromiya_ET,Agaro,ET,8.113949516794104,36.460252215218894
Agbani_NaN_Enugu_NG,Agbani,NG,6.1985459902975,7.4925472093824
Agbannawag_Kalinga_Cordillera_PH,Agbannawag,PH,17.39601844218763,121.53863534047692
Agia Foteini_Nomos Rethymnis_Crete_GR,Agia Foteini,GR,35.237921229335,24.693147174804
Agios Georgis_Nomos Kerkyras_Ionian Islands_GR,Agios Georgis,GR,39.683879798023,19.756029696994
Aglona_NaN_Aglona_LV,Aglona,LV,55.912164264474,26.848982522727
Agra_Agra_Uttar Pradesh_IN,Agra,IN,27.158667205023,78.059789054372
Agrestina_Agrestina_Pernambuco_BR,Agrestina,BR,-8.44041272793164,-35.95431517867283
Agua Branca_Agua Branca_Piaui_BR,Agua Branca,BR,-5.839744720700323,-42.4687350685437
Agua Dulce_Los Angeles County_California_US,Agua Dulce,US,34.435258942087,-118.34491951766
Agua Fria_Santa Fe County_New Mexico_US,Agua Fria,US,35.598624239654,-106.04022076312
Aguazul_NaN_Casanare_CO,Aguazul,CO,5.057080904434375,-72.60507842680313
Agustin Codazzi_NaN_Cesar_CO,Agustin Codazzi,CO,10.169414594223,-73.188074230853
Ahipara_Far North District_Northland_NZ,Ahipara,NZ,-34.441212372249,172.69879171535
Ahmadnagar_Ahmadnagar_Maharashtra_IN,Ahmadnagar,IN,19.080676607064,74.730079773433
Ahmedabad_Ahmadabad_Gujarat_IN,Ahmedabad,IN,22.928693999866,72.585460001765
Ahram_NaN_Bushehr_IR,Ahram,IR,28.775142188417,51.059393144402
Ahvaz_NaN_Khuzestan_IR,Ahvaz,IR,31.341559134337,48.718589914636
Ai Tu_NaN_Quang Tri_VN,Ai Tu,VN,16.789879500779,107.14132789885
Aiguefonde_Departement du Tarn_Midi-Pyrenees_FR,Aiguefonde,FR,43.445421527816,2.3370504412779
Aillant-sur-Tholon_Departement de l'Yonne_Bourgogne_FR,Aillant-sur-Tholon,FR,47.890379479495,3.2390556836249
Aimere_NaN_East Nusa Tenggara_ID,Aimere,ID,-8.8274229643508,120.90102798718
Ain Sefra_NaN_Wilaya de Naama_DZ,Ain Sefra,DZ,32.495164693285,-0.63540437575839
Ain Sukhna_NaN_As Suways_EG,Ain Sukhna,EG,29.693349495733,32.165118992991
Aipetu_NaN_East Nusa Tenggara_ID,Aipetu,ID,-8.7966002141598,121.97755842856
Aiquile_NaN_Cochabamba_BO,Aiquile,BO,-18.180824011301,-64.90004654384
Airmolek_NaN_Riau_ID,Airmolek,ID,-0.4022696381427,102.41475672744
Aitape_NaN_Sandaun_PG,Aitape,PG,-3.2002728721948,142.21283740247
Aizkraukle_NaN_Aizkraukles Rajons_LV,Aizkraukle,LV,56.566124833959,25.210164979988
Ajain_Departement de la Creuse_Limousin_FR,Ajain,FR,46.194635992905,2.0768940041747
Ajung_NaN_East Java_ID,Ajung,ID,-8.2040346021938,113.65487411953
Akarsu_NaN_Erzincan_TR,Akarsu,TR,39.960952811373,38.682309399624
Akdere_NaN_Mersin_TR,Akdere,TR,36.330828710324,33.661532763284
Aketi_NaN_Eastern Province_CD,Aketi,CD,2.7837391127973,23.832216210036
Akhisar_NaN_Manisa_TR,Akhisar,TR,38.950699657695,27.836685123151
Akhtanizovskaya_NaN_Krasnodarskiy_RU,Akhtanizovskaya,RU,45.29091798005953,37.08193756815476
Akhtubinsk_NaN_Astrakhan_RU,Akhtubinsk,RU,48.280654895023,46.184991963239
Akirkeby_Bornholm Kommune_Capital Region_DK,Akirkeby,DK,55.037750177533,14.897929482225
Akkisla_NaN_Kayseri_TR,Akkisla,TR,39.007839563452,36.113562598476
Akko_NaN_Gombe_NG,Akko,NG,10.290915700002286,11.0515465
Aksu_NaN_Antalya_TR,Aksu,TR,37.042826961648,30.747166981202
Aksum_NaN_Tigray_ET,Aksum,ET,14.162733044261,38.906826629577
Aktash_NaN_Altay_RU,Aktash,RU,50.352871464389,87.388094740802
Aktau_NaN_Mangghystau_KZ,Aktau,KZ,43.666319325569,51.192808485611
Aku_NaN_Enugu_NG,Aku,NG,6.7419301748539,7.2226426831532
Akureyri_NaN_Northeast_IS,Akureyri,IS,65.841204452354,-18.252042924966
Al Bahah_NaN_Mintaqat al Bahah_SA,Al Bahah,SA,19.905854378119667,41.28071871096417
Al Bayda'_NaN_Al Jabal al Akhdar_LY,Al Bayda',LY,32.4851919,21.5101481
Al Buraymi_NaN_Al Buraimi_OM,Al Buraymi,OM,24.472269159093976,55.623445021127445
Al Firnanah_NaN_Jundubah_TN,Al Firnanah,TN,36.804933111858,8.6789151747032
Al Fujayrah_NaN_Al Fujayrah_AE,Al Fujayrah,AE,25.13777103037,56.231589173762
Al Jiftlik_NaN_NaN_PS,Al Jiftlik,PS,32.136347339617,35.501324665776
Al Jizah_NaN_Amman_JO,Al Jizah,JO,31.578954190984,36.007224063441
Al Jumum_NaN_Makkah_SA,Al Jumum,SA,21.630946809414,39.698928939574
Al Karmil_NaN_NaN_PS,Al Karmil,PS,31.409709285531,35.138893898438
Al Khaburah_NaN_Al Batinah_OM,Al Khaburah,OM,23.825727188677,57.061215158623
Al Khankah_NaN_Muhafazat al Qalyubiyah_EG,Al Khankah,EG,30.021256124402,31.50713833442
Al Khawr_NaN_Al Khawr_QA,Al Khawr,QA,25.812134788071425,51.5117999404219
Al Majaridah_NaN_Mintaqat `Asir_SA,Al Majaridah,SA,19.128534100405,41.084526505041
Al Mansurah_Al Mansura_Aden_YE,Al Mansurah,YE,12.833019182356,44.940022734472
Al Metlaoui_NaN_Gafsa_TN,Al Metlaoui,TN,34.311753262019785,8.4503687327452
Al Quwayrah_NaN_Ma'an_JO,Al Quwayrah,JO,30.063995360543,35.123004235374
Al Wafrah_NaN_Al Ahmadi_KW,Al Wafrah,KW,28.702393438485,47.985025599352
Al_Al_Buskerud_NO,Al,NO,60.608630201364,8.5020519420979
Alafaya_Orange County_Florida_US,Alafaya,US,28.601566964021,-81.171604020795
Alagoa_Portalegre_Portalegre_PT,Alagoa,PT,39.395624542127,-7.5988179758924
Alamo_Socorro County_New Mexico_US,Alamo,US,34.104978971694,-107.62648467585
Alampur_Mahbubnagar_Telangana_IN,Alampur,IN,15.711309200258,78.119213544567
Alangalang_Province of Leyte_Eastern Visayas_PH,Alangalang,PH,11.215906611308,124.82771845438
Alausi_NaN_Chimborazo_EC,Alausi,EC,-2.1852036865719,-78.718995447922
Albacete_Provincia de Albacete_Castille-La Mancha_ES,Albacete,ES,39.020087463555,-1.8057795143652
Albania_NaN_La Guajira_CO,Albania,CO,11.444037102004,-72.539208000507
Albany_Albany_Western Australia_AU,Albany,AU,-35.016444444444,117.88133333333
Albufeira_Albufeira_Faro_PT,Albufeira,PT,37.101727714155,-8.2558677645607
Albunol_Provincia de Granada_Andalusia_ES,Albunol,ES,36.752516683766,-3.1880521854188
Alcacer do Sal_Alcacer do Sal_Setubal_PT,Alcacer do Sal,PT,38.4363215786,-8.5378795942711
Alcala_Province of Cagayan_Cagayan Valley_PH,Alcala,PH,17.893240294286,121.68944150842
Alcala_Province of Pangasinan_Ilocos_PH,Alcala,PH,15.843894376963656,120.51334981843176
Alden_Erie County_New York_US,Alden,US,42.858193885868,-78.514639076315
Alegria_Province of Agusan del Sur_Caraga_PH,Alegria,PH,8.505928792116388,126.03557009838042
Aleksandriyskaya_NaN_Stavropol'skiy_RU,Aleksandriyskaya,RU,44.219230256247,43.373699493227
Alekseyevskaya_NaN_Krasnodarskiy_RU,Alekseyevskaya,RU,45.771606147882,40.14499298823
Alen_Holtalen_Sor-Trondelag_NO,Alen,NO,62.930482744239,11.111854168243
Aleria_Departement de la Haute-Corse_Corsica_FR,Aleria,FR,42.100670966025,9.5151197571449
Alexander Heights_Wanneroo_Western Australia_AU,Alexander Heights,AU,-31.821882084721,115.91613705421
Alexandra_Murrindindi_Victoria_AU,Alexandra,AU,-37.223468278145,145.43709228896
Alfredo Chaves_Alfredo Chaves_Espirito Santo_BR,Alfredo Chaves,BR,-20.536903892973,-40.681231631883
Alfredo V. Bonfil_NaN_Quintana Roo_MX,Alfredo V. Bonfil,MX,21.025749222067,-86.817989353756
Alfta_Ovanakers Kommun_Gaevleborg_SE,Alfta,SE,61.313124184094,16.082647487407
Algarrobo del Aguila_NaN_La Pampa_AR,Algarrobo del Aguila,AR,-36.404278384758,-67.134032716661
Alghero_Provincia di Sassari_Sardinia_IT,Alghero,IT,40.570797593121,8.3415282117399
Alhuey_Angostura_Sinaloa_MX,Alhuey,MX,25.32023243809353,-108.11770327158284
Alibag_Raigarh_Maharashtra_IN,Alibag,IN,18.627995584684,72.897581921467
Alice Springs_Alice Springs_Northern Territory_AU,Alice Springs,AU,-24.047333331658,133.6285
Alikalia_NaN_Northern Province_SL,Alikalia,SL,9.1159528448891,-11.396872347749
Allahabad_Allahabad_Uttar Pradesh_IN,Allahabad,IN,25.372480201217,81.840958462662
Allendale_Ottawa County_Michigan_US,Allendale,US,42.972043707408,-85.871859503907
Alma_Wabaunsee County_Kansas_US,Alma,US,38.797241131287,-96.130652997073
Almaguer_NaN_Cauca_CO,Almaguer,CO,1.9072539012824,-76.994234643737
Almenara_Almenara_Minas Gerais_BR,Almenara,BR,-16.37319816127989,-40.549985383652896
Almodovar del Campo_Provincia de Ciudad Real_Castille-La Mancha_ES,Almodovar del Campo,ES,38.664330973849,-4.1898819510662
Almogia_Provincia de Malaga_Andalusia_ES,Almogia,ES,36.787315877141,-4.4967692181091
Alnavar_Dharwad_Karnataka_IN,Alnavar,IN,15.454924018291502,74.79292962003214
Alotau_NaN_Milne Bay_PG,Alotau,PG,-10.399166666667,150.07222222222
Alpine_Brewster County_Texas_US,Alpine,US,29.587214568675,-103.42736244058
Alta_Alta_Finnmark Fylke_NO,Alta,NO,69.3787265140391,24.129897552925726
Altamira_Altamira_Para_BR,Altamira,BR,-3.221627197535674,-52.70884575754733
Altanbulag_NaN_Central Aimak_MN,Altanbulag,MN,47.903256291301,106.52649495282
Altanbulag_NaN_Selenge_MN,Altanbulag,MN,50.296828324181,106.4787619168
Altinkum_NaN_Diyarbakir_TR,Altinkum,TR,38.2363331163883,40.97691957526096
Altnau_Kreuzlingen District_Thurgau_CH,Altnau,CH,47.608554805224,9.2642775364628
Altoona_Polk County_Iowa_US,Altoona,US,41.600643002753,-93.427739137229
Alvorada_Alvorada_Tocantins_BR,Alvorada,BR,-12.179929819529,-48.408418261288
Alyangula_NaN_Northern Territory_AU,Alyangula,AU,-13.939556041674,136.44320188441
Alytus_Alytus_Alytaus apskritis_LT,Alytus,LT,54.45009073999972,24.04369833002646
Amantea_Provincia di Cosenza_Calabria_IT,Amantea,IT,39.112586117905,16.077963751616
Amargosa_Amargosa_Bahia_BR,Amargosa,BR,-12.812657868439,-39.824424281581
Amarillo_Potter County_Texas_US,Amarillo,US,35.239579075496,-101.93748409332
Amatitan_NaN_Jalisco_MX,Amatitan,MX,20.801131728166,-103.76271487496
Ambalangoda_NaN_Southern_LK,Ambalangoda,LK,6.2851913269842,80.041168406612
Ambam_NaN_South Province_CM,Ambam,CM,2.4044082324391,11.261533493614
Ambanja_NaN_Diana_MG,Ambanja,MG,-13.682980307463,48.452352734848
Ambato Boeny_NaN_Boeny_MG,Ambato Boeny,MG,-16.355719661132,47.00851017083
Ambatondrazaka_NaN_Alaotra Mangoro_MG,Ambatondrazaka,MG,-18.16694173923,48.259448928367
Amberley_Hurunui District_Canterbury_NZ,Amberley,NZ,-42.88086902409564,172.74918248414772
Ambilobe_NaN_Diana_MG,Ambilobe,MG,-13.239425067617,49.806368979768
Ambositra_NaN_Amoron'i Mania_MG,Ambositra,MG,-20.441330320011,47.203211780188
America Dourada_America Dourada_Bahia_BR,America Dourada,BR,-11.497300744448,-41.31441793207
Amerzgane_Ouarzazate_Souss-Massa-Draa_MA,Amerzgane,MA,30.97362821717689,-7.219033319992699
Amherst_Amherst County_Virginia_US,Amherst,US,37.643367012808,-78.975583275138
Amica_Provincia di Cosenza_Calabria_IT,Amica,IT,39.6053618798942,16.679942341337032
Amieva_Province of Asturias_Asturias_ES,Amieva,ES,43.196149218587,-5.1859217455483
Amioun_NaN_Liban-Nord_LB,Amioun,LB,34.318970421791,35.762101871608
Amity_Yamhill County_Oregon_US,Amity,US,45.043122838403,-123.20037842929
Amizmiz_Al-Haouz_Marrakech-Tensift-Al Haouz_MA,Amizmiz,MA,31.167109430842,-8.0914578454774
Amparita_NaN_South Sulawesi_ID,Amparita,ID,-3.9412343701087,119.93917278759
Amta_Haora_West Bengal_IN,Amta,IN,22.47775062992,88.034997356229
Amursk_NaN_Khabarovsk Krai_RU,Amursk,RU,49.850107385505,136.25356016842
An Najaf_NaN_An Najaf_IQ,An Najaf,IQ,32.122811892633,44.324566986542
Anajatuba_Anajatuba_Maranhao_BR,Anajatuba,BR,-3.382759496982312,-44.52493020353799
Anamosa_Jones County_Iowa_US,Anamosa,US,42.05320455684,-91.137072307423
Anandnagar_Maharajganj_Uttar Pradesh_IN,Anandnagar,IN,27.109925860866,83.281718260092
Ananindeua_Ananindeua_Para_BR,Ananindeua,BR,-1.3720661190981,-48.384429029333
Anantapur_Anantapur_Andhra Pradesh_IN,Anantapur,IN,14.726583053825,77.494831387233
Anchorage_Anchorage Municipality_Alaska_US,Anchorage,US,61.137442624015,-149.97702950157
Andenes_Andoy_Nordland_NO,Andenes,NO,69.28087329270369,15.985174883479765
Andijon_NaN_Andijon_UZ,Andijon,UZ,40.933933448992,72.314371374115
Andramasina_NaN_Analamanga_MG,Andramasina,MG,-19.11639903056133,47.56665994146704
Andrews_Andrews County_Texas_US,Andrews,US,32.32049557062791,-102.5956728930238
Aneho_NaN_Maritime_TG,Aneho,TG,6.2459829760394,1.6682539278352
Angaston_Barossa_South Australia_AU,Angaston,AU,-34.637000070506,139.09007169024
Angel Fire_Colfax County_New Mexico_US,Angel Fire,US,36.516016288698,-105.27655877661
Angier_Harnett County_North Carolina_US,Angier,US,35.50728974226,-78.74086308126
Angoram_NaN_East Sepik_PG,Angoram,PG,-4.0022044486916,144.04498515342
Anguil_NaN_La Pampa_AR,Anguil,AR,-36.530842433288,-64.012740748947
Anisoc_NaN_Wele-Nzas_GQ,Anisoc,GQ,1.5930149499367,10.850408441581
Anitapolis_Anitapolis_Santa Catarina_BR,Anitapolis,BR,-27.822119360993,-49.567939529242
Anjirmuara_NaN_South Kalimantan_ID,Anjirmuara,ID,-3.2648118764212,114.51707324547
Anjozorobe_NaN_Analamanga_MG,Anjozorobe,MG,-18.25106222840691,48.26347180403071
Ankazobe_NaN_Analamanga_MG,Ankazobe,MG,-18.047812716312,47.178159520815
Anningqu_NaN_Xinjiang Uygur Zizhiqu_CN,Anningqu,CN,43.933871506585,87.562373572913
Anse La Raye_NaN_Anse-la-Raye_LC,Anse La Raye,LC,13.92850510712,-60.969480753655
Anse a Galets_NaN_Ouest_HT,Anse a Galets,HT,18.80735912078,-72.866039115036
Anse-a-Veau_NaN_Grandans_HT,Anse-a-Veau,HT,18.496654259794,-73.336512444138
Anshan_Anshan Shi_Liaoning_CN,Anshan,CN,41.088485735994,122.99759873368
Ansonia_Darke County_Ohio_US,Ansonia,US,40.266396986261,-84.579904141136
Antananarivo_NaN_Analamanga_MG,Antananarivo,MG,-18.846368796318,47.475531400981
Antanimena_NaN_Atsimo-Andrefana_MG,Antanimena,MG,-23.328420820098,44.30852386275
Anthony_Harper County_Kansas_US,Anthony,US,37.152073965539,-98.034740585161
Antigonish_NaN_Nova Scotia_CA,Antigonish,CA,45.05277261639,-61.991097668344
Antiparos_Nomos Kykladon_South Aegean_GR,Antiparos,GR,36.962370009509,25.054124416243
Antipolo_Province of Nueva Ecija_Central Luzon_PH,Antipolo,PH,15.653236834373,121.2390507385
Antipovka_NaN_Volgograd_RU,Antipovka,RU,49.85797341548811,45.22491935416726
Antofagasta_Provincia de Antofagasta_Antofagasta_CL,Antofagasta,CL,-24.151666003392,-70.314657563858
Antonio Enes_NaN_Nampula_MZ,Antonio Enes,MZ,-15.996718847162,39.602087703406006
Antrim_Hillsborough County_New Hampshire_US,Antrim,US,43.00570034859,-71.931599351125
Antsirabe_NaN_Vakinankaratra_MG,Antsirabe,MG,-19.823870284817,47.062593880206
Antsiranana_NaN_Diana_MG,Antsiranana,MG,-12.324137,49.337178
Antsohihy_NaN_Sofia_MG,Antsohihy,MG,-15.134060885598,47.797750762151
Anuradhapura_NaN_North Central_LK,Anuradhapura,LK,8.3138921327069,80.421221175261
Aomori Shi_NaN_Aomori_JP,Aomori Shi,JP,41.208838026207,140.80042177105
Aourir_Agadir-Ida-ou-Tnan_Souss-Massa-Draa_MA,Aourir,MA,30.498249176859023,-9.668028453798048
Aparecida de Goiania_Aparecida De Goiania_Goias_BR,Aparecida de Goiania,BR,-16.791308440548,-49.317600318596
Apatity_NaN_Murmansk_RU,Apatity,RU,67.588482323293,33.431554570097
Apodaca_NaN_Nuevo Leon_MX,Apodaca,MX,25.753862046511,-100.21885882834
Apollo Bay_Colac-Otway_Victoria_AU,Apollo Bay,AU,-38.771401385106,143.5450963487
Apostoles_Departamento de Apostoles_Misiones_AR,Apostoles,AR,-27.911551736416,-55.700465204486
Appling_Columbia County_Georgia_US,Appling,US,33.649867438981,-82.248133788195
Appomattox_Appomattox County_Virginia_US,Appomattox,US,37.195772714201,-78.809131854052
Aq Qala_NaN_Golestan_IR,Aq Qala,IR,37.419172366388,54.362925565762
Aq Qayeh_NaN_Golestan_IR,Aq Qayeh,IR,37.880094232222,54.740948897273
Aqkoel_Aqkol Audany_Aqmola_KZ,Aqkoel,KZ,52.072060776492,70.998436400685
Aqsu-Ayuly_NaN_Qaraghandy_KZ,Aqsu-Ayuly,KZ,48.778639486327,73.691657148765
Aqtobe_NaN_Aqtoebe_KZ,Aqtobe,KZ,50.231039594617,57.26033129675
Aquiraz_Aquiraz_Ceara_BR,Aquiraz,BR,-3.9553758428028,-38.315641574273
Ar Riqab_NaN_Sidi Bu Zayd_TN,Ar Riqab,TN,35.078705128826,9.8443733843594
Araguaina_Araguaina_Tocantins_BR,Araguaina,BR,-7.7433880855791,-48.450820793227
Arakkonam_Vellore_Tamil Nadu_IN,Arakkonam,IN,12.988937845858,79.676315804763
Arakli_NaN_Trabzon_TR,Arakli,TR,40.935277795008,40.06668076641
Aral_NaN_Qyzylorda_KZ,Aral,KZ,46.493861638098,61.893687499227
Aransas Pass_San Patricio County_Texas_US,Aransas Pass,US,27.946433427674,-97.141209261735
Araraquara_Araraquara_Sao Paulo_BR,Araraquara,BR,-21.730287432035,-48.289362286852
Arauco_Provincia de Arauco_Biobio_CL,Arauco,CL,-37.215010635282,-73.215858440685
Aravankadu_Nilgiri_Tamil Nadu_IN,Aravankadu,IN,11.37468273588,76.755221542651
Arawa_NaN_Bougainville_PG,Arawa,PG,-6.0437234199789,155.39991978494
Araxa_Araxa_Minas Gerais_BR,Araxa,BR,-19.319341331211,-46.839053869073
"Arba Minch'_NaN_Southern Nations, Nationalities, and People's Region_ET",Arba Minch',ET,6.3181766455254,37.510104406035
Arbois_Departement du Jura_Franche-Comte_FR,Arbois,FR,46.943510424973,5.742620673156
Arcachon_Departement de la Gironde_Aquitaine_FR,Arcachon,FR,44.575310859062,-1.2149598084741
Archidona_Provincia de Malaga_Andalusia_ES,Archidona,ES,37.090925656606,-4.3972786825668
Arco_Butte County_Idaho_US,Arco,US,43.44351071716514,-113.59783235076452
Ardrossan_Yorke Peninsula_South Australia_AU,Ardrossan,AU,-34.297897485932,137.96972057572
Are_Are Kommun_Jaemtland_SE,Are,SE,63.495024971971,12.472520465351
Areal_Areal_Rio de Janeiro_BR,Areal,BR,-22.363958211768,-43.127596326477
Areia_Areia_Paraiba_BR,Areia,BR,-7.0384088765051,-35.632330788964
"Areka_NaN_Southern Nations, Nationalities, and People's Region_ET",Areka,ET,7.0235795188744,37.231571511884
Ares_Ares_Rio Grande do Norte_BR,Ares,BR,-6.1933633188334,-35.213368330386
Arevalo_Provincia de Avila_Castille and Leon_ES,Arevalo,ES,41.084418986746,-4.7393369698526
Argana_Taroudannt_Souss-Massa-Draa_MA,Argana,MA,30.790300990002,-9.1351890081721
Arhust_NaN_Central Aimak_MN,Arhust,MN,47.945060693885,107.45424909519
Arias_NaN_Cordoba_AR,Arias,AR,-34.014230161139,-62.274928553459
Arica_Provincia de Arica_Arica y Parinacota_CL,Arica,CL,-18.391764810505,-70.278035612049
Ariqdam_NaN_Gadabay Rayon_AZ,Ariqdam,AZ,40.67596307486754,45.82371656291879
Aristau_Bezirk Muri_Aargau_CH,Aristau,CH,47.297616574095,8.3614129343633
Ariyalur_Ariyalur_Tamil Nadu_IN,Ariyalur,IN,11.112925987475,79.17055936952
Arjeplog_Arjeplogs Kommun_Norrbotten_SE,Arjeplog,SE,66.117378201064,17.436294693558
Arjona_Provincia de Jaen_Andalusia_ES,Arjona,ES,37.93052223973,-4.0823179410065
Arkhangel'sk_NaN_Arkhangelskaya_RU,Arkhangel'sk,RU,64.487087905845,40.575679956414
Armonk_Westchester County_New York_US,Armonk,US,41.13658838097,-73.70157074747
Arnaia_Nomos Chalkidikis_Central Macedonia_GR,Arnaia,GR,40.50207436828208,23.57290805112603
Arnieres-sur-Iton_Departement de l'Eure_Haute-Normandie_FR,Arnieres-sur-Iton,FR,48.967185502821,1.1402259901092
Arno_Norrtalje Kommun_Stockholm_SE,Arno,SE,60.065481334408,18.774006228465
Arquitecto Tomas Romero Pereira_NaN_Itapua_PY,Arquitecto Tomas Romero Pereira,PY,-26.271156995121,-55.202942278956
Arrecife_Provincia de Las Palmas_Canary Islands_ES,Arrecife,ES,28.982103259652,-13.579021220651
Arrifes_Ponta Delgada_Azores_PT,Arrifes,PT,37.809313273746,-25.801219435932
Arroio Grande_Arroio Grande_Rio Grande do Sul_BR,Arroio Grande,BR,-32.722711739556,-52.634151538208
Arrowtown_Queenstown-Lakes District_Otago_NZ,Arrowtown,NZ,-45.058789579738,169.13941205658
Arshan'_NaN_Kalmykiya_RU,Arshan',RU,46.270559499917,44.15667472101
Arta_Illes Balears_Balearic Islands_ES,Arta,ES,39.676268897786,3.3087161699966
Artem_NaN_Primorskiy_RU,Artem,RU,43.359246257006,132.14115751719
Arthur's Town_NaN_Cat Island_BS,Arthur's Town,BS,24.626317338022,-76.155446812299
Arua_Arua District_Northern Region_UG,Arua,UG,3.0733526693466,30.883505813067
Arusha_NaN_Arusha_TZ,Arusha,TZ,-3.3409827201434,36.634861258451
Arvidsjaur_Arvidsjaurs Kommun_Norrbotten_SE,Arvidsjaur,SE,65.583937422862,19.409186774683
Arzano_Provincia di Napoli_Campania_IT,Arzano,IT,40.895737392501,14.255339356785
As Samu`_NaN_West Bank_PS,As Samu`,PS,31.257352286366,35.07283179375
As Sulaymaniyah_NaN_As Sulaymaniyah_IQ,As Sulaymaniyah,IQ,35.632063991638,45.228341440082
As Sulayyil_NaN_Ar Riyad_SA,As Sulayyil,SA,20.467585293017,44.797341944214
As Suwayq_NaN_Al Batinah_OM,As Suwayq,OM,23.71097821374,57.239387148297
As_As_Akershus_NO,As,NO,59.67845265082,10.810504079266
As_Solleftea Kommun_Vaesternorrland_SE,As,SE,63.720372994478,16.159448002613
Asaka_NaN_Andijon_UZ,Asaka,UZ,40.685617826922,72.228475438072
Ascension_NaN_Santa Cruz_BO,Ascension,BO,-16.323752299183,-62.924012101235
Asenovgrad_Obshtina Asenovgrad_Plovdiv_BG,Asenovgrad,BG,41.90927814073,25.002326882884
Asgardstrand_Horten_Vestfold_NO,Asgardstrand,NO,59.342693251894,10.431067424361
Ash Shatrah_NaN_Dhi Qar_IQ,Ash Shatrah,IQ,31.290893143331,46.231346304586
Ash Shaykh `Uthman_Ash Shaikh Outhman_Aden_YE,Ash Shaykh `Uthman,YE,12.897317740629568,45.028949349906526
Ashburton_Ashburton District_Canterbury_NZ,Ashburton,NZ,-43.874212220402,171.68232881991
Ashcroft_Thompson-Nicola Regional District_British Columbia_CA,Ashcroft,CA,50.221515967802,-121.57549588405
Asherton_Dimmit County_Texas_US,Asherton,US,28.553128353552,-99.730231797984
Ashgabat_NaN_Ahal_TM,Ashgabat,TM,37.895636995946,58.316788236669
Ashland_Boone County_Missouri_US,Ashland,US,38.868661888733,-92.267103621199
Ashland_Clark County_Kansas_US,Ashland,US,37.533217361257,-99.71622259115
Ashmyany_NaN_Grodnenskaya_BY,Ashmyany,BY,54.454921121554,25.890965146039
Ashtian_NaN_Markazi_IR,Ashtian,IR,34.406706282712,50.37391213759
Asipovichy_NaN_Mogilev_BY,Asipovichy,BY,53.200885322199,28.697359800492
Asola_Provincia di Mantova_Lombardy_IT,Asola,IT,45.218779904062,10.441776691514
Asosa_Asosa_Binshangul Gumuz_ET,Asosa,ET,10.023458946167493,34.7646799146601
Asotin_Asotin County_Washington_US,Asotin,US,45.997624459285,-117.41158645703
Assiniboia_NaN_Saskatchewan_CA,Assiniboia,CA,49.13894150000009,-106.38503219997224
Assis_Assis_Sao Paulo_BR,Assis,BR,-22.536796550234,-50.300748160351
Assomada_NaN_Santa Catarina_CV,Assomada,CV,15.079125236019522,-23.68224870781971
Assoul_Errachidia_Meknes-Tafilalet_MA,Assoul,MA,31.962761067926,-5.0049830745551
Astambul_NaN_South Kalimantan_ID,Astambul,ID,-3.3726767181448,114.90335191459
Astana_NaN_Astana Qalasy_KZ,Astana,KZ,51.034414816301,71.843532858763
Astaneh-ye Ashrafiyeh_NaN_Gilan_IR,Astaneh-ye Ashrafiyeh,IR,37.248646166749,49.9479964839
Astghadzor_NaN_Geghark'unik'i Marz_AM,Astghadzor,AM,40.12481561009,45.377111488869
Astypalaia_Nomos Dodekanisou_South Aegean_GR,Astypalaia,GR,36.562585633296,26.353794684779
At Tafilah_NaN_Tafielah_JO,At Tafilah,JO,30.860280620446,35.522349786143
At-Bashi_NaN_Naryn_KG,At-Bashi,KG,40.870000703527,76.311555438154
Atakpame_NaN_Plateaux_TG,Atakpame,TG,7.433176387447541,1.1608841007985524
Atambua_NaN_East Nusa Tenggara_ID,Atambua,ID,-9.0611530050126,124.9353109752
Atamyrat_NaN_Lebap_TM,Atamyrat,TM,38.03624430232,64.929604592008
Atasu_NaN_Qaraghandy_KZ,Atasu,KZ,48.671313248416894,71.46300989340207
Atemar_NaN_Mordoviya_RU,Atemar,RU,54.268131006106,45.379347480795
Athens_Mercer County_West Virginia_US,Athens,US,37.448423616731,-80.893103306467
Atherton_Tablelands_Queensland_AU,Atherton,AU,-17.354199780748,145.68268487169
Aticama_San Blas_Nayarit_MX,Aticama,MX,21.515082207769,-105.21633781837
Atico_Provincia de Caraveli_Arequipa_PE,Atico,PE,-16.221825060301,-73.664682629401
Atikokan_Rainy River District_Ontario_CA,Atikokan,CA,49.16349459997223,-90.84243329997224
Atiquipa_Provincia de Caraveli_Arequipa_PE,Atiquipa,PE,-15.746828317332,-74.449876190284
Attapu_NaN_Attapu_LA,Attapu,LA,15.079202600585,106.83385175872
Attigliano_Provincia di Terni_Umbria_IT,Attigliano,IT,42.543579225522,12.259042950957
Attleboro_Bristol County_Massachusetts_US,Attleboro,US,41.952408188321,-71.289566950293
Atyashevo_NaN_Mordoviya_RU,Atyashevo,RU,54.593376444214,46.086720560888
Atyrau_NaN_Atyrau_KZ,Atyrau,KZ,47.155086848772,51.854111677779
Aubiet_Departement du Gers_Midi-Pyrenees_FR,Aubiet,FR,43.79423040551512,0.8249326489862802
Auch_Departement du Gers_Midi-Pyrenees_FR,Auch,FR,43.665105654232,0.56632832985239
Auki_NaN_Malaita_SB,Auki,SB,-8.6759245733194,160.8050177763
Aunay-sous-Auneau_Departement d'Eure-et-Loir_Centre_FR,Aunay-sous-Auneau,FR,48.395458167694,1.8924660250294
Aurlandsvangen_Aurland_Sogn og Fjordane_NO,Aurlandsvangen,NO,60.918268553533,7.1992356326511
Avallon_Departement de l'Yonne_Bourgogne_FR,Avallon,FR,47.472989762615,4.0316366126539
Averill Park_Rensselaer County_New York_US,Averill Park,US,42.603736542143,-73.500967581181
Avilly-Saint-Leonard_Departement de l'Oise_Picardie_FR,Avilly-Saint-Leonard,FR,49.199073734821,2.5227806407511
Avon_Stearns County_Minnesota_US,Avon,US,45.601772222113,-94.462997224208
Axente Sever_Comuna Axente Sever_Sibiu_RO,Axente Sever,RO,46.105939972267,24.225426883808
Aya_NaN_Altai Krai_RU,Aya,RU,51.961199012639,85.846130348652
Ayacucho_Partido de Ayacucho_Buenos Aires_AR,Ayacucho,AR,-37.586186106064,-58.690825159955
Ayagoz_NaN_East Kazakhstan_KZ,Ayagoz,KZ,47.22648738063,80.771900600871
Ayancik_NaN_Sinop_TR,Ayancik,TR,41.917705763419,34.582726637939
Ayni_NaN_Viloyati Sughd_TJ,Ayni,TJ,39.148744403533,68.651098173831
Ayr_Burdekin_Queensland_AU,Ayr,AU,-19.559361111061,147.25769444446
Ayteke Bi_NaN_Qyzylorda_KZ,Ayteke Bi,KZ,45.851542362487,62.530898598389
Ayvalik_NaN_Balikesir_TR,Ayvalik,TR,39.344919682326,26.77126314789
Az Zulfi_NaN_Ar Riyad_SA,Az Zulfi,SA,26.044728649625,44.910077125389
Azagra_Province of Negros Oriental_Central Visayas_PH,Azagra,PH,9.4916666666598,123.14680166667
Azara_NaN_Misiones_AR,Azara,AR,-28.10789114879,-55.716303128166
Azemmour_El-Jadida_Doukkala-Abda_MA,Azemmour,MA,33.236565194612,-8.4066314410148
Azul_Partido de Azul_Buenos Aires_AR,Azul,AR,-36.446940670853,-59.547931138738
Ba_NaN_Western_FJ,Ba,FJ,-17.331478046044,178.20384829492
Babayurt_NaN_Dagestan_RU,Babayurt,RU,43.710155018056,46.714368059957
Babino_NaN_Nizjnij Novgorod_RU,Babino,RU,56.193818455334,43.612886561893
Bacalar_NaN_Quintana Roo_MX,Bacalar,MX,18.610396400000003,-88.43716340000225
Backo Gradiste_NaN_NaN_RS,Backo Gradiste,RS,45.524200027704,20.00828632566
Bacnotan_Province of La Union_Ilocos_PH,Bacnotan,PH,16.753233346267,120.38115668155
Bad Axe_Huron County_Michigan_US,Bad Axe,US,43.960492475691,-83.005921515912
Badeggi_NaN_Niger_NG,Badeggi,NG,8.918795269144,6.0767596829829
Badin_NaN_Sindh_PK,Badin,PK,24.555682491456,68.767558192496
Badiraguato_NaN_Sinaloa_MX,Badiraguato,MX,25.435362671795,-107.60865801871
Badiyah_NaN_Ash Sharqiyah_OM,Badiyah,OM,21.887249353084,58.254841821253
Badou_NaN_Plateaux_TG,Badou,TG,7.848333973707033,0.8242163247962869
Baetov_NaN_Naryn_KG,Baetov,KG,40.549285823923,75.249397542471
Baglar_NaN_Diyarbakir_TR,Baglar,TR,37.914333287604,40.166778547746
Bagua_Provincia de Bagua_Amazonas_PE,Bagua,PE,-5.7082228727238,-78.564219150246
Bah-Bah_Province of Agusan del Sur_Caraga_PH,Bah-Bah,PH,8.6381003161332,125.92429701157
Bahadurganj_Kishanganj_Bihar_IN,Bahadurganj,IN,26.280684935631,87.839844698467
Baharly_NaN_Ahal_TM,Baharly,TM,38.38913638874,56.926642167202
Bahia Blanca_Partido de Bahia Blanca_Buenos Aires_AR,Bahia Blanca,AR,-38.665220803023,-62.243888880539
Bahia de Caraquez_NaN_Manabi_EC,Bahia de Caraquez,EC,-0.59547070418775,-80.424093880663
Baie-Saint-Paul_Capitale-Nationale_Quebec_CA,Baie-Saint-Paul,CA,47.81330100528954,-70.54905935304323
Baikanthpur_Rewa_Madhya Pradesh_IN,Baikanthpur,IN,24.743596992839,81.439458497938
Bail Hongal_Belgaum_Karnataka_IN,Bail Hongal,IN,15.640962357273,74.746413794369
Bainbridge_Decatur County_Georgia_US,Bainbridge,US,31.007778413048,-84.630665438604
Bairiki Village_Tarawa_Gilbert Islands_KI,Bairiki Village,KI,1.3421816110916,172.95707929918
Baise City_NaN_Guangxi Zhuangzu Zizhiqu_CN,Baise City,CN,23.858964300001087,106.73231420000216
Baisha_NaN_Guangdong_CN,Baisha,CN,22.556628682405,113.07469162599
Bakanas_NaN_Almaty Oblysy_KZ,Bakanas,KZ,44.038541523986,76.079091521614
Baker City_Baker County_Oregon_US,Baker City,US,44.621838972409,-117.5008858685
Baker_Fallon County_Montana_US,Baker,US,46.367634910002,-104.27527516808
Bakonycsernye_NaN_Fejer_HU,Bakonycsernye,HU,47.324498096921,18.074423572305
Bakonyszentlaszlo_NaN_Gyor-Moson-Sopron_HU,Bakonyszentlaszlo,HU,47.353257003154,17.830542001336
Bakunase_NaN_East Nusa Tenggara_ID,Bakunase,ID,-10.188789996919,123.58592199849
Bala Murghab_NaN_Badghis_AF,Bala Murghab,AF,35.954771496757,62.786142333803
Balaka_Balaka District_Southern Region_MW,Balaka,MW,-14.984984782253,34.947864842113
Balaklava_Wakefield_South Australia_AU,Balaklava,AU,-34.158611185465,138.42018670319
Balcarce_Partido de Balcarce_Buenos Aires_AR,Balcarce,AR,-37.78752415271,-58.272830211972
Balcatta_Stirling_Western Australia_AU,Balcatta,AU,-31.863841842137,115.82769822903
Balclutha_Clutha District_Otago_NZ,Balclutha,NZ,-46.188586525841,169.79210990799
Baldovinesti_Comuna Baldovinesti_Olt_RO,Baldovinesti,RO,44.350663963594,24.059402227105
Balezino_NaN_Udmurtiya_RU,Balezino,RU,57.852004880017,52.964564111851
Balfour_Gert Sibande District Municipality_Mpumalanga_ZA,Balfour,ZA,-26.746044820999,28.427195440867
Balkanabat_NaN_Balkan_TM,Balkanabat,TM,39.721593948426,54.2101299829
Ballater_Aberdeenshire_Scotland_GB,Ballater,GB,57.059567790149,-3.0664105291215
Ballymena_Ballymena District_Northern Ireland_GB,Ballymena,GB,54.861917611832,-6.2496561984442
Ballymote_Sligo_Connaught_IE,Ballymote,IE,54.084865568681,-8.566016213682
Ballyshannon_County Donegal_Ulster_IE,Ballyshannon,IE,54.53779047433,-8.1394909067076
Balqash_NaN_Qaraghandy_KZ,Balqash,KZ,47.431262884942,74.808592788894
Balsas_Provincia de Chachapoyas_Amazonas_PE,Balsas,PE,-6.7574953624182,-77.888948517446
Bamako_NaN_Bamako_ML,Bamako,ML,12.670297349401,-7.8968960613214
Bambui_Bambui_Minas Gerais_BR,Bambui,BR,-20.018955439831,-45.986086413304
Bamenda_NaN_North-West Province_CM,Bamenda,CM,5.9469856228923,10.165962075085
Ban Chang_NaN_Rayong_TH,Ban Chang,TH,12.837472336219967,101.06958763242808
Ban Dan Lan Hoi_NaN_Sukhothai_TH,Ban Dan Lan Hoi,TH,17.014209130361,99.492518976851
Ban Khao Lak_NaN_Phangnga_TH,Ban Khao Lak,TH,8.5387643065114,98.340383072894
Ban Khok_NaN_Uttaradit_TH,Ban Khok,TH,18.238347372964,101.37663409856
Ban Na Doem_NaN_Surat Thani_TH,Ban Na Doem,TH,8.871724639531,99.298268802592
Ban Na Muang_NaN_Changwat Udon Thani_TH,Ban Na Muang,TH,17.357615415171,102.9507009888
Ban Na San_NaN_Surat Thani_TH,Ban Na San,TH,8.7198951998952,99.334020313641
Ban Nahin_NaN_Bolikhamxai_LA,Ban Nahin,LA,18.14362299255088,104.07841425839132
Ban Nam Yuen_NaN_Chumphon_TH,Ban Nam Yuen,TH,9.8949639155274,98.883423154834
Ban Phaeng_NaN_Nakhon Phanom_TH,Ban Phaeng,TH,18.012906002281,104.20903218627
Ban Phai_NaN_Khon Kaen_TH,Ban Phai,TH,16.057234632788,102.78632262269
Ban Phraek_NaN_Phra Nakhon Si Ayutthaya_TH,Ban Phraek,TH,14.656523758736,100.59473824915
Ban Talat Bueng_NaN_Chon Buri_TH,Ban Talat Bueng,TH,13.041958259462,101.03174044211
Banbalah_NaN_Al Munastir_TN,Banbalah,TN,35.71877495518845,10.816931003275917
Bancali_Provincia di Sassari_Sardinia_IT,Bancali,IT,40.737949182127,8.4828695236262
Bandar 'Abbas_NaN_Hormozgan_IR,Bandar 'Abbas,IR,27.185640966033,56.265771635077
Bandar-e Anzali_NaN_Gilan_IR,Bandar-e Anzali,IR,37.463323229006,49.522426284725
Bandar-e Bushehr_NaN_Bushehr_IR,Bandar-e Bushehr,IR,28.910420390551,50.968891395371
Banderas del Aguila_Durango_Durango_MX,Banderas del Aguila,MX,23.955671635717,-105.03700368025
Bandon_Coos County_Oregon_US,Bandon,US,43.105446385998,-124.41510805731
Bandundu_NaN_Bandundu_CD,Bandundu,CD,-3.3104053089722,17.356558101582
Bang Khon Thi_NaN_Samut Songkhram_TH,Bang Khon Thi,TH,13.461491311964,99.94503269813
Bang Klam_NaN_Songkhla_TH,Bang Klam,TH,7.0800779226893,100.35534919388
Bang Saphan_NaN_Prachuap Khiri Khan_TH,Bang Saphan,TH,11.337304217785,99.482417882514
Bangui_NaN_Bangui_CF,Bangui,CF,4.5685531044457,18.426867217668
Bani Khaddash_NaN_Madanin_TN,Bani Khaddash,TN,33.467952398393,10.265143903691
Banjar Delodrurung_NaN_Bali_ID,Banjar Delodrurung,ID,-8.5253115003497,114.99546527942
Banjarmasin_NaN_South Kalimantan_ID,Banjarmasin,ID,-3.3731175607607,114.58786585207
Banska Stiavnica_Okres Banska Bystrica_Banskobystricky_SK,Banska Stiavnica,SK,48.405163605117,18.856178790898
Bantry_County Cork_Munster_IE,Bantry,IE,51.707768840151,-9.5947290630271
Bao Loc_Thanh Pho Bao Loc_Lam Dong_VN,Bao Loc,VN,11.540569996183,107.81311166315
Baoro_NaN_Nana-Mambere_CF,Baoro,CF,5.615463580604,16.255482615191
Bar Nunn_Natrona County_Wyoming_US,Bar Nunn,US,43.029322700138,-106.79304400442
Bara Bazar_Kolkata_West Bengal_IN,Bara Bazar,IN,22.522089980489,88.328489440147
Baranow Sandomierski_Powiat tarnobrzeski_Subcarpathian Voivodeship_PL,Baranow Sandomierski,PL,50.517603175048,21.60416732261
Baras_Province of Leyte_Eastern Visayas_PH,Baras,PH,11.206111118837,125.02388885868
Barauna_Barauna_Rio Grande do Norte_BR,Barauna,BR,-5.0871932068537,-37.604676523145
Barber_NaN_NaN_CW,Barber,CW,12.350120340000004,-69.1189978613793
Barbil_Kendujhar_Odisha_IN,Barbil,IN,21.667576688897,85.494957573148
Barbourville_Knox County_Kentucky_US,Barbourville,US,36.719172775933416,-83.97509549399945
Barda_NaN_Perm_RU,Barda,RU,56.859713711997,55.919088192802
Bardiya_Bheri Zone_Mid Western_NP,Bardiya,NP,28.34474027582022,81.44032859390268
Bari Sardo_Provincia di Ogliastra_Sardinia_IT,Bari Sardo,IT,39.871197172407,9.6559214275661
Bariarpur_Munger_Bihar_IN,Bariarpur,IN,25.42740616837,86.692741336831
Barichara_NaN_Santander_CO,Barichara,CO,6.6779680474328,-73.239144250884
Barling_Sebastian County_Arkansas_US,Barling,US,35.362650806171,-94.303228890433
Barmer_Barmer_Rajasthan_IN,Barmer,IN,26.225056114691,71.220326912824
Barmera_Berri and Barmera_South Australia_AU,Barmera,AU,-34.263828292635,140.48280583076
Barnesville_Clay County_Minnesota_US,Barnesville,US,46.612160901032,-96.351394539841
Barnitz_NaN_Schleswig-Holstein_DE,Barnitz,DE,53.805813304096,10.505757730894
Baroueli_NaN_Segou_ML,Baroueli,ML,13.562101501521,-6.9386079264604
Barra Bonita_Barra Bonita_Sao Paulo_BR,Barra Bonita,BR,-22.49068297229,-48.540051758919
Barranca_Barranca_Lima_PE,Barranca,PE,-10.730957112338,-77.77731384526
Barranco_NaN_Bocas del Toro_PA,Barranco,PA,9.72723058774,-82.838995810036
Barreiras_Barreiras_Bahia_BR,Barreiras,BR,-12.106239956438,-45.311001595438
Barro_Lavras Da Mangabeira_Ceara_BR,Barro,BR,-6.7449049179167,-38.803632102464
Barsovo_NaN_Khanty-Mansiyskiy Avtonomnyy Okrug_RU,Barsovo,RU,61.34529191254,73.083007442951
Barsukovskaya_NaN_Stavropol'skiy_RU,Barsukovskaya,RU,44.717300223465,41.786803567845
Bartin_NaN_Bartin_TR,Bartin,TR,41.670348861354,32.362196572528
Baruta_Municipio Baruta_Miranda_VE,Baruta,VE,10.435609506345,-66.925026012481
Baryatino_NaN_Kaluga_RU,Baryatino,RU,54.504976696476,34.478532701071
Bas Goynuk_NaN_Shaki Rayon_AZ,Bas Goynuk,AZ,41.279313247534,47.00331786409
Bassar_Prefecture de Bassar_Kara_TG,Bassar,TG,9.305152279392,0.40971087488945
Basse Santa Su_NaN_Upper River_GM,Basse Santa Su,GM,13.312177154226,-14.224336698897
Bata_Obshtina Pomorie_Burgas_BG,Bata,BG,42.795798071047,27.600346864193
Batan_Canton de Matina_Limon_CR,Batan,CR,10.075381795082,-83.388665832414
Batangas_Province of Batangas_Calabarzon_PH,Batangas,PH,13.786357126113,121.07165052295
Batemans Bay_Eurobodalla_New South Wales_AU,Batemans Bay,AU,-35.510219890261,150.22527729376
Batetskiy_NaN_Novgorod_RU,Batetskiy,RU,58.842251783018106,30.71928108476936
Bath_Steuben County_New York_US,Bath,US,42.32430409029,-77.303014579468
Batroun_NaN_Liban-Nord_LB,Batroun,LB,34.228059606442,35.656172610921
Bauchi_NaN_Bauchi_NG,Bauchi,NG,10.31829418299026,9.808765611838158
Bauru_Bauru_Sao Paulo_BR,Bauru,BR,-22.459853628236488,-49.19113230713559
Bawku_NaN_Upper East_GH,Bawku,GH,11.12275105105,-0.019812145505935
Bay Minette_Baldwin County_Alabama_US,Bay Minette,US,30.849261690523,-87.677606299569
Bay Roberts_NaN_Newfoundland and Labrador_CA,Bay Roberts,CA,47.447555492694,-53.419700102781
Bayan_NaN_East Aimak_MN,Bayan,MN,47.79351825392904,112.67241474289716
Bayandelger_NaN_Central Aimak_MN,Bayandelger,MN,47.769038587077,108.37966205502
Bayerisch Eisenstein_Lower Bavaria_Bavaria_DE,Bayerisch Eisenstein,DE,49.14158025147,13.150176887765
Bayganin_NaN_Aqtoebe_KZ,Bayganin,KZ,48.694008688065,55.905321750512
Bayji_NaN_Salah ad Din Governorate_IQ,Bayji,IQ,34.89943678858,43.499378193816
Bayramaly_NaN_Mary_TM,Bayramaly,TM,38.225531092363,62.909769815587
Bcharre_NaN_Liban-Nord_LB,Bcharre,LB,34.239378039071,35.99816122308
Beaminster_Dorset_England_GB,Beaminster,GB,50.789008776989,-2.7398887541903
Bear Creek_Kenai Peninsula Borough_Alaska_US,Bear Creek,US,60.521260305767,-149.66167278887
Beatty_Nye County_Nevada_US,Beatty,US,37.017467804095,-117.4199015869
Beaulon_Departement de l'Allier_Auvergne_FR,Beaulon,FR,46.629455294892,3.709804747698
Beauquesne_Departement de la Somme_Picardie_FR,Beauquesne,FR,50.152868139088,2.4863346408899
Beausejour_NaN_Manitoba_CA,Beausejour,CA,50.475391817817,-96.537838321997
Beavercreek_Clackamas County_Oregon_US,Beavercreek,US,45.304986536104,-122.56547662894
Beberibe_Beberibe_Ceara_BR,Beberibe,BR,-4.1969377519697,-38.128181540525
Becancour_Mauricie_Quebec_CA,Becancour,CA,46.5430888888889,-72.34819722222221
Bechar_NaN_Bechar_DZ,Bechar,DZ,31.628253935041,-2.2041812159571
Beersheba_NaN_Southern District_IL,Beersheba,IL,31.224177325924,34.833819127076
Begonte_Provincia de Lugo_Galicia_ES,Begonte,ES,43.193937941699,-7.7410859497259
Begoro_NaN_Eastern_GH,Begoro,GH,6.2610197547871,-0.41996941700506
Beheira_NaN_Al Buhayrah_EG,Beheira,EG,30.29095641006,30.596186437409
Behshahr_NaN_Mazandaran_IR,Behshahr,IR,36.74059139083,53.426656010778
Beira Rio_Oliveira Dos Brejinhos_Bahia_BR,Beira Rio,BR,-12.161580678247,-42.854573216354
Beira_NaN_Sofala_MZ,Beira,MZ,-19.629358847862,35.203421033263
Beja_Beja_Beja_PT,Beja,PT,37.95586851723,-7.8787243515062
Beja_NaN_Bajah_TN,Beja,TN,36.697803505214,9.3451794898781
Bela Vista de Goias_Bela Vista De Goias_Goias_BR,Bela Vista de Goias,BR,-17.14204171654572,-48.67493505601885
Bela-Bela_Waterberg District Municipality_Limpopo_ZA,Bela-Bela,ZA,-24.838959711386,28.401658157772
Belaya Glina_NaN_Krasnodarskiy_RU,Belaya Glina,RU,46.141518670656,40.849354550258
Beled_NaN_Gyor-Moson-Sopron_HU,Beled,HU,47.47018924501,17.077135278243
Belem do Brejo do Cruz_Belem Do Brejo Do Cruz_Paraiba_BR,Belem do Brejo do Cruz,BR,-6.3220983319043,-37.510443333784
Belem_Belem_Para_BR,Belem,BR,-1.4005698569088,-48.47074708992
Belen de los Andaquies_NaN_Caqueta_CO,Belen de los Andaquies,CO,1.4228670778115,-75.86983301986
Belen_NaN_Rivas_NI,Belen,NI,11.630843866112,-85.905429943952
Bellary_Bellary_Karnataka_IN,Bellary,IN,15.190648152761,76.794886388497
Bellavista_Provincia de Jaen_Cajamarca_PE,Bellavista,PE,-5.7791532361752,-78.698828217348
Belle Fourche_Butte County_South Dakota_US,Belle Fourche,US,44.773542958348,-103.99346573468
Belleville_Republic County_Kansas_US,Belleville,US,39.766330654677,-97.763296821629
Bells Corners_NaN_Ontario_CA,Bells Corners,CA,45.408680800032,-75.965363591925
Bellusco_Provincia di Monza e Brianza_Lombardy_IT,Bellusco,IT,45.614658800775,9.402575766844
Belmont South_Lake Macquarie Shire_New South Wales_AU,Belmont South,AU,-33.094401171278,151.6372879062
Beloretsk_NaN_Bashkortostan_RU,Beloretsk,RU,53.913316377756,58.457686032438
Belovodskoye_NaN_Chuy_KG,Belovodskoye,KG,42.842178055556,74.006353055556
Beloyarsk_NaN_Altai Krai_RU,Beloyarsk,RU,53.452222251089,83.936733608768
Belton_Bell County_Texas_US,Belton,US,31.04671912184,-97.471129677336
Belzec_Powiat tomaszowski_Lublin Voivodeship_PL,Belzec,PL,50.410322335396,23.428899216268
Belzoni_Humphreys County_Mississippi_US,Belzoni,US,33.02309822637,-90.637380097274
Benalla_Benalla_Victoria_AU,Benalla,AU,-36.692944040037,146.0962778292
Benamocarra_Provincia de Malaga_Andalusia_ES,Benamocarra,ES,36.748630133337,-4.1589212502264
Bengkulu_NaN_Bengkulu_ID,Bengkulu,ID,-3.9387356638333166,102.40751450182302
Benguela_NaN_Benguela_AO,Benguela,AO,-12.985213968539,13.637034343004
Benhao_NaN_Hainan_CN,Benhao,CN,18.645304005256005,109.9532483048
Beni Mester_NaN_Tlemcen_DZ,Beni Mester,DZ,34.912149618444,-1.525291118415
Benissoda_Provincia de Valencia_Valencia_ES,Benissoda,ES,38.83056971471346,-0.5172717486092792
Benjamin_Knox County_Texas_US,Benjamin,US,33.583946175178,-99.800605762099
Bennsville_Charles County_Maryland_US,Bennsville,US,38.611298129214,-77.011907420854
Benton_Saline County_Arkansas_US,Benton,US,34.553554687085,-92.620963122563
Bentong Town_NaN_Pahang_MY,Bentong Town,MY,3.464614399049,101.98123716023
Berdsk_NaN_Novosibirsk_RU,Berdsk,RU,54.698476717083,83.196954914723
Berdyaush_NaN_Chelyabinsk_RU,Berdyaush,RU,55.110801509133,59.315847908629
Berezayka_NaN_Tverskaya_RU,Berezayka,RU,58.058704603966,33.760068371095
Berezniki_NaN_Perm_RU,Berezniki,RU,59.418388175,56.864100693182
Bergharen_Gemeente Wijchen_Gelderland_NL,Bergharen,NL,51.878922812304,5.6862288009002
Berkenbruck_NaN_Brandenburg_DE,Berkenbruck,DE,52.32220159399,14.203530393717
Berlin_NaN_Usulutan_SV,Berlin,SV,13.601553900711236,-88.6238075200675
Berlin_Worcester County_Maryland_US,Berlin,US,38.247355618628,-75.289607665517
Bermagui_Bega Valley_New South Wales_AU,Bermagui,AU,-36.319907719397,150.06693941292
Bernardo de Irigoyen_NaN_Misiones_AR,Bernardo de Irigoyen,AR,-26.342939586793268,-53.87883051225236
Bernau bei Berlin_NaN_Brandenburg_DE,Bernau bei Berlin,DE,52.643679133741,13.630342137186
Berriane_NaN_Ghardaia_DZ,Berriane,DZ,32.833130010631,4.016638309183
Berrigan_Berrigan_New South Wales_AU,Berrigan,AU,-35.430166666751,145.88191666985
Bertoua_NaN_East_CM,Bertoua,CM,4.5783612886706,13.701149066047
Bertsch-Oceanview_Del Norte County_California_US,Bertsch-Oceanview,US,41.762045008708,-124.16266305181
Bessancourt_Departement du Val-d'Oise_Ile-de-France_FR,Bessancourt,FR,49.034607560712,2.1970439247039
Bestepe_Comuna Bestepe_Tulcea_RO,Bestepe,RO,45.113120080743,28.985944210176
Bestwina_Powiat bielski_Silesian Voivodeship_PL,Bestwina,PL,49.872827862525,19.049110440378
Bethany_Oklahoma County_Oklahoma_US,Bethany,US,35.512276335203,-97.675198334325
Bethel_Madison County_Ohio_US,Bethel,US,39.744687825455,-83.349766383795
Betio Village_Tarawa_Gilbert Islands_KI,Betio Village,KI,1.3551115736759,172.93114697857
Betioky_NaN_Atsimo-Andrefana_MG,Betioky,MG,-23.368187989576,44.407099771571
Betlitsa_NaN_Kaluga_RU,Betlitsa,RU,54.224106595257,33.66284833798
Beverley_Beverley_Western Australia_AU,Beverley,AU,-32.035138880339,117.06755555129
Bezhetsk_NaN_Tverskaya_RU,Bezhetsk,RU,57.621417092141,36.373438760684
Bhachau_Kachchh_Gujarat_IN,Bhachau,IN,23.308204673191,70.503199108316
Bhagalpur_Bhagalpur_Bihar_IN,Bhagalpur,IN,25.253771040239,87.002762419498
Bhan_NaN_Sindh_PK,Bhan,PK,26.48420247848124,67.66076824451922
Bharatpur_Narayani Zone_Central Region_NP,Bharatpur,NP,27.861405020738,84.574227220088
Bhavnagar_Bhavnagar_Gujarat_IN,Bhavnagar,IN,21.76504104696566,72.12770706740756
Bhim Tal_Naini Tal_Uttarakhand_IN,Bhim Tal,IN,29.342676951561,79.558440123342
Bhuj_Kachchh_Gujarat_IN,Bhuj,IN,23.092864602894,69.518827191105
Bi'r `Ali Bin Khalifah_NaN_Safaqis_TN,Bi'r `Ali Bin Khalifah,TN,34.90453610266686,10.220779377207824
Bibai_NaN_Hokkaido_JP,Bibai,JP,43.297133042704,141.85018301742
Bibione_Provincia di Venezia_Veneto_IT,Bibione,IT,45.64786937116,13.011671579276
Bida_NaN_Niger_NG,Bida,NG,8.9312735126463,6.0323174780897
Big Sky_Gallatin County_Montana_US,Big Sky,US,45.319427802491,-111.1822118355
Biga_Province of Bulacan_Central Luzon_PH,Biga,PH,13.322158,121.177328
Biganos_Departement de la Gironde_Aquitaine_FR,Biganos,FR,44.621166887553,-0.96892000482834
Biggar_South Lanarkshire_Scotland_GB,Biggar,GB,55.673907586893,-3.5173490093805
Bigoudine_Taroudannt_Souss-Massa-Draa_MA,Bigoudine,MA,30.694765688262,-9.2219977512634
Biharea_Comuna Biharea_Bihor_RO,Biharea,RO,47.123943183648,21.899014971828
Bihoro_NaN_Hokkaido_JP,Bihoro,JP,43.824994365656,144.11505076337
Bijelo Polje_NaN_Bijelo Polje_ME,Bijelo Polje,ME,43.038746540172,19.752193959111
Bilaspur_Bilaspur_Himachal Pradesh_IN,Bilaspur,IN,31.353099718059,76.804742157071
Bilbays_NaN_Eastern Province_EG,Bilbays,EG,30.402365656817,31.513819109228
Billund_Billund Kommune_South Denmark_DK,Billund,DK,55.79335453718,9.1568894929367
Bilma_NaN_Agadez_NE,Bilma,NE,18.5686936,12.2902932
Biloela_Banana_Queensland_AU,Biloela,AU,-24.769986143056176,151.19673703226354
Binanga_NaN_North Sumatra_ID,Binanga,ID,1.2644328313162,99.745127239314
Binatli_NaN_Batman_TR,Binatli,TR,37.848548363503,41.185703171766
Binkolo_NaN_Northern Province_SL,Binkolo,SL,9.12168830069212,-12.113423397426187
Bir el Djir_NaN_Oran_DZ,Bir el Djir,DZ,35.709048566758,-0.51781008620343
Bira_NaN_Jewish Autonomous Oblast_RU,Bira,RU,49.02969584290451,132.32015152641188
Birakan_NaN_Jewish Autonomous Oblast_RU,Birakan,RU,49.06147499999999,131.64082305555556
Birdwood_Adelaide Hills_South Australia_AU,Birdwood,AU,-34.878693333197,138.95087076501
Birendranagar_NaN_Mid Western_NP,Birendranagar,NP,28.595507300001533,81.62246990000153
Birkhadem_NaN_Alger_DZ,Birkhadem,DZ,36.718055588683,3.0792382282264
Birni N Konni_NaN_Tahoua_NE,Birni N Konni,NE,13.805600700001618,5.269544500000003
Birnin Gaoure_NaN_Dosso_NE,Birnin Gaoure,NE,13.21079487882313,2.909365605511194
Bisee_NaN_Castries Quarter_LC,Bisee,LC,14.002776933402,-60.906423157675
Bishkek_NaN_Chuy_KG,Bishkek,KG,42.741772651552,74.554382606472
Bishkul_NaN_Soltustik Qazaqstan_KZ,Bishkul,KZ,54.931294688213,68.605400250459
Bishoftu_NaN_Oromiya_ET,Bishoftu,ET,8.840920049342357,38.82532963752564
Bismarck_Burleigh County_North Dakota_US,Bismarck,US,46.831262292169,-100.73523986962
Bissora_NaN_Oio_GW,Bissora,GW,12.174913799999995,-15.72371489997222
Bitlis_NaN_Bitlis_TR,Bitlis,TR,38.424483210495,42.126261516665
Bjarnum_Hassleholms Kommun_Skane_SE,Bjarnum,SE,56.223307823576,13.588749712612
Bjasta_OErnskoeldsviks Kommun_Vaesternorrland_SE,Bjasta,SE,63.252288590334,18.51897796784
Bjerringbro_Viborg Kommune_Central Jutland_DK,Bjerringbro,DK,56.455938039128,9.6233202056503
Bjornevatn_Sor-Varanger_Finnmark Fylke_NO,Bjornevatn,NO,69.747222940417,29.777381038665
Bjurholm_Bjurholms Kommun_Vaesterbotten_SE,Bjurholm,SE,63.818498990271,18.826900987038
Black Mountain_Sunshine Coast_Queensland_AU,Black Mountain,AU,-26.37813233008665,152.84990432223998
Black Rock_McKinley County_New Mexico_US,Black Rock,US,34.507985084872445,-108.3845999669722
Blackfalds_NaN_Alberta_CA,Blackfalds,CA,52.429107462945,-113.81903110149
Blackfoot_Bingham County_Idaho_US,Blackfoot,US,43.177179427529,-112.38242533539
Blackwater_Central Highlands_Queensland_AU,Blackwater,AU,-23.585665015826,148.81621296057
Bladel_Gemeente Bladel en Netersel_North Brabant_NL,Bladel,NL,51.349723948614,5.2124510509346
Blagodatnoye_NaN_Primorskiy_RU,Blagodatnoye,RU,44.1611858341,132.00100752363
Blagoveshchensk_NaN_Amur_RU,Blagoveshchensk,RU,50.25109698488512,127.57849123371868
Blagoveshchensk_NaN_Bashkortostan_RU,Blagoveshchensk,RU,55.043446002411,56.048668819849
Blair_Washington County_Nebraska_US,Blair,US,41.509238340411,-96.229986210126
Blakely_Early County_Georgia_US,Blakely,US,31.465180175597,-84.997924781147
Blanding_San Juan County_Utah_US,Blanding,US,37.527265962942,-109.62778534055
Blaye_Departement de la Gironde_Aquitaine_FR,Blaye,FR,45.10770378177117,-0.650614970750833
Blenheim_Marlborough District_Marlborough_NZ,Blenheim,NZ,-41.757257997197,174.22246700218
Bloomer_Chippewa County_Wisconsin_US,Bloomer,US,45.178303042104,-91.535381479368
Bloomfield_San Juan County_New Mexico_US,Bloomfield,US,36.545863951109,-107.97254728752
Bloro_NaN_East Nusa Tenggara_ID,Bloro,ID,-8.6821185507834,122.16329109874
Bluefields_NaN_Atlantico Sur_NI,Bluefields,NI,11.986476480685,-83.840839311946
Bluewater_NaN_Ontario_CA,Bluewater,CA,43.583970351549,-81.578320638054
Blufi_Palermo_Sicily_IT,Blufi,IT,37.746133728778,14.069083053892
Bo Phloi_NaN_Kanchanaburi_TH,Bo Phloi,TH,14.315493824079,99.558128375307
Boa Vista_Boa Vista_Roraima_BR,Boa Vista,BR,2.8181892816076,-60.719775963724
Boali_NaN_Ombella-Mpoko_CF,Boali,CF,4.8784917260846,18.000642056903
Bobo-Dioulasso_Province du Houet_High-Basins_BF,Bobo-Dioulasso,BF,11.134841548192,-4.3095755418917
Bocaiuva_Bocaiuva_Minas Gerais_BR,Bocaiuva,BR,-17.11415701504232,-43.82117125930417
Bodenkirchen_Lower Bavaria_Bavaria_DE,Bodenkirchen,DE,48.355179073313,12.397014782449
Bodinayakkanur_Theni_Tamil Nadu_IN,Bodinayakkanur,IN,9.9862685687644,77.210946564313
"Boditi_NaN_Southern Nations, Nationalities, and People's Region_ET",Boditi,ET,6.625285359781508,37.87077542465003
Boggabilla_Moree Plains_New South Wales_AU,Boggabilla,AU,-28.748722235009,150.41974999307
Boguchany_NaN_Krasnoyarskiy_RU,Boguchany,RU,58.385771777437,97.496436405001
Boguchar_NaN_Voronezj_RU,Boguchar,RU,49.96902916256,40.496563580945
Bohle Plains_Townsville_Queensland_AU,Bohle Plains,AU,-19.782333333333,146.82613888889
Bojnurd_NaN_Khorasan-e Shomali_IR,Bojnurd,IR,37.50281374621687,57.53713149091698
Bokani_NaN_Niger_NG,Bokani,NG,9.5187934796701,5.4012549695153
Bokombayevskoye_NaN_Ysyk-Koel_KG,Bokombayevskoye,KG,42.120601346557,76.90040069787
Boksitogorsk_NaN_Leningrad_RU,Boksitogorsk,RU,59.56364254398584,33.92443630706541
Bol_NaN_Splitsko-Dalmatinska_HR,Bol,HR,43.316459128561,16.683226981142
Boleslawiec_Powiat boleslawiecki_Lower Silesian Voivodeship_PL,Boleslawiec,PL,51.314027402351,15.585624302947
Bolgatanga_NaN_Upper East_GH,Bolgatanga,GH,10.753896258584,-0.86161958344229
Boliden_Skelleftea Kommun_Vaesterbotten_SE,Boliden,SE,64.80743083333333,20.347777222222224
Bolikhan_NaN_Bolikhamxai_LA,Bolikhan,LA,18.74544462143,103.67237486292
Boliqueime_Loule_Faro_PT,Boliqueime,PT,37.243376702679,-8.119046565075
Bologne_Departement de la Haute-Marne_Champagne-Ardenne_FR,Bologne,FR,48.19210632758,5.132911084337
Bom Despacho_Bom Despacho_Minas Gerais_BR,Bom Despacho,BR,-19.785816998368,-45.167834496793
Bombala_Bombala_New South Wales_AU,Bombala,AU,-36.796499999506,149.28269444675
Bonavista_NaN_Newfoundland and Labrador_CA,Bonavista,CA,48.65604542665236,-53.09931146740134
Bondo_NaN_Eastern Province_CD,Bondo,CD,3.573379476978,23.72612110508
Bondurant_Polk County_Iowa_US,Bondurant,US,41.688521353762,-93.46317638229
Boneh-ye Hoseyn Kaluli_NaN_Khuzestan_IR,Boneh-ye Hoseyn Kaluli,IR,32.28629709292164,48.43079417198694
"Bonga_NaN_Southern Nations, Nationalities, and People's Region_ET",Bonga,ET,7.1129409576826,36.663259469629
Bongor_NaN_Mayo-Kebbi Est_TD,Bongor,TD,10.562740589584,15.579491988911
Bonneauville_Adams County_Pennsylvania_US,Bonneauville,US,39.883138706807,-77.138214021329
Bonnet Bay_Sutherland Shire_New South Wales_AU,Bonnet Bay,AU,-34.007740746084,151.05052389543
Bonpland_NaN_Corrientes_AR,Bonpland,AR,-29.765820269287,-57.367969123467
Bonriki Village_Tarawa_Gilbert Islands_KI,Bonriki Village,KI,1.3837357927622,173.14283438926
Bony_NaN_Gyor-Moson-Sopron_HU,Bony,HU,47.702384799693,17.874992018478
Booneville_Logan County_Arkansas_US,Booneville,US,35.181051974871,-93.927826526725
Boonville_Mendocino County_California_US,Boonville,US,39.026173173781,-123.38179634785
Bordertown_Tatiara_South Australia_AU,Bordertown,AU,-36.260001049745,140.68723537975
Bording Kirkeby_Ikast-Brande Kommune_Central Jutland_DK,Bording Kirkeby,DK,56.016008709682,9.3533920967698
Borgarnes_NaN_West_IS,Borgarnes,IS,64.925304025437,-21.53483539127
Borgholm_Borgholms Kommun_Kalmar_SE,Borgholm,SE,57.243818067415,16.990339323751
Borino_Obshtina Borino_Smolyan_BG,Borino,BG,41.652194986937,24.340685983256
Borki_Powiat radzynski_Lublin Voivodeship_PL,Borki,PL,51.793037138043,22.527616608893
Borovichi_NaN_Novgorod_RU,Borovichi,RU,58.379639332921,33.903744602048
Bortigiadas_Provincia di Olbia-Tempio_Sardinia_IT,Bortigiadas,IT,40.875569928224,9.0397767588745
Bosansko Grahovo_NaN_Federation of Bosnia and Herzegovina_BA,Bosansko Grahovo,BA,44.37760655486556,16.324489679736796
Botelhos_Botelhos_Minas Gerais_BR,Botelhos,BR,-21.645799703354,-46.368505621431
Bou Attouche_NaN_Qabis_TN,Bou Attouche,TN,33.817589042613,9.5217923828281
Bou Tlelis_NaN_Oran_DZ,Bou Tlelis,DZ,35.601817200181,-0.90886038091785
Bouar_NaN_Nana-Mambere_CF,Bouar,CF,5.7988174489314,15.151312839046
Bouira_NaN_Bouira_DZ,Bouira,DZ,36.424839639524,3.920817022948
Boukhalef_Tanger-Assilah_Tanger-Tetouan_MA,Boukhalef,MA,35.786417959431,-5.8848890787483
Boulder_Kalgoorlie/Boulder_Western Australia_AU,Boulder,AU,-31.032583334986,121.30849999334
Bourg_Terrebonne Parish_Louisiana_US,Bourg,US,29.525673251523,-90.59920423051
Bourke_Bourke_New South Wales_AU,Bourke,AU,-29.235333335237,145.84955555238
Bovina_Parmer County_Texas_US,Bovina,US,34.632657721055,-103.07707481944
Bowen_Whitsunday_Queensland_AU,Bowen,AU,-19.92039239459,147.83052077655
Bowenfels_Lithgow_New South Wales_AU,Bowenfels,AU,-33.517444446369,150.07133332906
Bowling Green_Warren County_Kentucky_US,Bowling Green,US,37.055162451683,-86.588873804367
Box Elder_Pennington County_South Dakota_US,Box Elder,US,43.805497282209,-102.56038436098
Boyalik_NaN_Istanbul_TR,Boyalik,TR,41.271811637788,28.60941059915
Boyceville_Dunn County_Wisconsin_US,Boyceville,US,44.953683318692,-92.094388853077
Boyne City_Charlevoix County_Michigan_US,Boyne City,US,45.093787032659,-84.887947659917
Boyolali_NaN_Central Java_ID,Boyolali,ID,-7.5368892567871,110.64258493938
Bradford_Penobscot County_Maine_US,Bradford,US,45.179968127032,-68.877096198987
Brady_McCulloch County_Texas_US,Brady,US,31.065008383314,-99.267974773608
Bragado_Partido de Bragado_Buenos Aires_AR,Bragado,AR,-35.113889718099,-60.419650415528
Brandon_Rutland County_Vermont_US,Brandon,US,43.940573553287,-72.960238632854
Brandsen_Partido de Brandsen_Buenos Aires_AR,Brandsen,AR,-35.190708186639,-58.358337786435
Branson_Taney County_Missouri_US,Branson,US,36.714269958541,-93.276139512243
Branszczyk_Powiat wyszkowski_Masovian Voivodeship_PL,Branszczyk,PL,52.656384222189,21.572273325983
Branxton_Cessnock_New South Wales_AU,Branxton,AU,-32.480194444312,151.43308333374
Bras_Departement du Var_Provence-Alpes-Cote d'Azur_FR,Bras,FR,43.444143871346,5.9449640149461
Brasilia de Minas_Brasilia De Minas_Minas Gerais_BR,Brasilia de Minas,BR,-16.092949697753212,-44.61873949436824
Bratsk_NaN_Irkutsk_RU,Bratsk,RU,56.296224074082,101.76786194823
Bredbyn_OErnskoeldsviks Kommun_Vaesternorrland_SE,Bredbyn,SE,63.431467178384,18.194187363461
Brejinho_Brejinho_Rio Grande do Norte_BR,Brejinho,BR,-6.2596315496423,-35.32917200645
Bretcu_Comuna Bretcu_Covasna_RO,Bretcu,RO,45.97218317766309,26.44868606901945
Brewarrina_Brewarrina_New South Wales_AU,Brewarrina,AU,-29.988888937549,146.86652777586
Brezovo_Obshtina Brezovo_Plovdiv_BG,Brezovo,BG,42.204985442283,25.101396506819
Briceni_NaN_Briceni_MD,Briceni,MD,48.34902314836,27.215578886763
Bridgeport_Morrill County_Nebraska_US,Bridgeport,US,41.688254749022,-103.09773019514
Bridgewater_Brighton_Tasmania_AU,Bridgewater,AU,-42.503520274691,147.38028041346
Brighton_Adams County_Colorado_US,Brighton,US,39.967439872758,-104.83040580592
Brikama Nding_NaN_Central River_GM,Brikama Nding,GM,13.539448400934,-14.936202533565
Brits_Bojanala Platinum District Municipality_North-West_ZA,Brits,ZA,-25.653085338557,27.87791384957
Broby_Ostra Goinge Kommun_Skane_SE,Broby,SE,56.24530026229,14.063098061559
Brockville_NaN_Ontario_CA,Brockville,CA,44.576021770547,-75.704848709673
Brockway_Jefferson County_Pennsylvania_US,Brockway,US,41.212205664309,-78.794877811197
Broken Hill_Broken Hill Municipality_New South Wales_AU,Broken Hill,AU,-32.016305517731,141.27025003264
Bromont_Monteregie_Quebec_CA,Bromont,CA,45.316927204631,-72.643831828129
Bronson_Branch County_Michigan_US,Bronson,US,41.755629999709,-85.160503305202
Bronte_Catania_Sicily_IT,Bronte,IT,37.729187953309,14.831811641228
Brooks_NaN_Alberta_CA,Brooks,CA,50.705819444317,-111.96438333453
Brooksville_Noxubee County_Mississippi_US,Brooksville,US,33.292562507326,-88.554867517988
Broome_Broome_Western Australia_AU,Broome,AU,-17.855833336333,122.45902777128
Brossard_Monteregie_Quebec_CA,Brossard,CA,45.38952110053,-73.405932714314
Brostadbotn_Dyroy_Troms_NO,Brostadbotn,NO,69.07471752913038,17.547243786226236
Brotas_Brotas_Sao Paulo_BR,Brotas,BR,-22.291136004897574,-48.04273530867511
Broughton Astley_Leicestershire_England_GB,Broughton Astley,GB,52.507255778284,-1.2506877985356
Broulee_Eurobodalla_New South Wales_AU,Broulee,AU,-35.802913880129,150.22281110472
Brown Hill_NaN_Victoria_AU,Brown Hill,AU,-37.335899126918,143.9479316292
Brownfield_Terry County_Texas_US,Brownfield,US,33.182490972435,-102.45509643917
Brownsville_Linn County_Oregon_US,Brownsville,US,44.39354716528,-122.98449420669
Brownsweg_NaN_Brokopondo_SR,Brownsweg,SR,4.2563733888889,-55.44795225
Bruhagen_Averoy_More og Romsdal_NO,Bruhagen,NO,63.012291179251,7.5473270620232
Brumado_Brumado_Bahia_BR,Brumado,BR,-14.164791767758,-41.537470369483
Brunflo_OEstersunds Kommun_Jaemtland_SE,Brunflo,SE,62.926267974219,14.844004711012
Brunswick_Columbus County_North Carolina_US,Brunswick,US,34.302425116915,-78.719339359837
Brusque_Brusque_Santa Catarina_BR,Brusque,BR,-27.190421542014,-49.064607466126
Brzesc Kujawski_Powiat wloclawski_Kujawsko-Pomorskie_PL,Brzesc Kujawski,PL,52.5907651569,18.989647837286
Brzeziny_Powiat brzezinski_Lodz Voivodeship_PL,Brzeziny,PL,51.802244438243,19.727956412894
Bucak_NaN_Burdur_TR,Bucak,TR,37.457204383856,30.560549135318
Bucaramanga_NaN_Santander_CO,Bucaramanga,CO,7.113556651852,-73.069428847285
Buchanan Dam_Llano County_Texas_US,Buchanan Dam,US,30.764022402685,-98.536872902125
Buchanan_NaN_Grand Bassa_LR,Buchanan,LR,6.1179645438211,-10.136637758341
Buckingham_Buckingham County_Virginia_US,Buckingham,US,37.769650199001,-78.610673699133
Buda-Kashalyova_NaN_Gomel_BY,Buda-Kashalyova,BY,52.772357228847,30.75541791946
Budaka_Budaka District_Eastern Region_UG,Budaka,UG,1.1199885087467,33.921680293195
Budesti_Comuna Budesti_Bistrita-Nasaud_RO,Budesti,RO,46.835811993637,24.237011713765
Budva_NaN_Budva_ME,Budva,ME,42.324869150709,18.780785552736
Buena Vista (Puxcatan)_Macuspana_Tabasco_MX,Buena Vista (Puxcatan),MX,17.716587999843,-92.595188005153
Buenaventura_NaN_Valle del Cauca_CO,Buenaventura,CO,3.8856069961449,-77.070478996735
Buenos Aires_NaN_Cauca_CO,Buenos Aires,CO,3.0999831491117,-76.671247882755
Buenos Aires_NaN_Puntarenas_CR,Buenos Aires,CR,9.0221376927744,-83.315831561681
Buffalo_Harper County_Oklahoma_US,Buffalo,US,36.850932975094,-99.619957910911
Buffalo_Johnson County_Wyoming_US,Buffalo,US,44.529028246414,-106.80341996946
Bugant_NaN_Selenge_MN,Bugant,MN,49.783075208939,106.65061087239
Buis-les-Baronnies_Departement de la Drome_Rhone-Alpes_FR,Buis-les-Baronnies,FR,44.485385492736,5.3852633292101
Buk_NaN_Vas_HU,Buk,HU,47.481619999451,16.796929998873
Buka_NaN_Bougainville_PG,Buka,PG,-5.5859853985971,155.0489696118
Bukavu_NaN_South Kivu_CD,Bukavu,CD,-2.4068688222657,28.816177274906
Bukuru_NaN_Plateau_NG,Bukuru,NG,9.8061466345798,8.9167053583466
Bulahdelah_Great Lakes_New South Wales_AU,Bulahdelah,AU,-32.329064185184,152.33312360094
Bulaon_Province of Pampanga_Central Luzon_PH,Bulaon,PH,15.091949895507,120.64381129521
Bulawayo_NaN_Bulawayo_ZW,Bulawayo,ZW,-20.547472,28.505807861111
Bulls_Rangitikei District_Manawatu-Wanganui_NZ,Bulls,NZ,-40.103224133517,175.57853106082
Bulnes_Provincia de Nuble_Biobio_CL,Bulnes,CL,-36.741264164921,-72.2818885004
Bulolo_Bulolo_Morobe_PG,Bulolo,PG,-7.2147222210452,146.65305562132
Bulungu_NaN_Bandundu_CD,Bulungu,CD,-4.5860310768659,18.692322047626
Bumbuna_NaN_Northern Province_SL,Bumbuna,SL,9.0351664888229,-11.553254360202
Bundaberg_Bundaberg_Queensland_AU,Bundaberg,AU,-24.866414843911,152.35215649238
Bung Khla_NaN_Changwat Bueng Kan_TH,Bung Khla,TH,18.411741879655,103.83422238473
Bungo-Takada-shi_NaN_Oita_JP,Bungo-Takada-shi,JP,33.440268018206,131.39239052787
Bunia_NaN_Eastern Province_CD,Bunia,CD,1.4585539406192,30.027803108459
Buraydah_NaN_Al-Qassim_SA,Buraydah,SA,26.324962478739,43.977176137024
Burdur_NaN_Burdur_TR,Burdur,TR,37.646692527726,30.372086107396
Bure_NaN_Amhara_ET,Bure,ET,10.228055622066,36.986108313778
Burea_Skelleftea Kommun_Vaesterbotten_SE,Burea,SE,64.37831902872959,21.38187503113065
Burgh le Marsh_Lincolnshire_England_GB,Burgh le Marsh,GB,53.14781108820689,0.1720689441511326
Burin_NaN_West Bank_PS,Burin,PS,32.17285685095,35.250798247568
Burney_Shasta County_California_US,Burney,US,40.874603926698,-121.74076848908
Burnie_Burnie_Tasmania_AU,Burnie,AU,-41.057163067017,145.86752642755
Burns Flat_Washita County_Oklahoma_US,Burns Flat,US,35.421360551882,-99.239206480608
Burtenbach_Swabia_Bavaria_DE,Burtenbach,DE,48.341638201731,10.480525097546
Burunday_NaN_Almaty Oblysy_KZ,Burunday,KZ,43.172084909274,76.455568590333
Busayra_NaN_Tafielah_JO,Busayra,JO,30.530125737789,35.567326466289
Bushenyi_Bushenyi District_Western Region_UG,Bushenyi,UG,-0.46947580665186,30.108113129588
Bushland_Potter County_Texas_US,Bushland,US,35.419911591816,-102.09537608061
Businga_NaN_Equateur_CD,Businga,CD,3.4155433961484,20.455585313811
Buta_NaN_Eastern Province_CD,Buta,CD,2.6075378311516,24.81540784014
Butare_NaN_Southern Province_RW,Butare,RW,-2.646180641734774,29.61515063722081
Butjadingen_NaN_Lower Saxony_DE,Butjadingen,DE,53.477082811898,8.386282505508
Buttonwillow_Kern County_California_US,Buttonwillow,US,35.529051063986,-119.47458765802
Butubut Norte_Province of La Union_Ilocos_PH,Butubut Norte,PH,16.768456689465,120.40353669633
Buxton_Dare County_North Carolina_US,Buxton,US,35.235084611172,-75.775944436101
Buyukkaristiran_NaN_Kirklareli_TR,Buyukkaristiran,TR,41.289535016132,27.606488250189
Byers_Arapahoe County_Colorado_US,Byers,US,39.74001621033,-104.03175514003
Bystrovka_NaN_Chuy_KG,Bystrovka,KG,43.329963844864,75.65104757344
Bystryanka_NaN_Altai Krai_RU,Bystryanka,RU,52.250480103392,85.859532033699
Byumba_NaN_Northern Province_RW,Byumba,RW,-1.714220143441646,29.89583758337428
Ca' degli Oppi_Provincia di Verona_Veneto_IT,Ca' degli Oppi,IT,45.301029930357,11.143269795054
Caarapo_Caarapo_Mato Grosso do Sul_BR,Caarapo,BR,-22.640770378038,-54.813092991447
Cabana_San Roman_Puno_PE,Cabana,PE,-15.714107855953,-70.363872207456
Cabinda_NaN_Cabinda_AO,Cabinda,AO,-5.4055456329764,12.204082687239
Cabiraoan_Province of Cagayan_Cagayan Valley_PH,Cabiraoan,PH,18.306931016008143,122.11713224370828
Cabrera_NaN_Cundinamarca_CO,Cabrera,CO,3.9892541245788,-74.486307755915
Cabrero_Provincia de Biobio_Biobio_CL,Cabrero,CL,-37.040862426372,-72.388739463726
Cache Creek_NaN_British Columbia_CA,Cache Creek,CA,51.01283825699448,-121.53667935514088
Cacheu_NaN_Cacheu_GW,Cacheu,GW,12.406098182389004,-16.004660242714
Cachoeirinha_Cachoeirinha_Rio Grande do Sul_BR,Cachoeirinha,BR,-29.959545653113,-51.089545211673
Cafayate_Cafayete_Salta_AR,Cafayate,AR,-26.032222222222,-65.858055555556
Caguas_NaN_Caguas_PR,Caguas,PR,18.200880375739,-66.05098479114
Cahaba Heights_Jefferson County_Alabama_US,Cahaba Heights,US,33.45284551614,-86.74372664354
Caherconlish_County Limerick_Munster_IE,Caherconlish,IE,52.625309726564,-8.4966753312856
Cahors_Departement du Lot_Midi-Pyrenees_FR,Cahors,FR,44.497711421063,1.5544758640491
Cahuanuyo_Provincia de Canas_Cusco_PE,Cahuanuyo,PE,-14.330784286138,-71.448248342781
Cahul_NaN_Cahul_MD,Cahul,MD,45.814244106065,28.18447919759
Caibarien_NaN_Villa Clara_CU,Caibarien,CU,22.523987014936,-79.376664784752
Caico_Caico_Rio Grande do Norte_BR,Caico,BR,-6.4445009685811,-37.157590754835
Cakirlar_NaN_Antalya_TR,Cakirlar,TR,36.807579769426,30.583589392623
Cala_Chris Hani District Municipality_Eastern Cape_ZA,Cala,ZA,-31.48954497175579,27.711889721698142
Calais_Washington County_Maine_US,Calais,US,45.12075827786,-67.323972668999
Calama_Provincia de El Loa_Antofagasta_CL,Calama,CL,-22.627135107783,-68.622356614035
Calamonte_Provincia de Badajoz_Extremadura_ES,Calamonte,ES,38.86601741565,-6.3638181782958
Calapuja_Provincia de Lampa_Puno_PE,Calapuja,PE,-15.381189707579,-70.162295205601
Calatanazor_Provincia de Soria_Castille and Leon_ES,Calatanazor,ES,41.729543798739,-2.7803427741652
Calauag_Province of Quezon_Calabarzon_PH,Calauag,PH,13.976421305976654,122.32438079917937
Calbayog City_Province of Samar_Eastern Visayas_PH,Calbayog City,PH,12.065526698727224,124.59818506624975
Calbiga_Province of Samar_Eastern Visayas_PH,Calbiga,PH,11.572364290952,124.99983845038
Calbuco_NaN_Los Lagos_CL,Calbuco,CL,-41.951093087591,-72.684145618305
Calcara_Provincia di Bologna_Emilia-Romagna_IT,Calcara,IT,44.534928326783,11.121658350715
Calceta_NaN_Manabi_EC,Calceta,EC,-0.84353610159688,-80.169235896893
Caldas Novas_Caldas Novas_Goias_BR,Caldas Novas,BR,-17.52639233578324,-48.72882716268394
Caldono_NaN_Cauca_CO,Caldono,CO,2.8751649869577,-76.551306745279
Caledon_Overberg District Municipality_Western Cape_ZA,Caledon,ZA,-34.162129663863,19.438727616925
Calhoun_Gordon County_Georgia_US,Calhoun,US,34.539146571087,-84.937325455237
Caluquembe_NaN_Huila_AO,Caluquembe,AO,-13.921969444444445,14.003458333333327
Camaleno_Provincia de Cantabria_Cantabria_ES,Camaleno,ES,43.118106249448,-4.7762536544115
Camana_Provincia de Camana_Arequipa_PE,Camana,PE,-16.628315142512,-72.711504360986
Camaqua_Camaqua_Rio Grande do Sul_BR,Camaqua,BR,-30.833436944491,-51.800594231975
Cambebba_Caucaia_Ceara_BR,Cambebba,BR,-3.5445693262624,-38.809261714967
Cambridge_Dorchester County_Maryland_US,Cambridge,US,38.474341809054,-76.072365126418
Camelford_Cornwall_England_GB,Camelford,GB,50.58229022727272,-4.703926540909092
Cameron Park_Cameron County_Texas_US,Cameron Park,US,25.96890861961668,-97.37839020493932
Cameron_Cameron Parish_Louisiana_US,Cameron,US,29.785125536278,-93.282122754205
Camiri_NaN_Santa Cruz_BO,Camiri,BO,-20.097652899508,-63.491069900559
Camliyayla_NaN_Mersin_TR,Camliyayla,TR,37.149234530111,34.714540406478
Camocim_Camocim_Ceara_BR,Camocim,BR,-2.8788815851614,-40.850087763701
Campagne-les-Hesdin_Departement du Pas-de-Calais_Nord-Pas-de-Calais_FR,Campagne-les-Hesdin,FR,50.384910064327,1.8979359561174
Campbell River_NaN_British Columbia_CA,Campbell River,CA,49.896440189184,-125.15511808548
Campina Verde_Campina Verde_Minas Gerais_BR,Campina Verde,BR,-19.351124420588,-49.912503402143
Campo Grande_Campo Grande_Mato Grosso do Sul_BR,Campo Grande,BR,-20.861595109524,-54.508658259263
Campo Mourao_Campo Mourao_Parana_BR,Campo Mourao,BR,-24.179017585869,-52.494705243157
Campo_San Diego County_California_US,Campo,US,32.533500691042,-116.39156846187
Campofelice di Roccella_Palermo_Sicily_IT,Campofelice di Roccella,IT,37.990031787475,13.86917158074
Campos Novos_Campos Novos_Santa Catarina_BR,Campos Novos,BR,-27.46498037648,-50.984586259984
Campos do Jordao_Campos Do Jordao_Sao Paulo_BR,Campos do Jordao,BR,-22.82758127242,-45.646872818695
Canandaigua_Ontario County_New York_US,Canandaigua,US,42.854231866299,-77.238232936499
Canchayllo_Provincia de Jauja_Junin_PE,Canchayllo,PE,-11.760885349124,-75.71794335984
Cancun_NaN_Quintana Roo_MX,Cancun,MX,21.16578472655,-86.919428184434
Candelaria Loxicha_NaN_Oaxaca_MX,Candelaria Loxicha,MX,15.936133510502,-96.475859961131
Candelaria_NaN_Valle del Cauca_CO,Candelaria,CO,3.4113476819937,-76.41890063766
Canelones_NaN_Canelones_UY,Canelones,UY,-34.436591674498,-56.264870252026
Canete_Provincia de Arauco_Biobio_CL,Canete,CL,-37.918997184953,-73.272900344612
Canfield_Mahoning County_Ohio_US,Canfield,US,41.000455289778,-80.731059630179
Canfranc_Provincia de Huesca_Aragon_ES,Canfranc,ES,42.740671674607,-0.51968773818763
Caninde de Sao Francisco_Caninde De Sao Francisco_Sergipe_BR,Caninde de Sao Francisco,BR,-9.601661199999995,-37.7797816
Canowindra_Cabonne_New South Wales_AU,Canowindra,AU,-33.560138888701,148.54552777414
Canyon City_Grant County_Oregon_US,Canyon City,US,44.17942267427,-118.99706065463
Canyon_Randall County_Texas_US,Canyon,US,34.773113708117,-101.84891468607
Canyonville_Douglas County_Oregon_US,Canyonville,US,42.8941614934,-123.23792094883
Caparroso_Centla_Tabasco_MX,Caparroso,MX,18.334200062614,-92.79195831831
Capas_Province of Tarlac_Central Luzon_PH,Capas,PH,15.284901668178,120.60505000029
Cape Canaveral_Brevard County_Florida_US,Cape Canaveral,US,28.393277645651,-80.597526747224
Cape Girardeau_Cape Girardeau County_Missouri_US,Cape Girardeau,US,37.26780198352,-89.563152144848
Cape May Court House_Cape May County_New Jersey_US,Cape May Court House,US,39.071582756635,-74.825326382191
Capel_Capel_Western Australia_AU,Capel,AU,-33.46903996205,115.59468802634
Capesterre-Belle-Eau_Guadeloupe_Guadeloupe_GP,Capesterre-Belle-Eau,GP,16.104609305714,-61.565231850935
Capiata_NaN_Central_PY,Capiata,PY,-25.386468074388,-57.41317470626
Capitan_Lincoln County_New Mexico_US,Capitan,US,33.426978724881,-105.30640532222
Captains Cove_Accomack County_Virginia_US,Captains Cove,US,38.013433289838,-75.392858537712
Caracas_Municipio Libertador_Capital_VE,Caracas,VE,10.493429689281,-66.941239026108
Carahue_Provincia de Cautin_Araucania_CL,Carahue,CL,-38.698725950836,-73.354344489641
Caralue_Kimba_South Australia_AU,Caralue,AU,-33.137583333333,135.57386111283
Caramay_Province of Palawan_Mimaropa_PH,Caramay,PH,10.039963556185,119.11389665949
Carazinho_Carazinho_Rio Grande do Sul_BR,Carazinho,BR,-28.283716725702,-52.791452853927
Carberry_NaN_Manitoba_CA,Carberry,CA,50.202416702019,-98.863245097896
Carbonear_NaN_Newfoundland and Labrador_CA,Carbonear,CA,47.709577174166,-53.226725988576
Cardenas_NaN_Rivas_NI,Cardenas,NI,11.060517265130803,-85.42911370464297
Carefree_Maricopa County_Arizona_US,Carefree,US,33.754864587196,-111.89117900036
Carilo_NaN_Buenos Aires_AR,Carilo,AR,-37.144093575866,-56.886375512914
Carinhanha_Carinhanha_Bahia_BR,Carinhanha,BR,-14.21080377074,-44.217511920281
Carleton-sur-Mer_Gaspesie-Iles-de-la-Madeleine_Quebec_CA,Carleton-sur-Mer,CA,48.05921084353332,-66.37861775407737
Carlos Reyles_NaN_Durazno_UY,Carlos Reyles,UY,-33.109526376538,-56.459922133707
Carlsbad_San Diego County_California_US,Carlsbad,US,33.153207510065,-117.31112947679
Carmen de Apicala_NaN_Tolima_CO,Carmen de Apicala,CO,4.1652963116228,-74.730345933325
Carmen del Parana_NaN_Itapua_PY,Carmen del Parana,PY,-27.129802511025,-56.320672710467
Carnarvon_Carnarvon_Western Australia_AU,Carnarvon,AU,-25.532472222222,114.13083333333
Carpinis_Comuna Crasna_Gorj_RO,Carpinis,RO,45.174229934121,23.607257004516
Carrazeda de Anciaes_Carrazeda de Ansiaes_Braganca_PT,Carrazeda de Anciaes,PT,41.263141739946,-7.2898671100131
Carriere_Pearl River County_Mississippi_US,Carriere,US,30.654439097637,-89.58330220414
Carrizo Springs_Dimmit County_Texas_US,Carrizo Springs,US,28.549426439089,-99.762895423338
Carrizozo_Lincoln County_New Mexico_US,Carrizozo,US,33.756634399219,-106.10802299662
Carrolls Creek_Tenterfield Municipality_New South Wales_AU,Carrolls Creek,AU,-28.971234450226,152.17468539273
Cartaxo_Cartaxo_Santarem_PT,Cartaxo,PT,39.237736646046,-8.7919327931279
Carthage_Leake County_Mississippi_US,Carthage,US,32.677654008542,-89.787479776074
Cary_Wake County_North Carolina_US,Cary,US,35.819644452377,-78.787709859431
Casambalangan_Province of Cagayan_Cagayan Valley_PH,Casambalangan,PH,18.416414949277,122.13300502932
Cascavel_Cascavel_Parana_BR,Cascavel,BR,-24.991868161616,-53.314111195898
Casma_Provincia de Casma_Ancash_PE,Casma,PE,-9.4344232127551,-78.207862529239
Cassa de la Selva_Provincia de Girona_Catalonia_ES,Cassa de la Selva,ES,41.891698725266,2.8675937221843
Casselton_Cass County_North Dakota_US,Casselton,US,46.875869349164,-97.359917121599
Castellet_Provincia de Barcelona_Catalonia_ES,Castellet,ES,41.231613345302,1.6472450135631
Castelvecchio di Rocca Barbena_Provincia di Savona_Liguria_IT,Castelvecchio di Rocca Barbena,IT,44.130404892723,8.1121891319834
Castlebridge_Loch Garman_Leinster_IE,Castlebridge,IE,52.381290297036,-6.4769362723411
Castlederg_NaN_Northern Ireland_GB,Castlederg,GB,54.709993944308,-7.5960161636457
Castlegar_NaN_British Columbia_CA,Castlegar,CA,49.295889383153,-117.87876029588
Castleisland_Ciarrai_Munster_IE,Castleisland,IE,52.2536390998,-9.5828071383409
Castlemaine_Mount Alexander_Victoria_AU,Castlemaine,AU,-37.129212530297,144.04353861986
Castries_NaN_Castries Quarter_LC,Castries,LC,13.972332009645,-61.001794953844
Castro Alves_Castro Alves_Bahia_BR,Castro Alves,BR,-12.700487245408,-39.333636529993
Castro_Provincia de Chiloe_Los Lagos_CL,Castro,CL,-42.332578292214,-73.372623109272
Casupa_NaN_Florida_UY,Casupa,UY,-34.103180897255946,-55.71479820511318
Catahuasi_Provincia de Yauyos_Lima_PE,Catahuasi,PE,-12.839304246816,-76.00272547159
Catriel_NaN_Rio Negro_AR,Catriel,AR,-37.844767044755,-67.78419535474
Catterall_Lancashire_England_GB,Catterall,GB,53.878598060648,-2.7754598437797
Catumbela_NaN_Benguela_AO,Catumbela,AO,-12.394742735779817,13.64324165280326
Cau Giat_NaN_Nghe An_VN,Cau Giat,VN,19.10117310148,105.59581170002
Caucasia_NaN_Antioquia_CO,Caucasia,CO,7.9684404787796,-75.204286365845
Caucete_NaN_San Juan_AR,Caucete,AR,-31.716443606098,-68.136061253347
Cauquenes_Provincia de Cauquenes_Maule_CL,Cauquenes,CL,-36.138378413848,-72.758763395519
Cavalier_Pembina County_North Dakota_US,Cavalier,US,48.96376865077486,-97.73098765555396
Caxito_NaN_Bengo_AO,Caxito,AO,-9.1528527757318,13.87079168036
Cayhuayna_Provincia de Huanuco_Huanuco_PE,Cayhuayna,PE,-9.9510283487958,-76.250263742438
Ceduna_Ceduna_South Australia_AU,Ceduna,AU,-31.931128602089,133.109542037
Celebi_NaN_Kirikkale_TR,Celebi,TR,39.474551816632,33.536261941419
Celendin_Provincia de Celendin_Cajamarca_PE,Celendin,PE,-6.8776165984444,-78.142067016705
Celorico da Beira_Celorico da Beira_Guarda_PT,Celorico da Beira,PT,40.640872542114,-7.3003212556537
Centa_NaN_NaN_RS,Centa,RS,45.158536327191,20.391426682966
Centenario do Sul_Centenario Do Sul_Parana_BR,Centenario do Sul,BR,-22.801481489105,-51.777102788565
Centenario_NaN_Neuquen_AR,Centenario,AR,-38.911632300728,-68.14044561499
Central Park_Grays Harbor County_Washington_US,Central Park,US,46.879402782956,-123.70632126094
Ceres_Cape Winelands District Municipality_Western Cape_ZA,Ceres,ZA,-33.290783969798,19.139327325452
Cerna_Comuna Cerna_Tulcea_RO,Cerna,RO,45.036394642688,28.349449806489
Cerrina_Provincia di Alessandria_Piedmont_IT,Cerrina,IT,45.142067794531,8.2116834980446
Cerro Cora_Cerro Cora_Rio Grande do Norte_BR,Cerro Cora,BR,-6.1992541162257,-36.355187173327
Cerro Gordo_Zaragoza_San Luis Potosi_MX,Cerro Gordo,MX,21.989261400595,-100.84807269801
Cervantes_Province of Ilocos Sur_Ilocos_PH,Cervantes,PH,16.989852590069,120.73593681976
Ceyhan_NaN_Adana_TR,Ceyhan,TR,37.058974768374,35.77008001148
Chae Hom_NaN_Lampang_TH,Chae Hom,TH,18.57153577871,99.551248058986
Chaem Luang_NaN_Chiang Mai_TH,Chaem Luang,TH,19.153296599119,98.387968623836
Chai Prakan_NaN_Chiang Mai_TH,Chai Prakan,TH,19.646476286634,99.142108755425
Chaiten_Provincia de Palena_Los Lagos_CL,Chaiten,CL,-42.718635462091,-72.585265220535
Chaiya_NaN_Surat Thani_TH,Chaiya,TH,9.4384032017568,99.152443978176
Chajari_NaN_Entre Rios_AR,Chajari,AR,-30.775676966058,-58.023983580734
Chalco_Sarpy County_Nebraska_US,Chalco,US,41.26307978883,-96.113223230002
Challapata_NaN_Oruro_BO,Challapata,BO,-19.395252655762835,-67.27926628537938
Chaloem Phra Kiat_NaN_Nan_TH,Chaloem Phra Kiat,TH,19.679502066838,101.01934939254
Chamberlain_Brule County_South Dakota_US,Chamberlain,US,43.845846999882,-99.505830001003
Chambishi_NaN_Copperbelt_ZM,Chambishi,ZM,-12.6178500948,28.138976439600007
Champasak_NaN_Champasak_LA,Champasak,LA,14.770649719585,106.15891745964
Champoton_Champoton_Campeche_MX,Champoton,MX,19.242029631222,-90.819025570171
Chamrajnagar_Chamrajnagar_Karnataka_IN,Chamrajnagar,IN,11.774983972626,77.103355046408
Chamzinka_NaN_Mordoviya_RU,Chamzinka,RU,54.422311286673,45.797033778807
Chancay_Provincia de Huaral_Lima_PE,Chancay,PE,-11.537949808808,-77.255702139794
Changchun_Changchun Shi_Jilin Sheng_CN,Changchun,CN,43.83966527802,125.15139413955
Changnyeong_NaN_Gyeongsangnam-do_KR,Changnyeong,KR,35.630303076759,128.39120505737
Changqi_NaN_Guangdong_CN,Changqi,CN,21.54701035919678,110.69752307643596
Changwon_NaN_Gyeongsangnam-do_KR,Changwon,KR,35.370732315621,128.64693940178
Changy-les-Bois_Departement du Loiret_Centre_FR,Changy-les-Bois,FR,47.842127069472,2.6860058293633
Chanika_NaN_Tanga_TZ,Chanika,TZ,-5.542115599999999,38.40539620000197
Channing_Hartley County_Texas_US,Channing,US,35.811842978938,-102.3546443009
Chanute_Neosho County_Kansas_US,Chanute,US,37.675292678771,-95.429459836841
Chapaev_NaN_Batys Qazaqstan_KZ,Chapaev,KZ,50.197304085733,51.134883962775
Chaplygin_NaN_Lipetsk_RU,Chaplygin,RU,53.214002999762,39.914194999565
Charlottetown_NaN_Prince Edward Island_CA,Charlottetown,CA,46.383996878941,-63.125681440249
Charters Towers_Charters Towers_Queensland_AU,Charters Towers,AU,-20.812333333311,146.35061111136
Chascomus_Partido de Chascomus_Buenos Aires_AR,Chascomus,AR,-35.585616379226,-58.064865189767
Chase_NaN_British Columbia_CA,Chase,CA,51.673203005584,-119.64242699527
Chashniki_NaN_Vitebsk_BY,Chashniki,BY,55.316556198812,29.450465898738
Chateauvillain_Departement de la Haute-Marne_Champagne-Ardenne_FR,Chateauvillain,FR,47.921112096095,4.7721337314732
Chau Thanh_NaN_Ben Tre_VN,Chau Thanh,VN,10.306060668682,106.38181502054
Chavelot_Departement des Vosges_Lorraine_FR,Chavelot,FR,48.316770764839,6.4957337431479
Checotah_McIntosh County_Oklahoma_US,Checotah,US,35.457614805169,-95.504265628234
Chefchaouene_NaN_Tanger-Tetouan_MA,Chefchaouene,MA,35.275170345581,-5.3480874083956
Chelyabinsk_Gorod Chelyabinsk_Chelyabinsk_RU,Chelyabinsk,RU,55.10846959114,61.480543022185
Chemax_NaN_Yucatan_MX,Chemax,MX,20.66459650132,-87.990510407199
Chengdu_NaN_Sichuan_CN,Chengdu,CN,30.57270500736872,104.04133215862056
Chengnan_NaN_Zhejiang Sheng_CN,Chengnan,CN,30.70804009048368,120.7224703333622
Cheran Atzicuirin (Cheranastico)_Paracho_Michoacan_MX,Cheran Atzicuirin (Cheranastico),MX,19.700864862751,-101.9950712734
Cherepanovo_NaN_Novosibirsk_RU,Cherepanovo,RU,54.031549018263,83.406355226454
Chernigovka_NaN_Primorskiy_RU,Chernigovka,RU,44.404897079324,132.68843322105
Cherokee Village_Sharp County_Arkansas_US,Cherokee Village,US,36.295081501265,-91.397420648504
Cherrapunji_East Khasi Hills_Meghalaya_IN,Cherrapunji,IN,25.295393183407,91.93361220969
Cherryfield_Washington County_Maine_US,Cherryfield,US,44.720626686351,-67.975435787366
Chertkovo_NaN_Rostov_RU,Chertkovo,RU,49.379294914436,40.59231823899
Chester_Dodge County_Georgia_US,Chester,US,32.397085585785,-83.15623222209
Chestertown_Kent County_Maryland_US,Chestertown,US,39.272713025908,-76.051570212495
Chetwynd_NaN_British Columbia_CA,Chetwynd,CA,56.02873504849812,-122.13314256638088
Cheyenne_Roger Mills County_Oklahoma_US,Cheyenne,US,35.801003663692,-99.358589376433
Cheyyar_Tiruvannamalai_Tamil Nadu_IN,Cheyyar,IN,12.630389830361,79.558340403088
Chi Thanh_NaN_Phu Yen_VN,Chi Thanh,VN,13.207451730793,109.26979858459
Chiang Muan_NaN_Phayao_TH,Chiang Muan,TH,18.931338221364,100.236520491
Chiantla_Municipio de Chiantla_Huehuetenango_GT,Chiantla,GT,15.355321304381,-91.457020661051
Chiaramonti_Provincia di Sassari_Sardinia_IT,Chiaramonti,IT,40.721251554145,8.809868743314
Chibombo_NaN_Central_ZM,Chibombo,ZM,-14.844642861404,27.734916739891
Chichaoua_Chichaoua_Marrakech-Tensift-Al Haouz_MA,Chichaoua,MA,31.3268205,-8.812607399972201
Chickasha_Grady County_Oklahoma_US,Chickasha,US,35.043788739883,-97.883599441351
Chidlow_Mundaring_Western Australia_AU,Chidlow,AU,-31.875444446962,116.31983333001
Chiguayante_Provincia de Concepcion_Biobio_CL,Chiguayante,CL,-36.97857549957,-72.995962611934
Chihuahua_Chihuahua_Chihuahua_MX,Chihuahua,MX,28.624443823539,-106.04172460096
Chilaw_NaN_North Western_LK,Chilaw,LK,7.5325783287894,79.821131721133
Chillupar_Gorakhpur_Uttar Pradesh_IN,Chillupar,IN,26.299790893749,83.500617592801
Chima_NaN_Cordoba_CO,Chima,CO,9.0474333596266,-75.628161109299
Chimala_NaN_Mbeya_TZ,Chimala,TZ,-8.8907052475205,33.985286501209
Chimoio_NaN_Manica_MZ,Chimoio,MZ,-19.14354323103028,34.02008587652692
Chinchilla de Monte Aragon_Provincia de Albacete_Castille-La Mancha_ES,Chinchilla de Monte Aragon,ES,38.888729160712,-1.7850446131344
Chinna Salem_Villupuram_Tamil Nadu_IN,Chinna Salem,IN,11.566862009775148,78.98047139030679
Chinook_Blaine County_Montana_US,Chinook,US,48.595654210885,-109.30943372139
Chinoz_NaN_Toshkent_UZ,Chinoz,UZ,40.909626970648,68.710220880652
Chinsali_NaN_Northern_ZM,Chinsali,ZM,-10.994791267408344,32.06672433747855
Chiplun_Ratnagiri_Maharashtra_IN,Chiplun,IN,17.540490459655135,73.5035477613754
Chirchiq_NaN_Toshkent_UZ,Chirchiq,UZ,41.464415429653,69.578154781473
Chirnogeni_Comuna Chirnogeni_Constanta_RO,Chirnogeni,RO,43.901826109111,28.22677616835
Chirongui_NaN_Chirongui_YT,Chirongui,YT,-12.983412145942014,45.152789851751805
Chirundu_NaN_NaN_ZW,Chirundu,ZW,-16.0247122697811,28.83764727333536
Chisec_NaN_Alta Verapaz_GT,Chisec,GT,15.813189361917,-90.289551125407
Chisineu-Cris_NaN_NaN_RO,Chisineu-Cris,RO,46.554080587572,21.527964013519
Chitradurga_Chitradurga_Karnataka_IN,Chitradurga,IN,14.294291381596,76.398301388559
Chittoor_Chittoor_Andhra Pradesh_IN,Chittoor,IN,13.212367661246189,79.06261674300517
Cho Lau_NaN_Binh Thuan_VN,Cho Lau,VN,11.218612237372,108.32320512084
Chocos_Provincia de Yauyos_Lima_PE,Chocos,PE,-12.926526053517,-76.111033663986
Chom Bueng_Amphoe Chom Bueng_Ratchaburi_TH,Chom Bueng,TH,13.527965457406,99.578000793849
Chongwe_NaN_Lusaka_ZM,Chongwe,ZM,-15.505749271232691,28.5502511256102
Chongxing_NaN_Hainan_CN,Chongxing,CN,19.39146597413808,110.65506215706236
Chouteau_Mayes County_Oklahoma_US,Chouteau,US,36.134343948275,-95.353010201367
Christchurch_Christchurch City_Canterbury_NZ,Christchurch,NZ,-43.789081010539,173.06285197861
Christmas_Orange County_Florida_US,Christmas,US,28.536270542929,-81.04656752175
Chrysochorafa_Nomos Serron_Central Macedonia_GR,Chrysochorafa,GR,41.20674087861606,23.09410179818287
Chudovo_NaN_Novgorod_RU,Chudovo,RU,59.184213882888,31.541755591253
Chuhar Jamali_NaN_Sindh_PK,Chuhar Jamali,PK,24.560749965368,68.051915993397
Chum Phae_NaN_Khon Kaen_TH,Chum Phae,TH,16.529001943118,102.24164862358
Chumphon_NaN_Chumphon_TH,Chumphon,TH,10.503746490482,98.987663679983
Churapcha_NaN_Sakha_RU,Churapcha,RU,62.00638450748,132.62943947469
Churuja_Provincia de Bongara_Amazonas_PE,Churuja,PE,-6.0599421081643,-77.914938410795
Chusovoy_NaN_Perm_RU,Chusovoy,RU,58.303520161702,57.772353280505
Chust Shahri_NaN_Namangan_UZ,Chust Shahri,UZ,41.010218740458,71.225526603512
Ciasna_Powiat lubliniecki_Silesian Voivodeship_PL,Ciasna,PL,50.726612575938,18.631956880517
Cibitoke_NaN_Cibitoke_BI,Cibitoke,BI,-2.6993139351924147,29.02537695000601
Cieza_Murcia_Murcia_ES,Cieza,ES,38.313328654954,-1.4829575654633
Cigenca_NaN_West Java_ID,Cigenca,ID,-7.112831941373,106.67262700736
Cihuatlan_NaN_Jalisco_MX,Cihuatlan,MX,19.194845543634,-104.54378501672
Cilimli_NaN_Duzce_TR,Cilimli,TR,40.847838936631,31.044031023483
Cinarcik_NaN_Yalova_TR,Cinarcik,TR,40.64241076395,29.120762810585
Cinco Saltos_NaN_Rio Negro_AR,Cinco Saltos,AR,-38.772097447158,-68.09181550736
Cioranii de Sus_Comuna Ciorani_Prahova_RO,Cioranii de Sus,RO,44.832176580044,26.400775025196
Cipolletti_NaN_Rio Negro_AR,Cipolletti,AR,-38.943183408755,-68.010540635146
Circle_McCone County_Montana_US,Circle,US,47.448551855848,-105.5438537127
Ciudad Cortes_NaN_Puntarenas_CR,Ciudad Cortes,CR,8.845447818587278,-83.31739010320159
Ciudad Fernandez_NaN_San Luis Potosi_MX,Ciudad Fernandez,MX,22.021428357368,-100.18916510906
Ciudad Morelos_Playas de Rosarito_Baja California_MX,Ciudad Morelos,MX,32.264343655209,-116.99948569404
Ciudad Satelite_San Luis Potosi_San Luis Potosi_MX,Ciudad Satelite,MX,22.205438120931,-100.80994406965
Civankan_NaN_Siirt_TR,Civankan,TR,37.952783775694,41.808914385239
Clancy_Jefferson County_Montana_US,Clancy,US,46.376267146941,-112.03107786238
Clanwilliam_West Coast District Municipality_Western Cape_ZA,Clanwilliam,ZA,-32.39477313909,18.889177772087
Clara City_Chippewa County_Minnesota_US,Clara City,US,44.948870867894,-95.44146399683
Clare_Clare County_Michigan_US,Clare,US,43.823995700885,-84.791299353835
Clare_Clare and Gilbert Valleys_South Australia_AU,Clare,AU,-33.913637548692,138.86918344672
Clarendon_Donley County_Texas_US,Clarendon,US,35.205780498427,-100.78185488767
Clarkston Heights-Vineland_Asotin County_Washington_US,Clarkston Heights-Vineland,US,46.360523711704,-117.19964414419
Claude_Armstrong County_Texas_US,Claude,US,35.207105103475,-101.14563225624
Claudio_Claudio_Minas Gerais_BR,Claudio,BR,-20.451913504221,-44.568646331563
Clayton_Johnston County_North Carolina_US,Clayton,US,35.56683335079,-78.502056360364
Clayton_Union County_New Mexico_US,Clayton,US,36.339170384266,-102.97102567939
Clervaux_Canton de Clervaux_Diekirch_LU,Clervaux,LU,50.07863329708997,6.075974341096672
Cleve_Cleve_South Australia_AU,Cleve,AU,-33.577500000183,136.49730555555
Clinton_Lenawee County_Michigan_US,Clinton,US,42.088237727663,-83.927862772046
Clinton_Sampson County_North Carolina_US,Clinton,US,35.19992741634,-78.294684293967
Cloncurry_Cloncurry_Queensland_AU,Cloncurry,AU,-21.162027778071,140.25258333432
Cloverdale_Sonoma County_California_US,Cloverdale,US,38.7103112494,-122.9710594416
Clovis_Curry County_New Mexico_US,Clovis,US,34.647491199782,-103.22774408707
Coahuayana Viejo_NaN_Michoacan_MX,Coahuayana Viejo,MX,18.441104003554,-103.53565248407
Coal Creek_Boulder County_Colorado_US,Coal Creek,US,39.880144976808,-105.29324575428
Coal Hill_Johnson County_Arkansas_US,Coal Hill,US,35.500822101192,-93.691340223256
Coaldale_NaN_Alberta_CA,Coaldale,CA,49.604551431558,-112.65268698387
Coba_NaN_Quintana Roo_MX,Coba,MX,20.421463001717,-87.645386000825
Cobar_Cobar_New South Wales_AU,Cobar,AU,-31.53939348672,146.38952717629
Cobourg_NaN_Ontario_CA,Cobourg,CA,44.030145008594,-77.876424309698
Cochrane_Provincia Capitan Prat_Aisen_CL,Cochrane,CL,-46.645622222222,-72.609675
Coco_NaN_Salinas_PR,Coco,PR,17.991014624396,-66.269653580015
Cocorit_NaN_Sonora_MX,Cocorit,MX,27.575564867508,-109.94542521496
Cody_Park County_Wyoming_US,Cody,US,44.334815613871,-108.946646533
Coeneo de la Libertad_NaN_Michoacan_MX,Coeneo de la Libertad,MX,19.790628674059,-101.63308568449
Cogolin_Departement du Var_Provence-Alpes-Cote d'Azur_FR,Cogolin,FR,43.219619924471,6.5026115763255
Colbun_Provincia de Linares_Maule_CL,Colbun,CL,-35.80439362443,-70.965684502654
Colchani_NaN_Cochabamba_BO,Colchani,BO,-16.877947371896802,-66.64197193951193
Colchani_NaN_Potosi_BO,Colchani,BO,-20.14956121305556,-67.81510021527778
Colesberg_Pixley ka Seme District Municipality_Northern Cape_ZA,Colesberg,ZA,-30.830672396125,25.073535094355
Collefontana-Fontana Liri Inferiore_Provincia di Frosinone_Latium_IT,Collefontana-Fontana Liri Inferiore,IT,41.610457952198,13.550069656665
College Station_Brazos County_Texas_US,College Station,US,30.605838447463,-96.30742937909
Collingwood_NaN_Ontario_CA,Collingwood,CA,44.291693999692,-80.603516701516
Collipulli_Provincia de Malleco_Araucania_CL,Collipulli,CL,-37.943052914764,-72.406902515214
Colon_NaN_Entre Rios_AR,Colon,AR,-32.142532093702464,-58.22315628715164
Colonia Aeropuerto_Zihuatanejo de Azueta_Guerrero_MX,Colonia Aeropuerto,MX,17.595867268881,-101.46748321736
Colonia Baron_NaN_La Pampa_AR,Colonia Baron,AR,-35.934280111219,-63.940671000524
Colonia Elia_NaN_Entre Rios_AR,Colonia Elia,AR,-32.704526149682,-58.456279487184
Colonia Leopoldina_NaN_Alagoas_BR,Colonia Leopoldina,BR,-9.0516249076152,-35.712447192438
Colonia Menno_NaN_Boqueron_PY,Colonia Menno,PY,-22.407561591496,-59.838638398197
Colonia Neuland_NaN_Boqueron_PY,Colonia Neuland,PY,-22.594972821498,-59.890716461493
Colonia las Flores_Chinampa de Gorostiza_Veracruz_MX,Colonia las Flores,MX,21.393240199997688,-97.6390982
Colonia_Weloy Municipality_Yap_FM,Colonia,FM,9.559340344639136,138.13515584167854
Colonial Pine Hills_Pennington County_South Dakota_US,Colonial Pine Hills,US,43.888615068632,-103.42533363412
Columbia Falls_Flathead County_Montana_US,Columbia Falls,US,48.76501048778,-113.75564570885
Columbia_Adair County_Kentucky_US,Columbia,US,36.998360257611,-85.410937189387
Colunga_Province of Asturias_Asturias_ES,Colunga,ES,43.44842705974,-5.1967101209685
Conakry_NaN_Conakry_GN,Conakry,GN,9.5876527735292,-13.63336644774
Conceicao da Barra_Conceicao Da Barra_Espirito Santo_BR,Conceicao da Barra,BR,-18.545677253389737,-39.79131311813189
Conceicao da Feira_Conceicao Da Feira_Bahia_BR,Conceicao da Feira,BR,-12.553512930923784,-38.97823299703631
Conceicao do Araguaia_Conceicao Do Araguaia_Para_BR,Conceicao do Araguaia,BR,-8.2666183021409,-48.468045289217
Conceicao do Mato Dentro_Conceicao Do Mato Dentro_Minas Gerais_BR,Conceicao do Mato Dentro,BR,-19.03075376275,-43.425026381503
Concepcion del Uruguay_NaN_Entre Rios_AR,Concepcion del Uruguay,AR,-32.356710539877,-58.268729147845
Concepcion_NaN_Santa Cruz_BO,Concepcion,BO,-16.881276399697,-60.649375200023
Concordia_Cloud County_Kansas_US,Concordia,US,39.387704502379,-97.666704613001
Concordia_Concordia_Sinaloa_MX,Concordia,MX,23.45576881329,-105.82656843199
Conde_Conde_Paraiba_BR,Conde,BR,-7.2843433566511,-34.822023462651
Constantia_City of Cape Town_Western Cape_ZA,Constantia,ZA,-34.047798296227,18.347092430205
Constantine_NaN_Constantine_DZ,Constantine,DZ,36.336217251263,6.5902706888378
Constitucion_Provincia de Talca_Maule_CL,Constitucion,CL,-35.043869056781,-72.142673618578
Contraalmirante Cordero_NaN_Rio Negro_AR,Contraalmirante Cordero,AR,-38.6275602,-68.126863500444
Coober Pedy_Coober Pedy_South Australia_AU,Coober Pedy,AU,-28.949500001482,134.67641667099
Cookeville_Putnam County_Tennessee_US,Cookeville,US,36.148731876852,-85.461423186993
Cooktown_Cook_Queensland_AU,Cooktown,AU,-15.281545090124,145.21777232357
Coolamon_Coolamon_New South Wales_AU,Coolamon,AU,-35.010202835016,147.06568797999
Coonabarabran_Warrumbungle Shire_New South Wales_AU,Coonabarabran,AU,-31.078958697745,149.38971491628
Coonamble_Coonamble_New South Wales_AU,Coonamble,AU,-30.387933391332,148.77366839707
Copala_NaN_Guerrero_MX,Copala,MX,16.66094136702,-99.04624714379
Copiapo_Provincia de Copiapo_Atacama_CL,Copiapo,CL,-27.72073074912021,-70.4756447741749
Coquimbo_Provincia de Elqui_Coquimbo_CL,Coquimbo,CL,-30.055906540469,-71.367999456188
Corail_NaN_Grandans_HT,Corail,HT,18.565436282296,-73.903961974235
Corat_NaN_Sumqayit_AZ,Corat,AZ,40.573438306996,49.773206930409
Corbelia_Corbelia_Parana_BR,Corbelia,BR,-24.548592858256,-53.05024113008
Cordeiropolis_Cordeiropolis_Sao Paulo_BR,Cordeiropolis,BR,-22.477336374101,-47.483624640276
Cordele_Crisp County_Georgia_US,Cordele,US,31.943953504178,-84.00618914645
Coreses_Provincia de Zamora_Castille and Leon_ES,Coreses,ES,41.527790690498,-5.6298719223205
Corinto_Corinto_Minas Gerais_BR,Corinto,BR,-17.893706763358875,-44.1714826185239
Cork_County Cork_Munster_IE,Cork,IE,51.944479001991,-8.4893166749491
Cornville_Yavapai County_Arizona_US,Cornville,US,34.717048656234,-111.89681400247
Coron_Province of Palawan_Mimaropa_PH,Coron,PH,12.039907046775,120.16672011678
Coronel_Provincia de Concepcion_Biobio_CL,Coronel,CL,-37.033935764795,-73.037236063331
Corozal_NaN_Corozal_BZ,Corozal,BZ,18.53017332670706,-88.46731054868148
Corral del Risco (Punta de Mita)_Bahia de Banderas_Nayarit_MX,Corral del Risco (Punta de Mita),MX,20.482038322156,-105.57224607294
Corralejo_Provincia de Las Palmas_Canary Islands_ES,Corralejo,ES,28.676099100252,-13.89597008698
Corredor_NaN_Puntarenas_CR,Corredor,CR,8.714748048264324,-82.93252398199526
Correntina_Correntina_Bahia_BR,Correntina,BR,-13.625209300996,-45.228925912029
Coruche_Coruche_Santarem_PT,Coruche,PT,39.006014956118,-8.5018031270855
Corzuela_NaN_Chaco_AR,Corzuela,AR,-26.962508213225,-60.956632402441
Cosmopolis_Grays Harbor County_Washington_US,Cosmopolis,US,46.830819704504,-123.71985841624
Cotorra_NaN_Cordoba_CO,Cotorra,CO,9.0827952736416,-75.795613087026
Cottonwood_Lyon County_Minnesota_US,Cottonwood,US,44.632875304051,-95.654256756204
Cotulla_La Salle County_Texas_US,Cotulla,US,28.391344638405,-99.261216105907
Coupar Angus_Perth and Kinross_Scotland_GB,Coupar Angus,GB,56.52136410723,-3.2218917930005
Coutts Crossing_Clarence Valley_New South Wales_AU,Coutts Crossing,AU,-29.815252233241,152.89986147542
Covington_City of Covington_Virginia_US,Covington,US,37.825704000802,-79.984009001356
Cox's Bazar_NaN_Chittagong_BD,Cox's Bazar,BD,21.446379093919195,91.96993868963584
Cozes_Departement de la Charente-Maritime_Poitou-Charentes_FR,Cozes,FR,45.514873048609,-0.85094423416681
Craigavon_Craigavon District_Northern Ireland_GB,Craigavon,GB,54.467322017172,-6.3738146570753
Cranbrook_NaN_British Columbia_CA,Cranbrook,CA,49.487863886846,-115.80413611205
Cravinhos_Cravinhos_Sao Paulo_BR,Cravinhos,BR,-21.27865393673,-47.752161564492
Crawley Down_West Sussex_England_GB,Crawley Down,GB,51.073222218425,-0.081736133647108
Creshevo_NaN_NaN_MK,Creshevo,MK,42.04306602314592,21.501843146056896
Creston_NaN_British Columbia_CA,Creston,CA,49.117177776913,-116.53586388873
Cristobal_Provincia de Salamanca_Castille and Leon_ES,Cristobal,ES,40.448150805858,-5.8769899084514
Crosbyton_Crosby County_Texas_US,Crosbyton,US,33.657356248687,-101.19970722635
Crotone_Provincia di Crotone_Calabria_IT,Crotone,IT,39.017896200796,17.157344584056
Crottendorf_NaN_Saxony_DE,Crottendorf,DE,50.495732369002,12.974145327049
Crow Agency_Big Horn County_Montana_US,Crow Agency,US,45.360413169714,-107.35788635176
Crozon_Departement du Finistere_Brittany_FR,Crozon,FR,48.229455735799,-4.5026746353789
Cruz Grande_NaN_Guerrero_MX,Cruz Grande,MX,16.703017320039,-99.104508516943
Csengod_NaN_Bacs-Kiskun_HU,Csengod,HU,46.763364469942,19.241643800021
Cuajinicuilapa de Santa Maria_NaN_Guerrero_MX,Cuajinicuilapa de Santa Maria,MX,16.501956497649,-98.460825800115
Cuba City_Grant County_Wisconsin_US,Cuba City,US,42.603884591279,-90.430797889729
Cuba_Crawford County_Missouri_US,Cuba,US,38.086196806786,-91.38230530781
Cubulcut_Comuna Sacueni_Bihor_RO,Cubulcut,RO,47.352694007512,22.172229420996
Cuellar_Provincia de Segovia_Castille and Leon_ES,Cuellar,ES,41.415666724144,-4.3471504855796
Cuenca_NaN_Azuay_EC,Cuenca,EC,-3.1313681654752,-79.236667754147
Cuernavaca_Cuernavaca_Morelos_MX,Cuernavaca,MX,18.933308087442,-99.224637706662
Cuiaba_Cuiaba_Mato Grosso_BR,Cuiaba,BR,-15.554855277385,-56.05799074617
Cumaral_NaN_Meta_CO,Cumaral,CO,4.3457548029475,-73.440705970014
Cumberland_Cumberland County_Virginia_US,Cumberland,US,37.526498739823,-78.178439245238
Cummins_Lower Eyre Peninsula_South Australia_AU,Cummins,AU,-33.532638888951,135.10519444476
Cunderdin_Cunderdin_Western Australia_AU,Cunderdin,AU,-31.949916669932,117.68255555052
Cupuan del Rio_La Huacana_Michoacan_MX,Cupuan del Rio,MX,18.848953838272,-102.0709155771
Curahuasi_Provincia de Abancay_Apurimac_PE,Curahuasi,PE,-13.563200836696,-72.577742762091
Curanilahue_Provincia de Arauco_Biobio_CL,Curanilahue,CL,-37.533042338747,-73.419901664687
Curitibanos_Curitibanos_Santa Catarina_BR,Curitibanos,BR,-27.583805069789,-50.752499053257
Curvelo_Curvelo_Minas Gerais_BR,Curvelo,BR,-19.097422233688043,-44.550639565543385
Cushing_Payne County_Oklahoma_US,Cushing,US,35.985431235096,-96.698619404789
Custer_Custer County_South Dakota_US,Custer,US,43.71191316759057,-103.44672869046131
Custines_Departement de Meurthe-et-Moselle_Lorraine_FR,Custines,FR,48.792984899759,6.1581185056696
Cuyamel_NaN_Cortes_HN,Cuyamel,HN,15.66315450161003,-88.16381131256449
Cyangugu_NaN_Western Province_RW,Cyangugu,RW,-2.5640145320589927,29.004486083124306
Cycow_Powiat leczynski_Lublin Voivodeship_PL,Cycow,PL,51.212133143057,23.111020219522
Czaplinek_Powiat drawski_West Pomeranian Voivodeship_PL,Czaplinek,PL,53.604247739726,16.195480903361
Dabat_NaN_Amhara_ET,Dabat,ET,13.260185482827,37.509839214957
Dadus_Province of Maguindanao_Autonomous Region in Muslim Mindanao_PH,Dadus,PH,7.0464799986496,124.31455799915
Daegu_NaN_Daegu_KR,Daegu,KR,35.90977850627725,128.63886953768542
Daeni_Comuna Daeni_Tulcea_RO,Daeni,RO,44.862282726137,28.132437708646
Dagami_Province of Leyte_Eastern Visayas_PH,Dagami,PH,11.026406018887,124.90403804272
Dagbeli_NaN_Antalya_TR,Dagbeli,TR,37.182114272161,30.486356016963
Dagyolu_NaN_Tunceli_TR,Dagyolu,TR,39.561066400416,40.029479458507
Dakar_NaN_Dakar_SN,Dakar,SN,14.690807322987,-17.43367515179
Dalaba_Dalaba_Mamou_GN,Dalaba,GN,10.834109062236,-12.193601874831
Dalaman_NaN_Mugla_TR,Dalaman,TR,36.801283675616,28.817345725143
Dalby_Western Downs_Queensland_AU,Dalby,AU,-27.027351779554365,151.24667927055734
Dalhart_Dallam County_Texas_US,Dalhart,US,36.137616254063,-102.63228906408
Dalian_Dalian Shi_Liaoning_CN,Dalian,CN,38.864890866338,121.59300544891
Dallastown_York County_Pennsylvania_US,Dallastown,US,39.883214434638,-76.649019156186
Dals Langed_Bengtsfors Kommun_Vaestra Goetaland_SE,Dals Langed,SE,58.925163087931,12.303455880791
Dalvik_NaN_Northeast_IS,Dalvik,IS,66.004702516322,-18.52437174032
Dalyan_NaN_NaN_TR,Dalyan,TR,36.861142961247,28.63393822351
Damavand_NaN_Tehran_IR,Damavand,IR,35.739751064735,51.941006024142
Dambulla_NaN_Central_LK,Dambulla,LK,7.702460501847847,80.82992434109639
Damparis_Departement du Jura_Franche-Comte_FR,Damparis,FR,47.119156142069,5.3716582226082
Danielskuil_Siyanda District Municipality_Northern Cape_ZA,Danielskuil,ZA,-28.17863561159,23.556435646881
Dankov_NaN_Lipetsk_RU,Dankov,RU,53.265031129095,39.256654994137
Dannhauser_Amajuba District Municipality_KwaZulu-Natal_ZA,Dannhauser,ZA,-28.128308532316,29.974408622964
Dapaong_NaN_Savanes_TG,Dapaong,TG,10.819348339977092,0.1029741823146079
Daqiao_NaN_Xinjiang Uygur Zizhiqu_CN,Daqiao,CN,41.34601501322077,81.85483533502877
Dar Kulayb_NaN_Central Governorate_BH,Dar Kulayb,BH,25.948880833757,50.588428667013
Dara_NaN_Louga_SN,Dara,SN,15.409830335350712,-15.686104967846465
Dardanelle_Yell County_Arkansas_US,Dardanelle,US,35.182441001049064,-93.2477400965454
Dareton_Wentworth_New South Wales_AU,Dareton,AU,-33.846222215494,141.79155555723
Darfield_Selwyn District_Canterbury_NZ,Darfield,NZ,-43.349365329536,171.95096907528
Dargaville_Kaipara District_Northland_NZ,Dargaville,NZ,-35.758086427874,173.65000148189
Dargaz_NaN_Razavi Khorasan_IR,Dargaz,IR,37.661566996927,59.112873005909
Darhan_NaN_Darhan Uul_MN,Darhan,MN,49.47883271971,105.95346907974
Darovskoy_NaN_Kirov_RU,Darovskoy,RU,58.781141356244,47.968442706939
Darras Hall_Northumberland_England_GB,Darras Hall,GB,55.04706405911573,-1.8148676148802816
Dartmouth_NaN_Nova Scotia_CA,Dartmouth,CA,44.860546277682,-63.548067336624
Daru_NaN_Western Province_PG,Daru,PG,-9.091514020277431,143.2060219237245
Dasoguz_NaN_Dasoguz_TM,Dasoguz,TM,42.003677931583,59.86561948768
Data Kakus_NaN_Sarawak_MY,Data Kakus,MY,2.7915209630099,114.01974821566
Datagon_Province of Negros Oriental_Central Visayas_PH,Datagon,PH,9.38062508023802,123.0692942670964
Datca_NaN_Mugla_TR,Datca,TR,36.749587442236,27.655537057139
Date_NaN_Hokkaido_JP,Date,JP,42.5844998,141.0192547
Daur_NaN_Sindh_PK,Daur,PK,26.483430007036,68.389675337002
Davao_NaN_Davao_PH,Davao,PH,7.0490369444444,125.58456777778
Daveluyville_Mauricie_Quebec_CA,Daveluyville,CA,46.121449358781,-72.206391692036
Davenport_Lincoln County_Washington_US,Davenport,US,47.672637662754,-118.01977805476
David_NaN_Chiriqui_PA,David,PA,8.4340366919828,-82.463041671048
Davutlar_NaN_Aydin_TR,Davutlar,TR,37.7731233155488,27.267668631161968
Dawson City_NaN_Yukon_CA,Dawson City,CA,64.08473422588953,-140.99020979602358
Daxi_NaN_Taiwan_TW,Daxi,TW,24.81440387054424,121.29346337455296
Daxing_NaN_Beijing_CN,Daxing,CN,39.776986358604,116.26807345883
Dayal Bagh_Agra_Uttar Pradesh_IN,Dayal Bagh,IN,27.208592527806,78.016450895392
Dayanpeken_NaN_West Nusa Tenggara_ID,Dayanpeken,ID,-8.5852544997131,116.4221964184
Debark'_NaN_Amhara_ET,Debark',ET,13.151981843145911,37.98015718235997
Debnica Kaszubska_Powiat slupski_Pomeranian Voivodeship_PL,Debnica Kaszubska,PL,54.37439700746,17.16121931027
Debrecen_NaN_Hajdu-Bihar_HU,Debrecen,HU,47.507459505795,21.685088460781
Decin_Okres Decin_Ustecky_CZ,Decin,CZ,50.854696215564,14.218665886909
Decorah_Winneshiek County_Iowa_US,Decorah,US,43.222904435072,-91.873400165515
Dedza_Dedza District_Central Region_MW,Dedza,MW,-14.180829142151,34.124984329299
Degache_NaN_Tawzar_TN,Degache,TN,34.06389767065816,8.231289331091887
Degeberga_Kristianstads Kommun_Skane_SE,Degeberga,SE,55.832141393796,13.955084995359
Degtyarsk_NaN_Sverdlovsk_RU,Degtyarsk,RU,56.708572364719,60.089951002768
Dehri_Rohtas_Bihar_IN,Dehri,IN,24.935559611613,84.003596149832
Deinum_Menameradiel_Friesland_NL,Deinum,NL,53.190004005301,5.7494140018173
Delgerhaan_NaN_Selenge_MN,Delgerhaan,MN,50.143416345138,106.21876367184
Delice_NaN_Kirikkale_TR,Delice,TR,39.878277198767,34.053482658365
Dellys_NaN_Boumerdes_DZ,Dellys,DZ,36.872251342507,3.9068320295051
Delmas_Nkangala District Municipality_Mpumalanga_ZA,Delmas,ZA,-26.105991636846,28.623644697259
Delta_Millard County_Utah_US,Delta,US,39.348642666796,-112.62200193854
Demerval Lobao_Demerval Lobao_Piaui_BR,Demerval Lobao,BR,-5.336618132290415,-42.69711155263571
Deming_Luna County_New Mexico_US,Deming,US,32.25592491433,-107.87936267241
Demirtas_NaN_Antalya_TR,Demirtas,TR,36.445416555418,32.226183670003
Demopolis_Marengo County_Alabama_US,Demopolis,US,32.588958332871,-87.836752780481
Demyansk_NaN_Novgorod_RU,Demyansk,RU,57.653536191487,32.470521786807
Den Burg_Gemeente Texel_North Holland_NL,Den Burg,NL,53.092267451952,4.826756980831
Denham Court_Campbelltown Municipality_New South Wales_AU,Denham Court,AU,-33.978177822417,150.83247423937
Denizciler_NaN_Hatay_TR,Denizciler,TR,36.625446386154,36.226357128735
Denmark_Denmark_Western Australia_AU,Denmark,AU,-34.886388888553,117.37630555494
Dennery_NaN_Dennery Quarter_LC,Dennery,LC,13.946256013301,-60.911118994122
Denton_NaN_Central River_GM,Denton,GM,13.510588086531,-14.892956394356
Denver_Bremer County_Iowa_US,Denver,US,42.715005596325,-92.266691590741
Derbent_NaN_Kocaeli_TR,Derbent,TR,40.735334493869,30.11531058544
Derby_Derby-West Kimberley_Western Australia_AU,Derby,AU,-17.649055555556,123.14825
Deschutes River Woods_Deschutes County_Oregon_US,Deschutes River Woods,US,44.037932189712,-121.42879553486
Desnogorsk_NaN_Smolensk_RU,Desnogorsk,RU,54.169160983394,33.338976360701
Devarkonda_Nalgonda_Telangana_IN,Devarkonda,IN,16.433470400993,78.704726449287
Devon_NaN_Alberta_CA,Devon,CA,53.461180172153,-113.68891773057
Devonport_Devonport_Tasmania_AU,Devonport,AU,-41.158611111111,146.27455555556
Dewas_Dewas_Madhya Pradesh_IN,Dewas,IN,23.04026587745328,75.94784409540226
Dexter_Chaves County_New Mexico_US,Dexter,US,33.120924798448,-104.44214130111
Dezful_NaN_Khuzestan_IR,Dezful,IR,32.3859174599777,48.42383042025633
Dhanera_Banas Kantha_Gujarat_IN,Dhanera,IN,24.43313377609,72.098749562399
Dharmapuri_Dharmapuri_Tamil Nadu_IN,Dharmapuri,IN,12.076629389238,78.111027130756
Dhone_Kurnool_Andhra Pradesh_IN,Dhone,IN,15.581152353614,77.940133571428
Dhule_Dhule_Maharashtra_IN,Dhule,IN,20.750171795651,74.716968671362
Diamantina_Diamantina_Minas Gerais_BR,Diamantina,BR,-18.228550311288,-43.589584097564
Dibba Al-Fujairah_NaN_Al Fujayrah_AE,Dibba Al-Fujairah,AE,25.500372361225,56.025616694288
Dibulla_NaN_La Guajira_CO,Dibulla,CO,11.24623307837,-73.56129704481
Dickinson_Stark County_North Dakota_US,Dickinson,US,46.891863078313,-102.83049909706
Didi Lilo_NaN_NaN_GE,Didi Lilo,GE,41.642589721636,44.949258039714
Diego de Almagro_Provincia de Chanaral_Atacama_CL,Diego de Almagro,CL,-26.483133054192,-69.98800021669
Dien Bien Phu_NaN_Huyen Dien Bien_VN,Dien Bien Phu,VN,21.599696342816,102.81778094148
Diensdorf-Radlow_NaN_Brandenburg_DE,Diensdorf-Radlow,DE,52.239693782404,14.024172347952
Dietmannsried_Swabia_Bavaria_DE,Dietmannsried,DE,47.844075133259,10.276784816436
Diez de Octubre_NaN_La Habana_CU,Diez de Octubre,CU,23.075207295366,-82.358613239678
Digor_NaN_Kars_TR,Digor,TR,40.332623064893,43.453456449763
Digri_NaN_Sindh_PK,Digri,PK,25.057822897581,69.102993990976
Diguvametta_Prakasam_Andhra Pradesh_IN,Diguvametta,IN,15.40846048611,78.803008351776
Dikhil_NaN_Dikhil_DJ,Dikhil,DJ,11.208554700000004,42.274262700000016
Dili_NaN_Dili_TL,Dili,TL,-8.621721385804,125.52004604012
Dillon_Beaverhead County_Montana_US,Dillon,US,45.228883943305,-112.64158909638
Dimbokro_NaN_Lacs_CI,Dimbokro,CI,6.6369661595772,-4.7870731090141
Dinaig_Province of Maguindanao_Autonomous Region in Muslim Mindanao_PH,Dinaig,PH,7.0107924491696,124.3266849625
Dinalongan_Province of Aurora_Central Luzon_PH,Dinalongan,PH,16.09649823388,121.81716642566
Dinar_NaN_Afyonkarahisar_TR,Dinar,TR,38.026030404908,30.177639698093
Dingcheng_NaN_Anhui Sheng_CN,Dingcheng,CN,32.53545343436,117.68843214208
Dingle_Ciarrai_Munster_IE,Dingle,IE,52.169745982401,-10.237485966778
Dioila_NaN_Koulikoro_ML,Dioila,ML,12.658013316077,-7.165431469922
Diplo_NaN_Sindh_PK,Diplo,PK,24.459165302677,69.624755993499
Dispur_Kamrup Metropolitan_Assam_IN,Dispur,IN,26.108981630843,91.846690363609
Diveyevo_NaN_Nizjnij Novgorod_RU,Diveyevo,RU,55.0357055,43.2536375
Dixon Lane-Meadow Creek_Inyo County_California_US,Dixon Lane-Meadow Creek,US,37.812761678395,-118.52060198913
Diyag_NaN_Tibet Autonomous Region_CN,Diyag,CN,32.068677154115,78.214638337938
Dizangue_NaN_Littoral_CM,Dizangue,CM,3.9489592978872,9.9767262400875
Djelfa_NaN_Djelfa_DZ,Djelfa,DZ,34.695293547377,3.2603257618033
Djibouti_NaN_Djibouti_DJ,Djibouti,DJ,11.558778810077,43.145768655848
Djidiouia_NaN_Relizane_DZ,Djidiouia,DZ,35.870007603499,0.69906548271801
Djounie_NaN_Mont-Liban_LB,Djounie,LB,33.997318428356,35.761989916278
Dobele_NaN_Dobeles Rajons_LV,Dobele,LV,56.678252348197,23.347564662381
Dobrush_NaN_Gomel_BY,Dobrush,BY,52.303752105963,31.378633161735
Dobryanka_NaN_Perm_RU,Dobryanka,RU,58.76527577936,56.807720720252
Dodola_NaN_Oromiya_ET,Dodola,ET,6.5641363833326,39.036529187269
Dodoma_NaN_Dodoma_TZ,Dodoma,TZ,-6.1116790452000025,35.72063651480001
Dogubayazit_NaN_Agri_TR,Dogubayazit,TR,39.725930333768,44.131507146245
Doiwala_Dehradun_Uttarakhand_IN,Doiwala,IN,30.156088740531622,78.14456439759391
Dolni Dubnik_Obshtina Dolni Dubnik_Pleven_BG,Dolni Dubnik,BG,43.42336433534904,24.39273294462286
Dolni Loucky_Okres Brno-Venkov_South Moravian_CZ,Dolni Loucky,CZ,49.38539666666667,16.280933333333337
Dolus-d'Oleron_Departement de la Charente-Maritime_Poitou-Charentes_FR,Dolus-d'Oleron,FR,45.919603880849,-1.2984446865304
Don Sak_NaN_Surat Thani_TH,Don Sak,TH,9.0674797811878,99.833776186943
Don Samuel_Escarcega_Campeche_MX,Don Samuel,MX,18.337848489242,-91.224009899583
Dondo_NaN_Sofala_MZ,Dondo,MZ,-19.445810693248,34.530756934172
Dondukovskaya_NaN_Adygeya_RU,Dondukovskaya,RU,44.87943149413428,40.296744057719
Donegal_County Donegal_Ulster_IE,Donegal,IE,54.63806742167,-8.1188124763439
Dong Ha_NaN_Quang Tri_VN,Dong Ha,VN,16.844628327515,107.08974327054
Dongara_Irwin_Western Australia_AU,Dongara,AU,-29.159694444444,115.55291666667
Dongen_Gemeente Dongen_North Brabant_NL,Dongen,NL,51.574972220176,4.9709249974909
Donggongon_NaN_Sabah_MY,Donggongon,MY,5.8552102456061,116.31397584035
Dongshan_NaN_Guangdong_CN,Dongshan,CN,21.663646964464338,110.63880518911432
Donskoye_NaN_Stavropol'skiy_RU,Donskoye,RU,45.532804913595,41.963325232417
Donskoye_NaN_Tambov_RU,Donskoye,RU,52.769607550806,41.440323692896
Dorobantu_Comuna Nicolae Balcescu_Constanta_RO,Dorobantu,RO,44.39718434546,28.351372929817
Dorp Soto_NaN_NaN_CW,Dorp Soto,CW,12.304951525917,-69.133165096713
Dos de Mayo_NaN_Misiones_AR,Dos de Mayo,AR,-27.060161514935,-54.737357684776
Dostyq_NaN_Almaty Oblysy_KZ,Dostyq,KZ,46.07354710000192,82.0630349000019
Douala_NaN_Littoral_CM,Douala,CM,4.0410275659597,9.7269742770166
Douentza_NaN_Mopti_ML,Douentza,ML,15.006096103997564,-2.979125773494764
Douglas_Converse County_Wyoming_US,Douglas,US,42.651255938554,-105.19710673078
Douliu_Yunlin_Taiwan_TW,Douliu,TW,23.757956574599,120.26854134746
Dourados_Dourados_Mato Grosso do Sul_BR,Dourados,BR,-22.080125509325,-54.769798671951
Dowa_Dowa District_Central Region_MW,Dowa,MW,-13.727413000484,34.12252800013
Dowlatabad_NaN_Isfahan_IR,Dowlatabad,IR,32.72253844038,51.802435483824
Dowsk_NaN_Gomel_BY,Dowsk,BY,53.019012862966,30.569700294117
Draganesti_Comuna Draganesti_Bihor_RO,Draganesti,RO,46.618388172515,22.407659059442
Dryden_NaN_Ontario_CA,Dryden,CA,49.53625470000002,-92.1573683
Dschang_NaN_West_CM,Dschang,CM,5.3938927041847,10.001751338364
Duayaw Nkwanta_NaN_NaN_GH,Duayaw Nkwanta,GH,6.9199407538514,-2.3754457226568
Dublin_Cheshire County_New Hampshire_US,Dublin,US,42.903994377459,-72.088725782731
Dublin_Pulaski County_Virginia_US,Dublin,US,37.094749717174,-80.739428101512
Dubovka_NaN_Tula_RU,Dubovka,RU,53.855820398088,38.040867849327
Dubovka_NaN_Volgograd_RU,Dubovka,RU,49.18129297128908,44.8744046663504
Dubovskoye_NaN_Rostov_RU,Dubovskoye,RU,47.446782000016,42.828533999522
Dubovyy Umet_NaN_Samara_RU,Dubovyy Umet,RU,53.02382403319,50.302999871513
Dubreka_Prefecture de Dubreka_Kindia_GN,Dubreka,GN,9.883536638514,-13.51432637179
Dudestii Noi_Comuna Dudestii Noi_Timis_RO,Dudestii Noi,RO,45.817746857461,21.097627096643
Dufftown_Moray_Scotland_GB,Dufftown,GB,57.264332358586,-3.3333663270187
Duiwelskloof_Mopani District Municipality_Limpopo_ZA,Duiwelskloof,ZA,-23.598020513088496,30.117380603406296
Dulac_Terrebonne Parish_Louisiana_US,Dulac,US,29.420623641682,-90.699282728588
Dulag_Province of Leyte_Eastern Visayas_PH,Dulag,PH,10.931144452083,125.01711514073
Dumabato_Province of Quirino_Cagayan Valley_PH,Dumabato,PH,16.268623333129,121.65231836025
Dumanjog_Province of Cebu_Central Visayas_PH,Dumanjog,PH,10.040805002748,123.42741499692
Dumbea_Dumbea_South Province_NC,Dumbea,NC,-22.150833333333,166.44277777778
Dummer_NaN_Mecklenburg-Vorpommern_DE,Dummer,DE,53.510687881255,11.173435801212
Duncan_Stephens County_Oklahoma_US,Duncan,US,34.478662526618,-97.977130439351
Dundaga_NaN_Dundaga_LV,Dundaga,LV,57.482480995454,22.135467007809
Dundong_NaN_Guizhou Sheng_CN,Dundong,CN,25.908735721504,109.17225527403
Dunedoo_Warrumbungle Shire_New South Wales_AU,Dunedoo,AU,-31.838194441102,149.07575002897
Dungloe_County Donegal_Ulster_IE,Dungloe,IE,54.886236663796,-8.3066183260971
Dunmanway_County Cork_Munster_IE,Dunmanway,IE,51.711221107113,-9.029233782981
Duobagou_NaN_Heilongjiang Sheng_CN,Duobagou,CN,40.270433312921,93.930683833621
Durango_La Plata County_Colorado_US,Durango,US,37.313554636355,-108.06902977727
Durgapur_Chandrapur_Maharashtra_IN,Durgapur,IN,19.997544032854,79.245625132258
Durrenasch_Bezirk Lenzburg_Aargau_CH,Durrenasch,CH,47.31153081697534,8.172712970288334
Durtal_Departement de Maine-et-Loire_Pays de la Loire_FR,Durtal,FR,47.63113515769849,-0.2974179809448843
Dushanbe_NaN_Dushanbe_TJ,Dushanbe,TJ,38.548771835886,68.822957466165
Dusi_Tiruvannamalai_Tamil Nadu_IN,Dusi,IN,12.776966704367,79.67814161341
Dzhalagash_NaN_Qyzylorda_KZ,Dzhalagash,KZ,45.072095565602,64.312250033073
Dzhambeyty_NaN_Batys Qazaqstan_KZ,Dzhambeyty,KZ,50.262351027468,52.6005509568
Dzhebariki-Khaya_NaN_Sakha_RU,Dzhebariki-Khaya,RU,62.795772220563,136.88134724695
Dzhetygara_NaN_Qostanay_KZ,Dzhetygara,KZ,51.532765305761004,61.631477326074
Dzhubga_NaN_Krasnodarskiy_RU,Dzhubga,RU,44.305476018021,38.710408091741
Dzitbalche_NaN_Campeche_MX,Dzitbalche,MX,20.279453057478,-90.072374998429
Dzuunmod_NaN_Central Aimak_MN,Dzuunmod,MN,47.773713197843,107.2590642621
Eagle Point_Jackson County_Oregon_US,Eagle Point,US,42.456934343708,-122.69112174575
East Dubuque_Jo Daviess County_Illinois_US,East Dubuque,US,42.347413375536,-90.694678382995
East Gull Lake_Cass County_Minnesota_US,East Gull Lake,US,46.432601265297,-94.306730165605
East London_Buffalo City Metropolitan Municipality_Eastern Cape_ZA,East London,ZA,-32.820722119325,28.007905151411
Easton_Aroostook County_Maine_US,Easton,US,46.529985405449,-67.904125711451
Eastport_Washington County_Maine_US,Eastport,US,44.788633402204,-67.067416095455
Eaton_Dardanup_Western Australia_AU,Eaton,AU,-33.321978705667,115.72155913693
Ebejico_NaN_Antioquia_CO,Ebejico,CO,6.3253285092953,-75.855955473673
Ebelsbach_Regierungsbezirk Unterfranken_Bavaria_DE,Ebelsbach,DE,50.007481818902,10.665394000288
Ebensfeld_Upper Franconia_Bavaria_DE,Ebensfeld,DE,50.084061384542,10.965625129018
Ebolowa_NaN_South Province_CM,Ebolowa,CM,2.9194688072532,11.291772468175
Ecatzingo de Hidalgo_NaN_Mexico_MX,Ecatzingo de Hidalgo,MX,18.96014545052,-98.774570803446
Edea_NaN_Littoral_CM,Edea,CM,3.8073466632213,10.120352475534
Eden_Concho County_Texas_US,Eden,US,31.216677284883,-99.880915024457
Edgefield_Edgefield County_South Carolina_US,Edgefield,US,33.730484427252,-81.971532365567
Edgeworthstown_An Longfort_Leinster_IE,Edgeworthstown,IE,53.710371920119,-7.5857181919261
Edson_NaN_Alberta_CA,Edson,CA,53.580170862773,-116.20746321189
Egilsstadir_NaN_East_IS,Egilsstadir,IS,65.340181604883,-15.029951998354
Egtved_Vejle Kommune_South Denmark_DK,Egtved,DK,55.584436785657,9.3610831365842
Eich_NaN_Rheinland-Pfalz_DE,Eich,DE,49.729250271469,8.41789691238
Ejura_NaN_Ashanti_GH,Ejura,GH,7.3106631701261,-1.5778441872487
Ekalaka_Carter County_Montana_US,Ekalaka,US,45.643059252353,-104.37462639247
Ekshaerad_Hagfors Kommun_Vaermland_SE,Ekshaerad,SE,60.00559866266176,13.330053131652344
El Algarrobal_Provincia de Ilo_Moquegua_PE,El Algarrobal,PE,-17.568264166666662,-71.10677666666666
El Angel_NaN_Carchi_EC,El Angel,EC,0.55449232091944,-78.033921639019
El Bayadh_NaN_El Bayadh_DZ,El Bayadh,DZ,33.617542975598,1.3135580497901
El Cardo_Provincia de Camana_Arequipa_PE,El Cardo,PE,-16.53355999296,-72.886391660096
El Cenizo_Webb County_Texas_US,El Cenizo,US,27.393134726927,-99.549122079856
El Diez_Culiacan_Sinaloa_MX,El Diez,MX,24.77110670466208,-107.46615363216884
El Doncello_NaN_Caqueta_CO,El Doncello,CO,1.6734045957764,-75.250111403413
El Dorado_Butler County_Kansas_US,El Dorado,US,37.826379132186,-96.894419889673
El Ejido_Provincia de Almeria_Andalusia_ES,El Ejido,ES,36.790375018936,-2.8428635964051
El Eulma_NaN_Setif_DZ,El Eulma,DZ,36.232231775838,5.639254656512
El Franco_Province of Asturias_Asturias_ES,El Franco,ES,43.543421366341,-6.8214534898286
El Fureidis_NaN_Haifa_IL,El Fureidis,IL,32.566170721659,34.943896638135
El Golaa_NaN_Qibili_TN,El Golaa,TN,33.492906955167,9.0254632892633
El Gouna_NaN_Red Sea_EG,El Gouna,EG,27.456747026829,33.593638730146
El Jadida_El-Jadida_Doukkala-Abda_MA,El Jadida,MA,33.107619289757,-8.4573644667501
El Jem_NaN_Al Mahdiyah_TN,El Jem,TN,35.274844140151004,10.632090828187
El Khroub_NaN_Constantine_DZ,El Khroub,DZ,36.143923310467,6.6144006511623
El Llano_Jesus Maria_Aguascalientes_MX,El Llano,MX,21.935614851359,-102.31684964143
El Oued_NaN_El Oued_DZ,El Oued,DZ,33.394975620543306,6.851866760822937
El Pescadero_La Paz_Baja California Sur_MX,El Pescadero,MX,23.234349257451,-110.1475222114
El Pino_NaN_Atlantida_HN,El Pino,HN,15.713479943821,-86.899505943703
El Pitahayo_Cuajinicuilapa_Guerrero_MX,El Pitahayo,MX,16.56877857175,-98.462811702782
El Polvorin_Marquelia_Guerrero_MX,El Polvorin,MX,16.610193797991,-98.718286100846
El Reno_Canadian County_Oklahoma_US,El Reno,US,35.529877742511,-98.058523573746
El Salero_Cosio_Aguascalientes_MX,El Salero,MX,22.400661707888,-102.31056690175
El Salto_NaN_Durango_MX,El Salto,MX,23.800616909641,-105.33978622378
El Siviral (Jigica)_Navojoa_Sonora_MX,El Siviral (Jigica),MX,27.077127454028,-109.48227599346
El Soberbio_NaN_Misiones_AR,El Soberbio,AR,-27.181817153826,-54.002844625252
El Terrero_NaN_Francisco Morazan_HN,El Terrero,HN,14.011978499999998,-87.0220444
El Tigre_NaN_Anzoategui_VE,El Tigre,VE,8.889354791158041,-64.25325980590164
El Tintal_Lazaro Cardenas_Quintana Roo_MX,El Tintal,MX,20.761703870649,-87.304019828221
El'ton_NaN_Volgograd_RU,El'ton,RU,49.128651403418,46.83812232541
Elbasi_NaN_Kayseri_TR,Elbasi,TR,38.660598386427,36.056700771395
Elbow Lake_Grant County_Minnesota_US,Elbow Lake,US,46.124827777071,-95.915427777776
Eldorado_Eldorado_Mato Grosso do Sul_BR,Eldorado,BR,-23.801050690163,-54.296848670344
Elekmonar_NaN_Altay_RU,Elekmonar,RU,51.492070643024,85.979270056588
Elesbao Veloso_Elesbao Veloso_Piaui_BR,Elesbao Veloso,BR,-6.09227056252498,-41.83521632597572
Eleskirt_NaN_Agri_TR,Eleskirt,TR,39.794863821345,42.554341901071
Elizabethtown_Essex County_New York_US,Elizabethtown,US,44.250084601044,-73.501975656811
Elk City_Beckham County_Oklahoma_US,Elk City,US,35.411745797366,-99.443714281664
Elk Rapids_Antrim County_Michigan_US,Elk Rapids,US,44.840194281703,-85.447825252401
Elk Ridge_Utah County_Utah_US,Elk Ridge,US,39.948983473136,-111.68119207534
Elkhovo_Obshtina Elkhovo_Yambol_BG,Elkhovo,BG,42.058358897597,26.588188832813
Elkhovo_Obshtina Nikolaevo_Stara Zagora_BG,Elkhovo,BG,42.289772224493,25.437267588404
Ellinwood_Barton County_Kansas_US,Ellinwood,US,38.347401546814,-98.488094259218
Elliot Lake_NaN_Ontario_CA,Elliot Lake,CA,46.207496936906,-83.081146223443
Elliot_Chris Hani District Municipality_Eastern Cape_ZA,Elliot,ZA,-31.36112411946054,27.820291259213743
Ellsworth_Hancock County_Maine_US,Ellsworth,US,44.633726623223,-68.375469382151
Eltham_South Taranaki District_Taranaki_NZ,Eltham,NZ,-39.328969954559,174.63690058405
Ely_White Pine County_Nevada_US,Ely,US,39.273764641784,-114.96025310787
Emboscada_NaN_Cordillera_PY,Emboscada,PY,-25.228422767428,-57.341236032357
Emerald_Central Highlands_Queensland_AU,Emerald,AU,-24.292361111111,148.33733333303
Emleben_NaN_Thuringia_DE,Emleben,DE,50.914064837949,10.702740368582
Emporeio_Nomos Kykladon_South Aegean_GR,Emporeio,GR,36.35830803547,25.400483090136
Emporia_Lyon County_Kansas_US,Emporia,US,38.111386823972,-96.139178153556
Encanada_Provincia de Cajamarca_Cajamarca_PE,Encanada,PE,-7.1340748727506,-78.352169841567
Encarnacion de Diaz_NaN_Jalisco_MX,Encarnacion de Diaz,MX,21.415960473556,-102.16419994649
Energeticheskiy_NaN_Almaty Oblysy_KZ,Energeticheskiy,KZ,43.456796648416,77.013735731663
Engerdal_Engerdal_Hedmark_NO,Engerdal,NO,62.369453487746,12.673483534645
Englehart_NaN_Ontario_CA,Englehart,CA,47.833792030875,-79.898513190319
Enid_Garfield County_Oklahoma_US,Enid,US,36.359295988518,-97.889909158948
Enix_Provincia de Almeria_Andalusia_ES,Enix,ES,36.874605283424,-2.58627086662
Ennery_NaN_Artibonite_HT,Ennery,HT,19.524787649955,-72.569823121235
Ennis_An Clar_Munster_IE,Ennis,IE,52.874938888866,-8.9424583329052
Eno_Joensuu_North Karelia_FI,Eno,FI,62.93297159539,30.300960643951
Enterprise_Washington County_Utah_US,Enterprise,US,37.409171239417,-113.53425931286
Enugu-Ezike_NaN_Enugu_NG,Enugu-Ezike,NG,6.9891156297751,7.5053740552606
Enugu_NaN_Enugu_NG,Enugu,NG,6.432781606232294,7.481626211164204
Epworth_NaN_Harare_ZW,Epworth,ZW,-17.931304832563,31.124784242711
Eqbaliyeh_NaN_Tehran_IR,Eqbaliyeh,IR,35.15097288122271,51.53195928109249
Erbil_NaN_Arbil_IQ,Erbil,IQ,36.290174291434894,44.11331574414912
Eregli_NaN_Konya_TR,Eregli,TR,37.439706324708,34.047592864004
Erick_Beckham County_Oklahoma_US,Erick,US,35.219228137462,-99.986071503142
Erndtebruck_Regierungsbezirk Arnsberg_North Rhine-Westphalia_DE,Erndtebruck,DE,50.891207831117,8.2762134719996
Errachidia_Errachidia_Meknes-Tafilalet_MA,Errachidia,MA,31.927099441313,-4.4292643051692
Ersmark_Umea Kommun_Vaesterbotten_SE,Ersmark,SE,64.09524700506,20.14018898237
Erula_Provincia di Sassari_Sardinia_IT,Erula,IT,40.852015029674,8.9669508796848
Erwinville_West Baton Rouge Parish_Louisiana_US,Erwinville,US,30.541081699972228,-91.4311521
Esbjerg_Esbjerg Kommune_South Denmark_DK,Esbjerg,DK,55.542158134318,8.3965194133874
Escanaba_Delta County_Michigan_US,Escanaba,US,45.347728691659,-86.946735343269
Escaudoeuvres_Departement du Nord_Nord-Pas-de-Calais_FR,Escaudoeuvres,FR,50.194239863238,3.2568230754639
Escorca_Illes Balears_Balearic Islands_ES,Escorca,ES,39.855470530377,2.9009042658421
Eseka_NaN_Centre_CM,Eseka,CM,3.6744836038581,10.477582374133
Eskifjoerdur_NaN_East_IS,Eskifjoerdur,IS,64.899996188147,-13.897523022874
Espanola_NaN_Ontario_CA,Espanola,CA,46.324750901546,-81.617398174936
Esperanza_NaN_Villa Clara_CU,Esperanza,CU,22.474194893206,-80.125695031582
Espinosa_Espinosa_Minas Gerais_BR,Espinosa,BR,-14.593270685839,-42.700463157119
Esquibien_Departement du Finistere_Brittany_FR,Esquibien,FR,48.06727249463254,-4.568772274434251
Esse_NaN_Centre_CM,Esse,CM,3.894072922988,11.842892191621
Estacion Santa Engracia_Hidalgo_Tamaulipas_MX,Estacion Santa Engracia,MX,24.197118001276,-99.351421095701
Estancia_Estancia_Sergipe_BR,Estancia,BR,-11.392908605478,-37.330520111417
Estcourt_uThukela District Municipality_KwaZulu-Natal_ZA,Estcourt,ZA,-28.814626655073,29.810672858599
Esteio_Esteio_Rio Grande do Sul_BR,Esteio,BR,-29.84554341442,-51.200756602204
Estrela_Vacaria_Rio Grande do Sul_BR,Estrela,BR,-28.239361947087,-50.771106443127
Estremoz_Estremoz_Evora_PT,Estremoz,PT,38.920776776763,-7.5284558267979
Eucaliptus_NaN_La Paz_BO,Eucaliptus,BO,-17.460227007681,-67.487035988532
Euratsfeld_Politischer Bezirk Amstetten_Lower Austria_AT,Euratsfeld,AT,48.0787685102494,14.950469057551135
Eureka_Eureka County_Nevada_US,Eureka,US,39.376810673567,-115.82283042874
Eusebio_Eusebio_Ceara_BR,Eusebio,BR,-3.8799254846075,-38.459808296038
Evanton_Highland_Scotland_GB,Evanton,GB,57.978209409429,-4.5388044492629
Evart_Osceola County_Michigan_US,Evart,US,44.045850260116,-85.168879206611
Even Yehuda_NaN_Central District_IL,Even Yehuda,IL,32.265258342824,34.83941631961
Evje_Evje og Hornnes_Aust-Agder_NO,Evje,NO,58.636288955919,7.9825969692526
Ex-Hacienda del Copal_Irapuato_Guanajuato_MX,Ex-Hacienda del Copal,MX,20.74582745536,-101.31931976043
Eystur_NaN_Eysturoy_FO,Eystur,FO,62.1251956996,-6.7567276544911
Ezhva_NaN_Komi Republic_RU,Ezhva,RU,61.755219878589,50.76738422838
Fairchild Air Force Base_Spokane County_Washington_US,Fairchild Air Force Base,US,47.56972874437637,-117.61829876153044
Fairfield Glade_Cumberland County_Tennessee_US,Fairfield Glade,US,35.918312369861,-84.919125948408
Fairfield_Wayne County_Illinois_US,Fairfield,US,38.480406109549,-88.490032341535
Fairland_Ottawa County_Oklahoma_US,Fairland,US,36.79176901054,-94.927245155307
Fairview_NaN_Alberta_CA,Fairview,CA,56.218349016594,-118.23159287412
Faisalabad_NaN_Punjab_PK,Faisalabad,PK,31.465274581347,73.103299756939
Fajardo_NaN_Fajardo_PR,Fajardo,PR,18.344426388458,-65.664308056218
Farap_NaN_Lebap_TM,Farap,TM,39.161012247881,63.553952095451
Farila_Ljusdals Kommun_Gaevleborg_SE,Farila,SE,61.710133361134,15.693805094286
Fariman_NaN_Razavi Khorasan_IR,Fariman,IR,35.63851148448899,59.83617572916474
Farranacoush_NaN_NaN_IE,Farranacoush,IE,51.475064407712,-9.4236005565421
Farroupilha_Farroupilha_Rio Grande do Sul_BR,Farroupilha,BR,-29.201549439159,-51.268631941599
Fasnia_Provincia de Santa Cruz de Tenerife_Canary Islands_ES,Fasnia,ES,28.243235957999,-16.438712794982
Fatehpur_Fatehpur_Uttar Pradesh_IN,Fatehpur,IN,25.913831077023,80.8075706556
Fatezh_NaN_Kursk_RU,Fatezh,RU,52.25908840802589,35.820525180034615
Fauske_Fauske_Nordland_NO,Fauske,NO,67.264763000391,15.291307012131
Fellsmere_Indian River County_Florida_US,Fellsmere,US,27.722666746303,-80.979784048743
Fenghuangtai_NaN_Shandong Sheng_CN,Fenghuangtai,CN,37.52550206672104,121.33468731142314
Fengshan_NaN_Taiwan_TW,Fengshan,TW,22.695709239649,120.3273422185
Fergus Falls_Otter Tail County_Minnesota_US,Fergus Falls,US,46.394433318448,-96.19330575671
Ferndale_Whatcom County_Washington_US,Ferndale,US,48.955301603922,-122.61609181415
Fernie_NaN_British Columbia_CA,Fernie,CA,49.505384274786,-115.06767925084
Fernley_Lyon County_Nevada_US,Fernley,US,39.621786912215,-119.20247969347
Ferrara di Monte Baldo_Provincia di Verona_Veneto_IT,Ferrara di Monte Baldo,IT,45.640032168826,10.832710563704
Ferreira do Alentejo_Beja_Beja_PT,Ferreira do Alentejo,PT,38.088722787502,-8.1813579504625
Ferreira do Zezere_Ferreira do Zezere_Santarem_PT,Ferreira do Zezere,PT,39.63360691433,-8.3271184944008
Ferron_Emery County_Utah_US,Ferron,US,38.601303999828,-110.58470299967
Ferwert_Gemeente Ferwerderadiel_Friesland_NL,Ferwert,NL,53.315462692246,5.8251622979078
Fessenden_Wells County_North Dakota_US,Fessenden,US,47.70156156433,-99.774125545746
Feyzin_Departement du Rhone_Rhone-Alpes_FR,Feyzin,FR,45.66163498933,4.8575199873021
Fiambala_NaN_Catamarca_AR,Fiambala,AR,-27.683143266862487,-67.76667560471222
Fianarantsoa_NaN_Upper Matsiatra_MG,Fianarantsoa,MG,-21.176877346441,47.246651698262
Figuig (Centre)_NaN_Oriental_MA,Figuig (Centre),MA,32.362224809693,-0.84512695680647
Filadelfia_NaN_Boqueron_PY,Filadelfia,PY,-22.255645370517,-60.035042183355
Fillmore_Millard County_Utah_US,Fillmore,US,39.21703928417,-112.15639641746
Filotion_Nomos Kykladon_South Aegean_GR,Filotion,GR,37.045607397188,25.49125567289
Finley_Berrigan_New South Wales_AU,Finley,AU,-35.338527779162,145.63599999969
Finnsnes_Lenvik_Troms_NO,Finnsnes,NO,69.11517670895854,18.018314000382453
Fira_Nomos Kykladon_South Aegean_GR,Fira,GR,36.427056231729,25.429122087097
Fishersville_Augusta County_Virginia_US,Fishersville,US,38.076282665033,-78.999987754655
Fjalkinge_Kristianstads Kommun_Skane_SE,Fjalkinge,SE,55.984766520705,14.293800080118
Fjellfoten_Nes_Akershus_NO,Fjellfoten,NO,60.081151815914,11.434824316226
Flanders_Suffolk County_New York_US,Flanders,US,40.903837861696,-72.605489404578
Flandes_Flandes_Tolima_CO,Flandes,CO,4.2657825583519,-74.851028975856
Flen_Flens Kommun_Soedermanland_SE,Flen,SE,58.938705615422,16.607527449292
Flinders View_Ipswich_Queensland_AU,Flinders View,AU,-27.656256658549,152.77470642751
Florala_Covington County_Alabama_US,Florala,US,31.11645210693,-86.451440064333
Florenceville-Bristol_NaN_New Brunswick_CA,Florenceville-Bristol,CA,46.398105795978,-67.641238453906
Florida City_Miami-Dade County_Florida_US,Florida City,US,25.437233999619,-80.707800999561
Florida_NaN_Florida_UY,Florida,UY,-33.925024226301,-56.250417162448
Flying Fish Cove_NaN_NaN_CX,Flying Fish Cove,CX,-10.524322143575,105.6527603712
Foam Lake_NaN_Saskatchewan_CA,Foam Lake,CA,51.506988705102,-103.84586842253
Foix_Departement de l'Ariege_Midi-Pyrenees_FR,Foix,FR,42.983849999568,1.571075006542
Foltesti_Comuna Foltesti_Galati_RO,Foltesti,RO,45.769851971037,28.06895406404
Fonteblanda_Provincia di Grosseto_Tuscany_IT,Fonteblanda,IT,42.59285602553,11.159491814999
Fontezuelas_Metztitlan_Hidalgo_MX,Fontezuelas,MX,20.618570322454,-98.83570001846
Forecariah_Prefecture de Forecariah_Kindia_GN,Forecariah,GN,9.42344033721,-13.088176884298
Forest Hill_Wagga Wagga_New South Wales_AU,Forest Hill,AU,-35.307869648532,147.68675266473
Formosa_Formosa_Goias_BR,Formosa,BR,-15.568034692204,-47.243640377775
Forquilhinha_Forquilhinha_Santa Catarina_BR,Forquilhinha,BR,-28.812688016439,-49.387777560096
Forrest City_Saint Francis County_Arkansas_US,Forrest City,US,34.9997927798159,-90.86472033933092
Forsand_Forsand_Rogaland_NO,Forsand,NO,58.803462970664,6.3633062126863
Forssa_Forssa_Haeme_FI,Forssa,FI,60.72274922546,23.621913429896
Forster_Great Lakes_New South Wales_AU,Forster,AU,-32.092824767753,152.47879503146
Forsyth_Monroe County_Georgia_US,Forsyth,US,33.12781810954,-83.829993069909
Fort Belknap Agency_Blaine County_Montana_US,Fort Belknap Agency,US,48.407318370216,-108.34841411886
Fort Bragg_Mendocino County_California_US,Fort Bragg,US,39.76467924178424,-123.82610644520445
Fort Dauphin_NaN_Anosy_MG,Fort Dauphin,MG,-24.79145193805569,47.080162253111
Fort Fairfield_Aroostook County_Maine_US,Fort Fairfield,US,46.815049525256,-67.896929875003
Fort Frances_NaN_Ontario_CA,Fort Frances,CA,48.50361071522907,-93.37083542678218
Fort Hall_Bingham County_Idaho_US,Fort Hall,US,43.068351793695,-112.40286686046
Fort Hancock_Hudspeth County_Texas_US,Fort Hancock,US,31.328162456573,-105.87755801946
Fort Madison_Lee County_Iowa_US,Fort Madison,US,40.762232690966,-91.405504014594
Fort Nelson_NaN_British Columbia_CA,Fort Nelson,CA,58.824612554503865,-123.51560727194166
Fort St. John_NaN_British Columbia_CA,Fort St. John,CA,56.28853566445475,-121.21987073599732
Fort Sumner_De Baca County_New Mexico_US,Fort Sumner,US,34.689946993329,-104.37951791098
Fort Wayne_Allen County_Indiana_US,Fort Wayne,US,41.135292125467,-85.097720953984
Fort-Coulonge_Outaouais_Quebec_CA,Fort-Coulonge,CA,45.819931072753,-76.670700834431
Fortuna_Humboldt County_California_US,Fortuna,US,40.569922860578,-124.20211381584
Fosca_NaN_Cundinamarca_CO,Fosca,CO,4.3639522344053,-73.899822930378
Foscoe_Watauga County_North Carolina_US,Foscoe,US,36.121315729172,-81.752842582388
Fossbergom_Lom_Oppland_NO,Fossbergom,NO,61.846566003875,8.5981310108019
Fountain Inn_Greenville County_South Carolina_US,Fountain Inn,US,34.746660064877,-82.141399531824
Foxton_Horowhenua District_Manawatu-Wanganui_NZ,Foxton,NZ,-40.488047758681,175.43555877052
Foza_Provincia di Vicenza_Veneto_IT,Foza,IT,45.899152065099,11.630090903779
Fraccionamiento la Noria_Torreon_Coahuila_MX,Fraccionamiento la Noria,MX,25.587717007699503,-103.38649124576052
Francisco Rueda_Huimanguillo_Tabasco_MX,Francisco Rueda,MX,17.654385956312968,-93.81686700279104
Francisco Sa_Francisco Sa_Minas Gerais_BR,Francisco Sa,BR,-16.552738625099604,-43.66591304840638
Franklin_Oakland County_Michigan_US,Franklin,US,42.520052255882,-83.320493183731
Fredericksburg_Gillespie County_Texas_US,Fredericksburg,US,30.392706644352,-98.677545152254
Fredericton_NaN_New Brunswick_CA,Fredericton,CA,45.918038772889,-66.593514972557
Freire_Provincia de Cautin_Araucania_CL,Freire,CL,-38.847654994287,-72.694218980673
Frenchtown_Missoula County_Montana_US,Frenchtown,US,46.65655918163,-114.58240994853
Friday Harbor_San Juan County_Washington_US,Friday Harbor,US,48.542386976779184,-123.1107869855928
Fristad_Storumans Kommun_Vaesterbotten_SE,Fristad,SE,65.327491887903,16.63554106857
Frombork_Powiat braniewski_Warmian-Masurian Voivodeship_PL,Frombork,PL,54.357282222475,19.679806139836
Fronteira_Fronteira_Portalegre_PT,Fronteira,PT,39.125198227303,-7.5556324453601
Fruitland_Payette County_Idaho_US,Fruitland,US,43.93178224091,-116.93372362714
Fruitvale_NaN_British Columbia_CA,Fruitvale,CA,49.232048235271,-117.50870825018
Frumusita_Comuna Frumusita_Galati_RO,Frumusita,RO,45.657892857975,28.069302629406
Frutal_Frutal_Minas Gerais_BR,Frutal,BR,-20.02599698652,-48.698024494554
Fuente-Alamo de Murcia_Murcia_Murcia_ES,Fuente-Alamo de Murcia,ES,37.63632782732,-1.096542516833
Fuji_NaN_Sichuan_CN,Fuji,CN,29.088658394644067,105.32621841730256
Fukuchiyama_NaN_Kyoto_JP,Fukuchiyama,JP,35.410353060096,135.12456639108
Fukumitsu_NaN_Toyama_JP,Fukumitsu,JP,36.39922408345,136.90432976328
Fulgatore-Torretta_Trapani_Sicily_IT,Fulgatore-Torretta,IT,37.924644338447,12.739338388279
Fulton_Aransas County_Texas_US,Fulton,US,28.151540791944,-97.00287823206
Fulton_Itawamba County_Mississippi_US,Fulton,US,34.260153621798,-88.404150359609
Fuman_NaN_Gilan_IR,Fuman,IR,37.21397431692,49.227364582378
Funes_NaN_Santa Fe_AR,Funes,AR,-32.941743492437,-60.795179128869
Furmanov_NaN_Ivanovo_RU,Furmanov,RU,57.181987940413,41.047643435459
Futaleufu_Provincia de Palena_Los Lagos_CL,Futaleufu,CL,-43.197050755706,-71.91185600853
Gaborone_NaN_South East_BW,Gaborone,BW,-24.663977712983,25.876213544028
Gaellivare_Gallivare Kommun_Norrbotten_SE,Gaellivare,SE,67.10558714715802,20.903300167763064
Gafsa_Gafsa Municipality_Gafsa_TN,Gafsa,TN,34.6312505881392,8.988923020531802
Gaigeturi_NaN_Jeju-do_KR,Gaigeturi,KR,33.362128883163,126.24722072405
Gajuwaka_Vishakhapatnam_Andhra Pradesh_IN,Gajuwaka,IN,17.729562174678,83.217724774989
Galappo_NaN_Manyara_TZ,Galappo,TZ,-4.3267819471742,35.774395797349
Galena_Cherokee County_Kansas_US,Galena,US,37.085703053152,-94.585995485617
Galich_NaN_Kostroma_RU,Galich,RU,58.458358365583,42.371097237061
Galkissa_NaN_Western_LK,Galkissa,LK,6.8435681453871,79.8664678148
Gambela_NaN_Gambela_ET,Gambela,ET,8.362469541965,33.84652642559
Gambo_NaN_Newfoundland and Labrador_CA,Gambo,CA,48.952815961504285,-54.6045122368764
Gaming_Politischer Bezirk Scheibbs_Lower Austria_AT,Gaming,AT,47.931597675703,15.089773714199
Gandu_Gandu_Bahia_BR,Gandu,BR,-13.739036615346,-39.390632407846
Gangtok_East District_Sikkim_IN,Gangtok,IN,27.308522507992,88.594744688443
Ganye_NaN_Adamawa_NG,Ganye,NG,8.4383186560911,12.084938298473
Gaotuan_NaN_Shandong Sheng_CN,Gaotuan,CN,37.47622864289061,121.09764349853194
Gaoyao_NaN_Yunnan_CN,Gaoyao,CN,24.99565397222223,102.614214
Garafia_Provincia de Santa Cruz de Tenerife_Canary Islands_ES,Garafia,ES,28.778510285599,-17.916866104231
Garagoa_NaN_Boyaca_CO,Garagoa,CO,5.0969579183566,-73.382888129617
Garango_Province du Boulgou_Centre-Est_BF,Garango,BF,11.519750216662452,-0.495726058693218
Garden City_Finney County_Kansas_US,Garden City,US,38.00083400504778,-100.81091176955503
Garelochhead_Argyll and Bute_Scotland_GB,Garelochhead,GB,56.26021376811594,-4.931949460747428
Garies_Namakwa District Municipality_Northern Cape_ZA,Garies,ZA,-31.064835701727,18.30805740397
Garissa_NaN_Garissa_KE,Garissa,KE,-0.16557812900244,38.863205994673
Garmeh_NaN_Khorasan-e Shomali_IR,Garmeh,IR,36.421623571409,56.01225199916
Garoua Boulai_NaN_East_CM,Garoua Boulai,CM,5.7503256316338,14.450244106512
Garrison_Baltimore County_Maryland_US,Garrison,US,39.425505154392,-76.747626461888
Garzon_NaN_Huila_CO,Garzon,CO,2.1248683794782,-75.632063797007
Gassville_Baxter County_Arkansas_US,Gassville,US,36.287650040308,-92.507531838685
Gata de Gorgos_Provincia de Alicante_Valencia_ES,Gata de Gorgos,ES,38.788266721053,0.07152959317796
Gatesville_Coryell County_Texas_US,Gatesville,US,31.434987763323,-97.758639769362
Gavray_Departement de la Manche_Lower Normandy_FR,Gavray,FR,48.944330928328,-1.3893138425917
Gawu Babangida_NaN_Niger_NG,Gawu Babangida,NG,9.384471891029,6.8368949158782
Gayduk_NaN_Krasnodarskiy_RU,Gayduk,RU,44.797598380337,37.661187434235
Gayndah_North Burnett_Queensland_AU,Gayndah,AU,-25.838194443797,151.21041666676
Gazanjyk_NaN_Balkan_TM,Gazanjyk,TM,39.104280173865,55.060789248611
Gazi_NaN_Kwale_KE,Gazi,KE,-4.3044844638085,39.579161490054
Gberia Fotombu_NaN_Northern Province_SL,Gberia Fotombu,SL,10.157977995051,-11.183117190153
Geilo_Hol_Buskerud_NO,Geilo,NO,60.531317767768,8.1878207320521
Gemena_NaN_Equateur_CD,Gemena,CD,3.0824214592481,19.865034202457
General Acha_NaN_La Pampa_AR,General Acha,AR,-37.349529141563,-64.487805009894
General Alvear_NaN_Mendoza_AR,General Alvear,AR,-35.070772573062,-67.689081627065
General Belgrano_Partido de General Belgrano_Buenos Aires_AR,General Belgrano,AR,-35.716373479284,-58.48082830841
General Conesa_NaN_Buenos Aires_AR,General Conesa,AR,-36.48372472253163,-57.22770743198242
General Las Heras_Partido de General Las Heras_Buenos Aires_AR,General Las Heras,AR,-35.096747314642,-58.930180739503
General Lavalle_NaN_Mendoza_AR,General Lavalle,AR,-32.377482885779,-68.575318723423
General Lazaro Cardenas (El Colorado)_El Marques_Queretaro_MX,General Lazaro Cardenas (El Colorado),MX,20.56981987219,-100.21215061834
General Luna_Province of Quezon_Calabarzon_PH,General Luna,PH,13.69435308870662,122.17381027854138
General Villegas_NaN_Buenos Aires_AR,General Villegas,AR,-35.400775839141,-62.996389153105
Geneva_Fillmore County_Nebraska_US,Geneva,US,40.35324808844,-97.444542437952
Geneva_Ontario County_New York_US,Geneva,US,42.800209803957,-76.977575113341
George Town_NaN_NaN_KY,George Town,KY,19.317250203375,-81.382868299519
George_Eden District Municipality_Western Cape_ZA,George,ZA,-34.001123486376,22.685953171037
Georgetown_NaN_Central River_GM,Georgetown,GM,13.498950449242,-14.838436127721
Georgiana_Butler County_Alabama_US,Georgiana,US,31.557714789376,-86.739293915331
Georgiyevka_NaN_Zhambyl_KZ,Georgiyevka,KZ,43.222012341398,74.751230581773
Geras_Politischer Bezirk Horn_Lower Austria_AT,Geras,AT,48.822446939892,15.635962976885
Gevas_NaN_Van_TR,Gevas,TR,38.307038332661,43.015489954924
Ghanzi_NaN_Ghanzi_BW,Ghanzi,BW,-21.709005485921,21.70633982054
Ghardaia_NaN_Ghardaia_DZ,Ghardaia,DZ,32.387955951977,4.222361159841
Ghaziabad_Ghaziabad_Uttar Pradesh_IN,Ghaziabad,IN,28.659627867628,77.354620878499
Ghiroda_Comuna Ghiroda_Timis_RO,Ghiroda,RO,45.763703966282,21.281470369034
Gia Ray_NaN_Dong Nai_VN,Gia Ray,VN,10.967879000196,107.39752139969
Giacalone_Palermo_Sicily_IT,Giacalone,IT,38.011631501652,13.258588328552
Gibara_NaN_Holguin_CU,Gibara,CU,21.084740541674,-75.914501245059
Gigant_NaN_Rostov_RU,Gigant,RU,46.773221746298,41.371759630201
Gikongoro_NaN_Southern Province_RW,Gikongoro,RW,-2.410782385187487,29.53885815756631
Gilgandra_Gilgandra_New South Wales_AU,Gilgandra,AU,-31.797499190021,148.77830300614
Gillette_Campbell County_Wyoming_US,Gillette,US,44.273228342083,-105.49418615516
Girdwood_Anchorage Municipality_Alaska_US,Girdwood,US,60.753921461485,-149.3825094285
Gisborne_Gisborne District_Gisborne_NZ,Gisborne,NZ,-38.680729833696,177.64015067696
Gisenyi_NaN_Western Province_RW,Gisenyi,RW,-1.64511252339577,29.382297772010947
Gitarama_NaN_Southern Province_RW,Gitarama,RW,-2.0285152026201776,29.603743754581505
Giyani_Mopani District Municipality_Limpopo_ZA,Giyani,ZA,-22.997679942319,31.329964928449
Gizo_NaN_Western Province_SB,Gizo,SB,-8.107657777777778,156.84010500000002
Gjinaj_Rrethi i Hasit_Kukes_AL,Gjinaj,AL,42.104880431918,20.482854509344
Gladstone_Delta County_Michigan_US,Gladstone,US,45.906741661139,-86.992696667805
Gladstone_Gladstone_Queensland_AU,Gladstone,AU,-23.840575181514,151.25769730387
Glasgow_Barren County_Kentucky_US,Glasgow,US,36.944247696496,-85.880860525696
Glasgow_Valley County_Montana_US,Glasgow,US,48.393520221508,-107.0893349242
Glauburg_Regierungsbezirk Darmstadt_Hesse_DE,Glauburg,DE,50.271246423684,9.0466726032297
Glen Iris_Bunbury_Western Australia_AU,Glen Iris,AU,-33.342010996805,115.66730793056
Glencoe_uMzinyathi District Municipality_KwaZulu-Natal_ZA,Glencoe,ZA,-28.264783233586,29.97400540294
Glenns Ferry_Elmore County_Idaho_US,Glenns Ferry,US,42.957088361513,-115.36795788501
Gleno_NaN_Ermera_TL,Gleno,TL,-8.757061908974354,125.40406490283284
Glenrock_Converse County_Wyoming_US,Glenrock,US,42.837670041258,-106.01653240295
Glubokiy_NaN_Rostov_RU,Glubokiy,RU,48.482718656073,40.340691878619
Gobardanga_North 24 Parganas_West Bengal_IN,Gobardanga,IN,22.895648630817,88.905083020443
Goiania_Goiania_Goias_BR,Goiania,BR,-16.700115355026,-49.230943445235
Gokceada_Goekceada_Canakkale_TR,Gokceada,TR,40.185895400061,25.907574735671
Gola Bazar_Gorakhpur_Uttar Pradesh_IN,Gola Bazar,IN,26.406310019981,83.448569741588
Golbasi_Goelbasi_Ankara_TR,Golbasi,TR,39.844372398807,32.711493195669
Gold Beach_Curry County_Oregon_US,Gold Beach,US,42.467356388318,-124.41853500171
Gold Hill_Jackson County_Oregon_US,Gold Hill,US,42.429819840771,-123.03708307858
Golden Grove_Greenville County_South Carolina_US,Golden Grove,US,34.684319301358,-82.399663450948
Golden_NaN_British Columbia_CA,Golden,CA,52.169681356403,-117.03555731385
Goldfield_Esmeralda County_Nevada_US,Goldfield,US,37.647883780341,-117.21672172113
Golfito_Canton de Golfito_Puntarenas_CR,Golfito,CR,8.792439,-83.2482715
Golmarmara_NaN_Manisa_TR,Golmarmara,TR,38.758215723903,27.907255418296
Golova_NaN_Sivas_TR,Golova,TR,40.003384988337,38.629230727316
Golspie_Highland_Scotland_GB,Golspie,GB,58.528227334777,-4.2101298682959
Gomel_NaN_Gomel_BY,Gomel,BY,52.293503822844,30.937077359812
Gondar_NaN_Amhara_ET,Gondar,ET,12.388872064925,37.556318756467
Gonen_NaN_Isparta_TR,Gonen,TR,37.886789280473,30.504334953708
Gonghe_NaN_Guangdong_CN,Gonghe,CN,22.578400338459,112.86583838578
Gooding_Gooding County_Idaho_US,Gooding,US,42.938238967102,-114.97823872934
Goolwa_Alexandrina_South Australia_AU,Goolwa,AU,-35.467725361588,138.89993143474
Gopalur_Mahbubnagar_Telangana_IN,Gopalur,IN,16.76422670515,77.798765981294
Gorahun_NaN_Eastern Province_SL,Gorahun,SL,7.4680604795374,-11.2273801773
Gorakhpur_Gorakhpur_Uttar Pradesh_IN,Gorakhpur,IN,26.780990065703,83.357625658708
Gorazde_NaN_Federation of Bosnia and Herzegovina_BA,Gorazde,BA,43.623467321888,18.935456597221
Gordon Town_NaN_Saint Andrew_JM,Gordon Town,JM,18.085979985455,-76.717537987968
Gordon_Sheridan County_Nebraska_US,Gordon,US,42.792584433285,-102.2703457617
Gore_Gore District_Southland_NZ,Gore,NZ,-46.062736055573,169.00760704864
Gorgo al Monticano_Provincia di Treviso_Veneto_IT,Gorgo al Monticano,IT,45.786856641799,12.5507287282
Gorham_Coos County_New Hampshire_US,Gorham,US,44.386763581297,-71.2288977494
Goris_NaN_Syunik'i Marz_AM,Goris,AM,39.514345637364,46.362753199493
Gorman_Eastland County_Texas_US,Gorman,US,32.227826955522,-98.750724765674
Gorno-Altaysk_Mayminskiy Rayon_Altay_RU,Gorno-Altaysk,RU,51.962839133242,85.912333900278
Goroka_NaN_Eastern Highlands_PG,Goroka,PG,-6.007722454996407,145.3523206243169
Gorukle_NaN_Bursa_TR,Gorukle,TR,40.248215737531,28.791000790815
Goslar_NaN_Lower Saxony_DE,Goslar,DE,51.942315881569,10.468873791748
Gospic_NaN_Licko-Senjska_HR,Gospic,HR,44.574167137079,15.389973061834
Gostagayevskaya_NaN_Krasnodarskiy_RU,Gostagayevskaya,RU,45.08003310857048,37.56476943065385
Gothenburg_Dawson County_Nebraska_US,Gothenburg,US,40.918567691786,-100.17611859548
Goulburn_Goulburn Mulwaree_New South Wales_AU,Goulburn,AU,-35.018628803882,149.65035126796
Gouloure_Province du Boulkiemde_Centre-Ouest_BF,Gouloure,BF,12.204076326806,-2.1459760543168
Gounou Gaya_NaN_Mayo-Kebbi Est_TD,Gounou Gaya,TD,9.9797194046051,15.715431898548
Gourcy_Province du Zondoma_Nord_BF,Gourcy,BF,13.219244155906727,-2.5871133192500304
Governor's Harbour_NaN_Central Eleuthera_BS,Governor's Harbour,BS,25.182547554251,-76.201153368915
Gowurdak_NaN_Lebap_TM,Gowurdak,TM,37.702832273024,66.322066178025
Graaff-Reinet_Cacadu District Municipality_Eastern Cape_ZA,Graaff-Reinet,ZA,-31.893802005728,24.703857348827
Grand Island_Hall County_Nebraska_US,Grand Island,US,41.003308621306,-98.327967416802
Grand Ledge_Eaton County_Michigan_US,Grand Ledge,US,42.755501924245,-84.68769541904
Grand Marais_Cook County_Minnesota_US,Grand Marais,US,47.742408129558,-90.384877497984
Grande Cache_NaN_Alberta_CA,Grande Cache,CA,53.02004930201037,-119.27179453938956
Grande Prairie_NaN_Alberta_CA,Grande Prairie,CA,54.752023235655,-118.6819325986
Graneros_Provincia de Cachapoal_O'Higgins_CL,Graneros,CL,-34.082882495736,-70.772153455523
Grangeville_Idaho County_Idaho_US,Grangeville,US,45.980250445067,-116.29096230315
Granite Falls_Chelan County_Washington_US,Granite Falls,US,48.57675739641896,-120.43633454135843
Grantown on Spey_Highland_Scotland_GB,Grantown on Spey,GB,57.262021928793,-3.6973770412463
Grants_Cibola County_New Mexico_US,Grants,US,35.053910807955,-107.87452286329
Grasmere_Albany_Western Australia_AU,Grasmere,AU,-35.028570509185,117.59827320257
Gravelbourg_NaN_Saskatchewan_CA,Gravelbourg,CA,49.37840719997226,-106.5068289
Gravenhurst_NaN_Ontario_CA,Gravenhurst,CA,44.888459073017,-79.224271371228
Gravina in Puglia_Provincia di Bari_Apulia_IT,Gravina in Puglia,IT,40.815844610124,16.446507853857
Great Bend_Barton County_Kansas_US,Great Bend,US,38.361667120397,-98.807983941081
Greater Sudbury_NaN_Ontario_CA,Greater Sudbury,CA,46.118335058438,-80.674636240819
Green River_Sweetwater County_Wyoming_US,Green River,US,41.902915700097,-109.78104441007
Greenstone_NaN_Ontario_CA,Greenstone,CA,49.750223697642,-86.669734086508
Greenville_Washington County_Mississippi_US,Greenville,US,33.26930586678093,-90.99905120146762
Greenwich_Washington County_New York_US,Greenwich,US,43.145915995987,-73.398230984692
Gremyachinsk_NaN_Perm_RU,Gremyachinsk,RU,58.537282719097,57.799001709031
Grenfell_Weddin_New South Wales_AU,Grenfell,AU,-33.908296185334,148.26519046606
Greybull_Big Horn County_Wyoming_US,Greybull,US,44.550284032347,-108.1752316198
Greymouth_Grey District_West Coast_NZ,Greymouth,NZ,-42.42849266336,171.24060956635
Grijpskerk_Gemeente Zuidhorn_Groningen_NL,Grijpskerk,NL,53.233924143333,6.3236649707294
Grimaud_Departement du Var_Provence-Alpes-Cote d'Azur_FR,Grimaud,FR,43.2631499817,6.5146566999981
Grindavik_NaN_Southern Peninsula_IS,Grindavik,IS,63.845904817135,-22.434847596459
Grogol_NaN_Central Java_ID,Grogol,ID,-7.6860039829083,110.84966804829
Grottole_Provincia di Matera_Basilicate_IT,Grottole,IT,40.584773688568,16.340021561747
Grovetown_Columbia County_Georgia_US,Grovetown,US,33.486568909881,-82.22899310842
Guacheta_NaN_Cundinamarca_CO,Guacheta,CO,5.4141109309195,-73.649547080364
Guadalupe_NaN_Nuevo Leon_MX,Guadalupe,MX,25.691073448729,-100.20170913386
Guaiba_Guaiba_Rio Grande do Sul_BR,Guaiba,BR,-30.196970694475,-51.177673250253
Gualan_Municipio de Zacapa_Zacapa_GT,Gualan,GT,15.10770889999755,-89.42394660000276
Gualeguaychu_NaN_Entre Rios_AR,Gualeguaychu,AR,-33.154251752808,-58.666435312756
Guanambi_Guanambi_Bahia_BR,Guanambi,BR,-14.15855676242,-42.666126936795
Guandu_NaN_Guizhou Sheng_CN,Guandu,CN,28.51416895611149,105.98349866548276
Guangning_NaN_Beijing_CN,Guangning,CN,39.88850041021077,116.1408190875336
Guarabira_Guarabira_Paraiba_BR,Guarabira,BR,-6.8332539197935,-35.348445497608
Guaraciaba do Norte_Guaraciaba Do Norte_Ceara_BR,Guaraciaba do Norte,BR,-4.15873646302,-40.907473543862
Guarapari_Guarapari_Espirito Santo_BR,Guarapari,BR,-20.682800125713,-40.563300071933
Guasave_NaN_Sinaloa_MX,Guasave,MX,25.56588745433892,-108.43817105297104
Guayaybi_NaN_San Pedro_PY,Guayaybi,PY,-24.66783544622465,-56.391766219626426
Guaymitas_Navojoa_Sonora_MX,Guaymitas,MX,27.092489380034,-109.45447369584
Gudang_NaN_Zhejiang Sheng_CN,Gudang,CN,30.264335998747,120.11916841046
Guder_NaN_Oromiya_ET,Guder,ET,8.986258102581003,37.776968951793
Gudur_Nellore_Andhra Pradesh_IN,Gudur,IN,14.185028636037,79.869993100482
Gueckedou_Prefecture de Guekedou_Nzerekore_GN,Gueckedou,GN,8.5953899849273,-10.126939897879
Guelendeng_NaN_Mayo-Kebbi Est_TD,Guelendeng,TD,11.462906545725,15.313177020501
Guernsey_Platte County_Wyoming_US,Guernsey,US,42.469776102762,-105.02803435434
Gueydan_Vermilion Parish_Louisiana_US,Gueydan,US,29.658853080178,-92.522462729838
Guidan Roumdji_NaN_Maradi_NE,Guidan Roumdji,NE,13.638497838246996,6.742845253864398
Guider_NaN_North Province_CM,Guider,CM,9.7078862304719,13.846362012768
Guillermo Zuniga_NaN_Tamaulipas_MX,Guillermo Zuniga,MX,23.964322540562,-99.105370059176
Guisando_Provincia de Avila_Castille and Leon_ES,Guisando,ES,40.231348740533,-5.160795526864
Guiyang_NaN_Guizhou Sheng_CN,Guiyang,CN,26.946403989522,107.16479701767
Guji_NaN_Inner Mongolia_CN,Guji,CN,46.313821664409,121.20528499576
Gujo_NaN_Gifu_JP,Gujo,JP,35.827406657,137.23535222948
Gukovo_NaN_Rostov_RU,Gukovo,RU,48.102154536598,39.980830666364
Gulagac_NaN_Aksaray_TR,Gulagac,TR,38.365642796682,34.297114235268
Gulang_NaN_Gansu Sheng_CN,Gulang,CN,37.488752674795,102.90137552333
Gulgong_Mid-Western Regional_New South Wales_AU,Gulgong,AU,-32.155472222222,149.80086111111
Guliston_NaN_Sirdaryo_UZ,Guliston,UZ,40.578414991032,68.73901000289
Gumdag_NaN_Balkan_TM,Gumdag,TM,38.92077802053,54.897260977607
Gumeracha_Adelaide Hills_South Australia_AU,Gumeracha,AU,-34.791785759047,138.84890532371
Gumi_NaN_Gyeongsangbuk-do_KR,Gumi,KR,36.148172227234,128.28385832625
Gumrak_NaN_Volgograd_RU,Gumrak,RU,48.881144530369,44.312513442147
Gundelfingen_Swabia_Bavaria_DE,Gundelfingen,DE,48.520989177651,10.350077157935
Gunib_NaN_Dagestan_RU,Gunib,RU,42.393070005573,46.943826504802
Gunungmegang Dalam_NaN_South Sumatra_ID,Gunungmegang Dalam,ID,-3.422561050424736,103.79876384531676
Gure_NaN_Usak_TR,Gure,TR,38.675343139997,29.2494670353
Gurlan_NaN_Xorazm_UZ,Gurlan,UZ,41.96763175948,60.258430118268
Gurmatkal_Yadgir_Karnataka_IN,Gurmatkal,IN,16.978762604408,77.474907338136
Guskhara_Barddhaman_West Bengal_IN,Guskhara,IN,23.435780746564,87.909393145795
Gustavsberg_Varmdo Kommun_Stockholm_SE,Gustavsberg,SE,59.371171715687,18.413817371814
Guthrie_King County_Texas_US,Guthrie,US,33.593054713482,-100.28898718312
Guthrie_Logan County_Oklahoma_US,Guthrie,US,35.879867540836,-97.453157246014
Guyra_Guyra_New South Wales_AU,Guyra,AU,-30.282638888889,152.12505555556
Guzelsu_NaN_Antalya_TR,Guzelsu,TR,36.807518059863,31.762225029355
Guzhen_NaN_Guangdong_CN,Guzhen,CN,22.582940625282,113.20934756785
Gweta_NaN_Central_BW,Gweta,BW,-20.196582741383,25.187393423171
Gyundyukoru_NaN_Mardin_TR,Gyundyukoru,TR,37.192265248702,40.497151985241
Habanero 1ra. Seccion (Venustiano Carranza)_Cardenas_Tabasco_MX,Habanero 1ra. Seccion (Venustiano Carranza),MX,17.999124725608,-93.258115754354
Hachioji_NaN_Tokyo_JP,Hachioji,JP,35.687456336341,139.29187871469
Hacienda Huancane_Provincia de Lampa_Puno_PE,Hacienda Huancane,PE,-15.71879033823,-70.809740725552
Hacienda Tecate_Tecate_Baja California_MX,Hacienda Tecate,MX,32.550020646468,-116.51404186702
Hacienda la Cruz [Fraccionamiento]_El Marques_Queretaro_MX,Hacienda la Cruz [Fraccionamiento],MX,20.666490924537,-100.2728546633
Haciqabul_NaN_Haciqabul_AZ,Haciqabul,AZ,39.998674097403,49.178059167556
Hadano_NaN_Kanagawa_JP,Hadano,JP,35.407939824386,139.23095968043
Haftoni_NaN_Lankaran_AZ,Haftoni,AZ,38.78073943369,48.75102204881
Hagavik_Os_Hordaland_NO,Hagavik,NO,60.222385880887,5.3775738545525
Hagere Hiywet_NaN_Oromiya_ET,Hagere Hiywet,ET,9.2868392095208,38.063770153557
"Hagere Selam_NaN_Southern Nations, Nationalities, and People's Region_ET",Hagere Selam,ET,6.5734423079351,38.902420004565
Hagerman_Chaves County_New Mexico_US,Hagerman,US,33.415932128808,-103.79917689889
Haiku-Pauwela_Maui County_Hawaii_US,Haiku-Pauwela,US,20.937662391953,-156.33689444328
Haines Junction_NaN_Yukon_CA,Haines Junction,CA,60.724297999972265,-137.42577369999998
Haines_Haines Borough_Alaska_US,Haines,US,59.30856999941536,-135.54448824560765
Haiphong_NaN_Hai Phong_VN,Haiphong,VN,20.820389789536,106.74995820201
Hajmasker_NaN_Veszprem_HU,Hajmasker,HU,47.139954255769,18.001365960572
Hakha_NaN_Chin_MM,Hakha,MM,22.662156862947,93.574196220832
Hakodate_NaN_Hokkaido_JP,Hakodate,JP,41.828304479344375,140.76303997850133
Haldibari_Koch Bihar_West Bengal_IN,Haldibari,IN,26.215267544551,88.902704661815
Hale Center_Hale County_Texas_US,Hale Center,US,33.985371271377,-101.85382101438
Halls Creek_Halls Creek_Western Australia_AU,Halls Creek,AU,-18.476138888665,127.40977777778
Hallstavik_Norrtalje Kommun_Stockholm_SE,Hallstavik,SE,60.039134004189,18.696952971108
Hals_Alborg Kommune_North Denmark_DK,Hals,DK,57.055646335155,10.376295982082
Haltwhistle_Northumberland_England_GB,Haltwhistle,GB,55.167834304055,-2.4834799342997
Hamilton_Hamilton City_Waikato_NZ,Hamilton,NZ,-37.786676783204,175.3041837437
Hamilton_NaN_Hamilton city_BM,Hamilton,BM,32.27173482613,-64.874713623293
Hamilton_NaN_Ontario_CA,Hamilton,CA,43.22132031061369,-79.73536643993937
Hamilton_Ravalli County_Montana_US,Hamilton,US,45.934643197845,-114.12048428436
Hammam Bou Hadjar_NaN_Ain Temouchent_DZ,Hammam Bou Hadjar,DZ,35.286871279279,-1.0114372665117
Hammarstrand_Ragunda Kommun_Jaemtland_SE,Hammarstrand,SE,62.974642404215,16.674463890977
Hammel_Favrskov Kommune_Central Jutland_DK,Hammel,DK,56.289147675118,9.9274420324281
Hammerfest_Hammerfest_Finnmark Fylke_NO,Hammerfest,NO,70.67670456000211,23.64276486398843
Hampi_Bellary_Karnataka_IN,Hampi,IN,15.363648345897,76.512443567673
Hampton_Franklin County_Iowa_US,Hampton,US,42.738463700853,-93.182821478445
Hampton_NaN_New Brunswick_CA,Hampton,CA,45.654719457881,-65.864988974832
Hamzali_NaN_Diyarbakir_TR,Hamzali,TR,38.357427802832,41.10784977766
Han_NaN_Eskisehir_TR,Han,TR,39.228567222966,30.783929869074
Hanceville_NaN_British Columbia_CA,Hanceville,CA,52.065377352872,-123.23448494582
Hanga Roa_NaN_Valparaiso_CL,Hanga Roa,CL,-27.15023687442,-109.43680319622
Hanna_NaN_Alberta_CA,Hanna,CA,52.025481532029,-112.14819756056
Hantsport_NaN_Nova Scotia_CA,Hantsport,CA,45.048647010549,-64.182104317959
Haradok_NaN_Vitebsk_BY,Haradok,BY,55.236970944693,29.917374348969
Harare_NaN_Harare_ZW,Harare,ZW,-17.7209703743,31.072938612002
Haridwar_Haridwar_Uttarakhand_IN,Haridwar,IN,29.93257964276133,78.17504583445358
Harlingen_Gemeente Harlingen_Friesland_NL,Harlingen,NL,53.20596157971,5.4364153362431
Harper_Harper County_Kansas_US,Harper,US,37.233251480425,-98.039380567423
Harrismith_Thabo Mofutsanyana District Municipality_Orange Free State_ZA,Harrismith,ZA,-27.846495596171,28.958229120786
Harrison_Boone County_Arkansas_US,Harrison,US,36.219016143373,-93.08090256812
Hartford_Minnehaha County_South Dakota_US,Hartford,US,43.608777642596,-96.969449400954
Hashtpar_NaN_Gilan_IR,Hashtpar,IR,37.78084250600823,48.91021230458578
Hasilpur_NaN_Punjab_PK,Hasilpur,PK,29.836123310688,72.548143097356
Haslett_Ingham County_Michigan_US,Haslett,US,42.738446156441,-84.408128355637
Hassan_Hassan_Karnataka_IN,Hassan,IN,12.964746124194,76.162318984331
Hassi Messaoud_NaN_Ouargla_DZ,Hassi Messaoud,DZ,31.405435305719,6.9678469594152
Hastings_Cambria County_Pennsylvania_US,Hastings,US,40.74056590922,-78.68350400741
Hastings_NaN_Western Area_SL,Hastings,SL,8.4184654459301,-13.190224173989
Hatch_Dona Ana County_New Mexico_US,Hatch,US,32.685516196336,-107.16813164593
Hattfjelldal_Hattfjelldal_Nordland_NO,Hattfjelldal,NO,65.35102046830397,15.065393456295356
Hatton_NaN_Central_LK,Hatton,LK,6.9902524208078,80.434098397678
Haubstadt_Gibson County_Indiana_US,Haubstadt,US,38.240704259737,-87.44553190239
Hauge i Dalane_Sokndal_Rogaland_NO,Hauge i Dalane,NO,58.334539786319,6.2502259380184
Haukipudas_Oulu_Northern Ostrobothnia_FI,Haukipudas,FI,65.22261981972235,25.33873853166875
Havre_Hill County_Montana_US,Havre,US,48.719036481393,-109.88843747683
Hawaiian Ocean View_Hawaii County_Hawaii_US,Hawaiian Ocean View,US,19.179275032913,-155.86336002925
Hawf_NaN_Al Mahrah_YE,Hawf,YE,17.08070927740527,52.99662229319386
Hawks Nest_Great Lakes_New South Wales_AU,Hawks Nest,AU,-32.551901542726,152.30502636969
Hay_Hay_New South Wales_AU,Hay,AU,-34.581277778157,144.66516666662
Hayma'_NaN_Al Wusta_OM,Hayma',OM,20.497179867138,56.850222477001
Hazen_Prairie County_Arkansas_US,Hazen,US,34.818950876392,-91.588456322144
Hazro_NaN_Diyarbakir_TR,Hazro,TR,38.28592011234964,40.90476073797088
Healdton_Carter County_Oklahoma_US,Healdton,US,34.527159661447,-97.509317661829
Healy_Denali Borough_Alaska_US,Healy,US,63.159378853427,-149.39709636361
Hearst_NaN_Ontario_CA,Hearst,CA,49.61775228703,-83.275704582671
Hebron_Wicomico County_Maryland_US,Hebron,US,38.418338297144,-75.664418586898
Hector_Renville County_Minnesota_US,Hector,US,44.935690564384,-94.719693007825
Hefei_NaN_Anhui Sheng_CN,Hefei,CN,31.977205704286,117.08022791005
Heggenes_Oystre Slidre_Oppland_NO,Heggenes,NO,61.106854905683,9.1087717687446
Heidelberg_Sedibeng District Municipality_Gauteng_ZA,Heidelberg,ZA,-26.593877143638,28.389647398442
Hele_NaN_Hainan_CN,Hele,CN,18.91256785332132,110.43920704379022
Helena Valley Northwest_Lewis and Clark County_Montana_US,Helena Valley Northwest,US,46.759793740679,-112.01998049521
Helena Valley Southeast_Lewis and Clark County_Montana_US,Helena Valley Southeast,US,46.617113799997,-111.86154225706
Hell-Ville_NaN_Diana_MG,Hell-Ville,MG,-13.398464972222,48.280948
Hellin_Provincia de Albacete_Castille-La Mancha_ES,Hellin,ES,38.509095956534,-1.6543668488185
Hemnesberget_Hemnes_Nordland_NO,Hemnesberget,NO,66.33150560377725,13.3625339162105
Hemse_Gotland_Gotland_SE,Hemse,SE,56.95793805555556,18.302935277777777
Hengchun_NaN_Taiwan_TW,Hengchun,TW,21.961563895097,120.76191731756
Hennaya_NaN_Tlemcen_DZ,Hennaya,DZ,34.96980572716,-1.4437418920951
Hepang_NaN_East Nusa Tenggara_ID,Hepang,ID,-8.7034753002294,122.14960367921
Heping_NaN_Hubei_CN,Heping,CN,30.639491834181,114.37321226133
Heralec_NaN_Vysocina_CZ,Heralec,CZ,49.510995454367,15.499627397534
Hermosillo_NaN_Sonora_MX,Hermosillo,MX,29.057068015964,-110.92926900021
Heroica Matamoros_Matamoros_Tamaulipas_MX,Heroica Matamoros,MX,25.827345678824,-97.529551745763
Heudreville-sur-Eure_Departement de l'Eure_Haute-Normandie_FR,Heudreville-sur-Eure,FR,49.131304129928,1.254225844282
Hexi_NaN_Guangdong_CN,Hexi,CN,21.671547076841826,110.62188166255476
Heyfield_Wellington_Victoria_AU,Heyfield,AU,-37.89533877722504,146.75050767959928
Heze_NaN_Shandong Sheng_CN,Heze,CN,35.223777668449,115.47908119261
Hiawatha_Brown County_Kansas_US,Hiawatha,US,39.856305605578,-95.410052053103
Hico_Hamilton County_Texas_US,Hico,US,32.000168831937,-98.023145783617
High Ridge_Jefferson County_Missouri_US,High Ridge,US,38.414964152473,-90.48757892661
High Springs_Alachua County_Florida_US,High Springs,US,29.8801683606,-82.473974291542
Highland_Doniphan County_Kansas_US,Highland,US,39.855533884406,-95.190495704823
Hightstown_Mercer County_New Jersey_US,Hightstown,US,40.283286315602,-74.559049126738
Hill City_Graham County_Kansas_US,Hill City,US,39.363623301243,-99.987588042497
Hillsboro_Traill County_North Dakota_US,Hillsboro,US,47.632888693263,-97.080600904722
Hilo_Hawaii County_Hawaii_US,Hilo,US,19.674260051566,-155.15754229636
Hinesburg_Chittenden County_Vermont_US,Hinesburg,US,44.333072725671,-73.23657297234
Hinganghat_Wardha_Maharashtra_IN,Hinganghat,IN,20.360536758555,78.723891508136
Hinton_NaN_Alberta_CA,Hinton,CA,53.215456571384,-117.84630187583
Hiriyur_Chitradurga_Karnataka_IN,Hiriyur,IN,14.096265001108,76.53237805527
Hirna_NaN_Oromiya_ET,Hirna,ET,9.537974154001908,41.19429689506707
Hirvensalmi_Mikkeli_Southern Savonia_FI,Hirvensalmi,FI,61.589761999054,26.800260525452
Hizma_NaN_West Bank_PS,Hizma,PS,31.846008388395,35.267706233081
Hjelset_Molde_More og Romsdal_NO,Hjelset,NO,62.66349698024295,7.504276719359914
Hlybokaye_NaN_Vitebsk_BY,Hlybokaye,BY,55.215463679519,27.912740141727
Ho_NaN_Volta_GH,Ho,GH,6.5319220287155,0.49397994304034
Hoa Vang_NaN_Da Nang_VN,Hoa Vang,VN,15.965445410388,108.18054997987
Hoback_Teton County_Wyoming_US,Hoback,US,43.061625167519,-111.01178534743
Hobbs_Lea County_New Mexico_US,Hobbs,US,32.725768799658,-102.91076440619
Hodgdon_Aroostook County_Maine_US,Hodgdon,US,45.643076308875,-67.808443618627
Hoefn_NaN_East_IS,Hoefn,IS,64.412755000043,-14.536580160389
Hof_Hof_Vestfold_NO,Hof,NO,59.52662967429,10.082678867474
Hogyesz_NaN_Tolna_HU,Hogyesz,HU,46.491498921698,18.405138714622
Hohenwald_Lewis County_Tennessee_US,Hohenwald,US,35.567877778258,-87.66741110988
Hohenwarte_NaN_Thuringia_DE,Hohenwarte,DE,50.59964999903,11.50098611228
Hohoe_NaN_Volta_GH,Hohoe,GH,7.352496732644,0.455653815794
Hoima_Hoima District_Western Region_UG,Hoima,UG,1.3436938430631,31.415334166616
Hoisington_Barton County_Kansas_US,Hoisington,US,38.658936590184,-98.849369584558
Hokitika_Westland District_West Coast_NZ,Hokitika,NZ,-43.37826341898,170.17909035269
Hokksund_Ovre Eiker_Buskerud_NO,Hokksund,NO,59.826472145266,9.9083816472982
Hol_Hol_Buskerud_NO,Hol,NO,60.597242392963,8.3463321935758
Hol_Tjeldsund_Nordland_NO,Hol,NO,68.34270452854082,16.328299077986344
Holbrook_Greater Hume Shire_New South Wales_AU,Holbrook,AU,-35.796757107574,147.24529147261
Holbrook_Navajo County_Arizona_US,Holbrook,US,34.984717292908,-109.79548212183
Holdrege_Phelps County_Nebraska_US,Holdrege,US,40.370939215651,-99.468201194906
Hollandale_Washington County_Mississippi_US,Hollandale,US,33.23669275511766,-90.85961211007024
Hollister_Taney County_Missouri_US,Hollister,US,36.556423908693,-93.25174643869
Holloman Air Force Base_Otero County_New Mexico_US,Holloman Air Force Base,US,32.805380249449,-106.11961870583
Hollviken_Vellinge Kommun_Skane_SE,Hollviken,SE,55.4230556762,13.00290851609
Holly Springs_Marshall County_Mississippi_US,Holly Springs,US,34.70780893818308,-89.38928409524246
Hollymead_Albemarle County_Virginia_US,Hollymead,US,38.116492852348,-78.450774960263
Holstebro_Holstebro Kommune_Central Jutland_DK,Holstebro,DK,56.336183896233,8.5123784687759
Holualoa_Hawaii County_Hawaii_US,Holualoa,US,19.609046393881,-155.96488514525
Homestead Meadows South_El Paso County_Texas_US,Homestead Meadows South,US,31.832302647284,-106.01359497512
Honea Path_Anderson County_South Carolina_US,Honea Path,US,34.503719682071,-82.326629172126
Hongqi_NaN_Xinjiang Uygur Zizhiqu_CN,Hongqi,CN,41.34776758123167,82.81604068892405
Honiara_NaN_Guadalcanal_SB,Honiara,SB,-9.454764999999998,160.2055413888889
Honningsvag_Nordkapp_Finnmark Fylke_NO,Honningsvag,NO,70.951626906451,25.711874006882
Hope_Hempstead County_Arkansas_US,Hope,US,33.703830565141,-93.64124754207
Hope_NaN_British Columbia_CA,Hope,CA,49.59219451398,-121.0977828473
Hopkins_Richland County_South Carolina_US,Hopkins,US,33.940810949109,-80.947739374943
Hopkinsville_Christian County_Kentucky_US,Hopkinsville,US,36.853020260596,-87.391496180542
Horad Barysaw_NaN_Minsk_BY,Horad Barysaw,BY,54.187906256965,28.532601475566
Horad Orsha_NaN_Vitebsk_BY,Horad Orsha,BY,54.58316047826,30.447457204898
Horad Rechytsa_NaN_Gomel_BY,Horad Rechytsa,BY,52.359167066379,30.632975733861
Horazd'ovice_NaN_Plzensky_CZ,Horazd'ovice,CZ,49.370514963957,13.737626294659158
Hornepayne_Algoma_Ontario_CA,Hornepayne,CA,49.798408068294,-85.692963494871
Hornsyld_Hedensted Kommune_Central Jutland_DK,Hornsyld,DK,55.778027212749,9.8952595154487
Horsham_Horsham_Victoria_AU,Horsham,AU,-36.65006352696391,141.6754406634741
Hoskote_Bangalore Rural_Karnataka_IN,Hoskote,IN,12.985053193571389,77.7821523655879
Hot Springs_Fall River County_South Dakota_US,Hot Springs,US,43.556109117493,-103.47837789606
Houhu_NaN_Hubei_CN,Houhu,CN,30.642942221476,114.32342683324
Houkou_NaN_Hubei_CN,Houkou,CN,30.625459590191,113.15996819165
Houston_Matanuska-Susitna Borough_Alaska_US,Houston,US,61.63797656164,-149.85487042728
Houston_NaN_British Columbia_CA,Houston,CA,54.20497230000004,-126.88426289997224
Hovden_Bykle_Aust-Agder_NO,Hovden,NO,59.779968168947,7.312403476453
Howland_Penobscot County_Maine_US,Howland,US,45.212252581134,-68.63370688973001
Howlong_Corowa Shire_New South Wales_AU,Howlong,AU,-36.135712404936,146.64744790967
Hoxie_Sheridan County_Kansas_US,Hoxie,US,39.379585951045,-100.71216006275
Hoylandet_Hoylandet_Nord-Trondelag_NO,Hoylandet,NO,64.578247316944,12.552305499898
Hoymille_Departement du Nord_Nord-Pas-de-Calais_FR,Hoymille,FR,50.96742414505,2.4499891963216
Hrodna_NaN_Grodnenskaya_BY,Hrodna,BY,53.610232921206,23.967996986313
Hrotovice_NaN_Vysocina_CZ,Hrotovice,CZ,49.100957408273,16.084802025951
Hua Sai_NaN_Nakhon Si Thammarat_TH,Hua Sai,TH,8.0254079559634,100.29319137382
Huai Khot_NaN_Uthai Thani_TH,Huai Khot,TH,15.335412066244,99.666201006414
Hualian_Hualien_Taiwan_TW,Hualian,TW,24.381623274124,121.30774565299
Huamachuco_Sanchez Carrion_La Libertad_PE,Huamachuco,PE,-7.8893793949432,-78.125727312688
Huancano_Provincia de Pisco_Ica_PE,Huancano,PE,-13.568732792543,-75.51708808475
Huancas_Provincia de Chachapoyas_Amazonas_PE,Huancas,PE,-6.1700693029613,-77.904369397264
Huarocondo_Provincia de Anta_Cusco_PE,Huarocondo,PE,-13.396657579781,-72.201225709082
Huayun_NaN_Jiangxi Sheng_CN,Huayun,CN,27.54610498893452,114.13606652861596
Hubli_Dharwad_Karnataka_IN,Hubli,IN,15.379230629838,75.023395874438
Hudson_Harris County_Texas_US,Hudson,US,29.937622446185,-95.500482768599
Huehuetan_Azoyu_Guerrero_MX,Huehuetan,MX,16.610294685778,-98.485279866215
Hughenden_Flinders_Queensland_AU,Hughenden,AU,-21.373444444444,143.69166666667
Hugoton_Stevens County_Kansas_US,Hugoton,US,37.18753391263017,-101.3391501085915
Huittinen_Pori_Satakunta_FI,Huittinen,FI,61.143349480747865,22.79728132858403
Huiwen_NaN_Hainan_CN,Huiwen,CN,19.454151031283093,110.69026489917276
Hukuntsi_NaN_Kgalagadi_BW,Hukuntsi,BW,-24.140881743328,21.284355511456
Humahuaca_Departamento de Humahuaca_Jujuy_AR,Humahuaca,AR,-23.198356933787,-65.325692802852
Humaita_Humaita_Amazonas_BR,Humaita,BR,-7.494494318344096,-63.59385207958171
Humboldt_Allen County_Kansas_US,Humboldt,US,37.765779738371,-95.411635405911
Hummelsta_Enkopings Kommun_Uppsala_SE,Hummelsta,SE,59.614804077306,16.958672236442
Hundested_Halsnaes Kommune_Capital Region_DK,Hundested,DK,55.955399326772,11.821229037145
Hungen_Regierungsbezirk Giessen_Hesse_DE,Hungen,DE,50.484959782048,8.9440758622284
Hurghada_NaN_Red Sea_EG,Hurghada,EG,27.151555723966,33.815439779827
Hurlingham_NaN_Buenos Aires_AR,Hurlingham,AR,-34.528103899233,-58.690834276913
Huruta_NaN_Oromiya_ET,Huruta,ET,7.9897910879374,39.57463184133
Husavik_NaN_Northeast_IS,Husavik,IS,65.883173018037,-16.541364490354
Hwawon_NaN_Daegu_KR,Hwawon,KR,35.803809146049,128.46659139988
Hyderabad_NaN_Sindh_PK,Hyderabad,PK,25.464120634502727,68.40538403108737
Hyltebruk_Hylte Kommun_Halland_SE,Hyltebruk,SE,56.840071037453,13.511723739425
Hyrynsalmi_Kehys-Kainuu_Kainuu_FI,Hyrynsalmi,FI,64.710049715969,28.459498413886
Iaciara_Iaciara_Goias_BR,Iaciara,BR,-14.843588028348,-46.736930541221
Iacu_Iacu_Bahia_BR,Iacu,BR,-12.99338792347374,-40.53028189594664
Iargara_NaN_Cantemir_MD,Iargara,MD,46.571962580762,28.455477046922
Ibague_NaN_Tolima_CO,Ibague,CO,4.4244105733409,-75.154958742162
Ibia_Ibia_Minas Gerais_BR,Ibia,BR,-19.182201106688,-46.699301804213
Ibipora_Ibipora_Parana_BR,Ibipora,BR,-23.27363035756,-51.091385240071
Ibirapitanga_Ibirapitanga_Bahia_BR,Ibirapitanga,BR,-14.23547545777736,-39.410139290111495
Ibotirama_Ibotirama_Bahia_BR,Ibotirama,BR,-12.193493720375,-43.403637085046
Ibra'_NaN_Ash Sharqiyah_OM,Ibra',OM,22.723480714786,58.131186233532
Ibusuki_NaN_Kagoshima_JP,Ibusuki,JP,31.355484111239,130.67736375749
Idaho City_Boise County_Idaho_US,Idaho City,US,44.28664945191,-115.22601375102
Idfu_NaN_Aswan_EG,Idfu,EG,25.406901399999988,33.010429499999994
Idukki_Idukki_Kerala_IN,Idukki,IN,9.9200797268486,77.088050392729
Ifo_NaN_Ogun_NG,Ifo,NG,6.8649577639983,3.2417782730257
Igarape_Igarape_Minas Gerais_BR,Igarape,BR,-20.209950626738,-44.390736954685
Igdir_NaN_Igdir_TR,Igdir,TR,39.942946386263,43.991309180244
Igdir_NaN_Tokat_TR,Igdir,TR,40.197574875937,35.666437470616
Iguape_Iguape_Sao Paulo_BR,Iguape,BR,-24.588872441767,-47.552649667157
Igunga_NaN_Tabora_TZ,Igunga,TZ,-4.3004983333333,33.982693333333
Ihsueuej_NaN_Central Aimak_MN,Ihsueuej,MN,48.105208835483,106.44815428784
Iitti_Kouvola_Kymenlaakso_FI,Iitti,FI,60.909591233574,26.289135655896
Ikem_NaN_Enugu_NG,Ikem,NG,6.7353815733957,7.5868667670503
Ikirun_NaN_Osun_NG,Ikirun,NG,7.9220256474495,4.6409724760577
Ikungi_NaN_Singida_TZ,Ikungi,TZ,-5.3305661827785,34.77944661159
Ilaro_NaN_Ogun_NG,Ilaro,NG,6.7711442896797,2.9995835203678
Ilembula_NaN_Njombe_TZ,Ilembula,TZ,-8.8653402426187,34.520478863063
Ilha de Mocambique_NaN_Nampula_MZ,Ilha de Mocambique,MZ,-15.538565749235,40.200804826726
Ilheus_Ilheus_Bahia_BR,Ilheus,BR,-14.742768709048,-39.078911995594
Illela_NaN_Sokoto_NG,Illela,NG,13.723421872699,5.2953514614216
Ilok_NaN_Vukovarsko-Srijemska_HR,Ilok,HR,45.1104636877,19.423039480198
Ilomantsi_Joensuu_North Karelia_FI,Ilomantsi,FI,62.927225196879,31.486296330345
Ilovlya_NaN_Volgograd_RU,Ilovlya,RU,49.387146763911,43.946075877734
Ilowa_Powiat zaganski_Lubusz_PL,Ilowa,PL,51.43298172789,15.197252509281
Ilulissat_NaN_Qaasuitsup_GL,Ilulissat,GL,69.800675933154,-50.447002940623
Iluppur_Pudukkottai_Tamil Nadu_IN,Iluppur,IN,10.600207558897,78.551854164588
Imatra_Imatra_South Karelia_FI,Imatra,FI,61.273313890741,28.650832699671
Imbert_NaN_Puerto Plata_DO,Imbert,DO,19.79899162985072,-70.89041160734837
Imbituba_Imbituba_Santa Catarina_BR,Imbituba,BR,-28.109052724593,-48.702366138351
Imeni Zhelyabova_NaN_Vologda_RU,Imeni Zhelyabova,RU,58.94729203375326,36.87650634899586
Immokalee_Collier County_Florida_US,Immokalee,US,26.366727363061,-81.460442110282
Imperatriz_Imperatriz_Maranhao_BR,Imperatriz,BR,-5.7491427880871,-48.065915974364
Imperial_Provincia de Canete_Lima_PE,Imperial,PE,-13.066100730823,-76.35786035538
Imzourene_NaN_Taza-Al Hoceima-Taounate_MA,Imzourene,MA,35.128916491676,-3.761675849491
Inarcs_NaN_Pest_HU,Inarcs,HU,47.269409543505,19.289141578186
Indaial_Indaial_Santa Catarina_BR,Indaial,BR,-26.87398873766,-49.246793281689
Independence_Polk County_Oregon_US,Independence,US,44.82485213659826,-123.10792836159963
Indianola_Warren County_Iowa_US,Indianola,US,41.190323553176,-93.540669122624
Indore_Indore_Madhya Pradesh_IN,Indore,IN,22.70377168550343,75.92774011439975
Infiernillo (Morelos de Infiernillo)_Arteaga_Michoacan_MX,Infiernillo (Morelos de Infiernillo),MX,18.246575171248,-101.9012240497
Innbygda_Trysil_Hedmark_NO,Innbygda,NO,60.887760743802,12.631664553285
Innisfail_Cassowary Coast_Queensland_AU,Innisfail,AU,-17.525700396245394,146.01230809081838
Inniswold_East Baton Rouge Parish_Louisiana_US,Inniswold,US,30.388331846288,-91.104668479344
Inverness_Marin County_California_US,Inverness,US,37.999872810873,-122.99479047549
Inya_NaN_Altay_RU,Inya,RU,50.333635084208,87.122091034255
Inzer_NaN_Bashkortostan_RU,Inzer,RU,54.219386214596,57.525062495426
Ipameri_Ipameri_Goias_BR,Ipameri,BR,-17.448704122255,-47.804549327885
Ipira_Ipira_Bahia_BR,Ipira,BR,-12.480391667152,-39.724250198554
Ipsala_NaN_Edirne_TR,Ipsala,TR,40.87746014833,26.479524789911
Iraan_Pecos County_Texas_US,Iraan,US,30.822756488885,-102.00569270825
Irbit_NaN_Sverdlovsk_RU,Irbit,RU,57.661007581547,63.091439280954
Iringa_NaN_Iringa_TZ,Iringa,TZ,-7.9904037205877,35.635345914157
Irinjalakuda_Thrissur District_Kerala_IN,Irinjalakuda,IN,10.39641570973,76.219073546404
Irkutsk_Irkutskiy Rayon_Irkutsk_RU,Irkutsk,RU,52.261811220508896,104.28459317473616
Iron River_Iron County_Michigan_US,Iron River,US,46.160614793171,-88.88245647477
Iroquois Falls_NaN_Ontario_CA,Iroquois Falls,CA,48.493710875091,-80.427921388449
Irtyshskiy_NaN_Omsk_RU,Irtyshskiy,RU,54.86506777968,73.854439234498
Isafjoerdur_NaN_Westfjords_IS,Isafjoerdur,IS,65.7200629256,-23.717102360657
Isangel_NaN_Tafea_VU,Isangel,VU,-19.500169478031,169.3098298404
Iset'_NaN_Sverdlovsk_RU,Iset',RU,57.12410421097,60.311397559099
Isfahan_NaN_Isfahan_IR,Isfahan,IR,32.65116687818103,51.79914971056081
Ishigaki_NaN_Okinawa_JP,Ishigaki,JP,24.417544902417,124.24507843675
Ishqoshim_NaN_Gorno-Badakhshan_TJ,Ishqoshim,TJ,36.68544806884,71.839435356895
Ishtixon_NaN_Samarqand_UZ,Ishtixon,UZ,39.93026370457856,66.57891299577577
Isla Mujeres_NaN_Quintana Roo_MX,Isla Mujeres,MX,21.242624448212,-86.737203091117
Islamabad_NaN_Islamabad_PK,Islamabad,PK,33.724205773196,73.042273622429
Islamkot_NaN_Sindh_PK,Islamkot,PK,25.02821971800704,70.50880233615051
Isle Of Mull_Argyll and Bute_Scotland_GB,Isle Of Mull,GB,56.581606415914,-6.1883165884432
Isle of Lewis_Eilean Siar_Scotland_GB,Isle of Lewis,GB,58.49777829805029,-6.254321781058924
Isle of Palms_Charleston County_South Carolina_US,Isle of Palms,US,32.786101613126,-79.78529984857
Ismailia_NaN_Al Isma'iliyah_EG,Ismailia,EG,30.448641985708,32.057449692189
Isna_NaN_Qina_EG,Isna,EG,25.42917466130704,32.77303030893747
Isnos_NaN_Huila_CO,Isnos,CO,1.9999604922784,-76.164919540795
Isny im Allgau_Tuebingen Region_Baden-Wuerttemberg_DE,Isny im Allgau,DE,47.705084640454,10.035440127536
Isoka_NaN_Northern_ZM,Isoka,ZM,-10.103429072956208,32.68279139093268
Issa_NaN_Penza_RU,Issa,RU,53.770076568503,44.796113849337
Issad_NaN_Leningrad_RU,Issad,RU,60.10273801808771,32.42387598220252
Issenye_NaN_Mara_TZ,Issenye,TZ,-1.9726146000621,34.331413499428
Itaberaba_Itaberaba_Bahia_BR,Itaberaba,BR,-12.46598068159,-40.176571658371
Itabuna_Itabuna_Bahia_BR,Itabuna,BR,-14.770083533815,-39.293106709519
Itacare_Itacare_Bahia_BR,Itacare,BR,-14.510353624977,-39.044370784213
Itacurubi del Rosario_NaN_San Pedro_PY,Itacurubi del Rosario,PY,-24.582146047035,-56.751972331965
Itamaraca_Itamaraca_Pernambuco_BR,Itamaraca,BR,-7.7706399280809,-34.847405117491
Itamaraju_Itamaraju_Bahia_BR,Itamaraju,BR,-16.934263178183,-39.156523789039
Itaparica_Itaparica_Bahia_BR,Itaparica,BR,-13.118116465247,-38.769979708063
Itapetininga_Itapetininga_Sao Paulo_BR,Itapetininga,BR,-23.72335177678,-48.112511878457
Itapipoca_Itapipoca_Ceara_BR,Itapipoca,BR,-3.3759925580902,-39.457381424019
Itarantim_Itarantim_Bahia_BR,Itarantim,BR,-16.006845389171,-39.948921486544
Itati_Departamento de Itati_Corrientes_AR,Itati,AR,-27.32626727932,-58.066684699719
Itigi_NaN_Singida_TZ,Itigi,TZ,-5.6016411968604,34.664673709859
Itirapina_Itirapina_Sao Paulo_BR,Itirapina,BR,-22.23688796376654,-47.800332308553024
Itu_Itu_Sao Paulo_BR,Itu,BR,-23.262472007178,-47.306925958731
Ivalo_Pohjois-Lappi_Lapland_FI,Ivalo,FI,68.37791964365,27.409525734529
Ivanovka_NaN_Primorskiy_RU,Ivanovka,RU,43.996648645402,132.65325194277
Ivanteyevka_NaN_Moskovskaya_RU,Ivanteyevka,RU,55.993537083896,37.914526479568
Ivesti_Comuna Ivesti_Vaslui_RO,Ivesti,RO,46.193081389719,27.549781978351
Ivoti_Ivoti_Rio Grande do Sul_BR,Ivoti,BR,-29.536287347396,-51.183086711098
Iwye_NaN_Grodnenskaya_BY,Iwye,BY,53.917087279442,25.845466296563
Ixtapa-Zihuatanejo_Zihuatanejo de Azueta_Guerrero_MX,Ixtapa-Zihuatanejo,MX,17.649929864147,-101.53885150332
Ixtapa_NaN_Guerrero_MX,Ixtapa,MX,17.66153950329,-101.6033016587
Izki_NaN_Muhafazat ad Dakhiliyah_OM,Izki,OM,22.82726567005,57.982054679869
Izumi_NaN_Kagoshima_JP,Izumi,JP,32.099715573386,130.33522868611
Izvestkovyy_NaN_Jewish Autonomous Oblast_RU,Izvestkovyy,RU,48.96075575227159,131.51941377823613
Jaboticabal_Jaboticabal_Sao Paulo_BR,Jaboticabal,BR,-21.220906135153,-48.359763204253
Jacinto Arauz_NaN_La Pampa_AR,Jacinto Arauz,AR,-38.083831684677,-63.417013087869
Jackpot_Elko County_Nevada_US,Jackpot,US,41.666023722917,-114.82775621613
Jacksboro_Jack County_Texas_US,Jacksboro,US,33.043555126511,-98.068826642601
Jackson_Jackson County_Minnesota_US,Jackson,US,43.756844161128,-94.99446239159
Jackson_Teton County_Wyoming_US,Jackson,US,43.815476380858094,-110.24955308747282
Jaco_Canton de Garabito_Puntarenas_CR,Jaco,CR,9.5741937810997,-84.549187591855
Jaen_Provincia de Jaen_Cajamarca_PE,Jaen,PE,-5.7386484253178,-78.792160071346
Jaeppilae_Pieksaemaeki_Southern Savonia_FI,Jaeppilae,FI,62.298652288032,27.343897113029
Jaervenpaeae_Helsinki_Uusimaa_FI,Jaervenpaeae,FI,60.498958823296,25.051039373961
Jaervsoe_Ljusdals Kommun_Gaevleborg_SE,Jaervsoe,SE,61.661722856418,16.059412010424
Jaffna_NaN_Northern Province_LK,Jaffna,LK,9.670509835208144,80.10741310099893
Jagalur_Davanagere_Karnataka_IN,Jagalur,IN,14.623753052288,76.460883054487
Jagirsidosermo_NaN_East Java_ID,Jagirsidosermo,ID,-7.3068022689736,112.73604167173
Jaguaquara_Jaguaquara_Bahia_BR,Jaguaquara,BR,-13.420206990956933,-39.91542146327968
Jaguaruana_Jaguaruana_Ceara_BR,Jaguaruana,BR,-4.7874180549646,-37.506866389261
Jaipur_Jaipur_Rajasthan_IN,Jaipur,IN,26.88369925245,75.796459334458
Jaisalmer_Jaisalmer_Rajasthan_IN,Jaisalmer,IN,26.726569004056,71.178007998349
Jajarm_NaN_Khorasan-e Shomali_IR,Jajarm,IR,36.356467281092,56.388190551691
Jala_NaN_Nayarit_MX,Jala,MX,21.177777750259,-104.53510387427
Jalcocotan_NaN_Nayarit_MX,Jalcocotan,MX,21.569626466368,-105.0128744645
Jam Sahib_NaN_Sindh_PK,Jam Sahib,PK,26.640758693852028,68.9510918276801
Jamnagar_Jamnagar_Gujarat_IN,Jamnagar,IN,22.472874895902,70.062038701707
Jandaia do Sul_Jandaia Do Sul_Parana_BR,Jandaia do Sul,BR,-23.593465350907,-51.6474284209
Janeng_NaN_South East_BW,Janeng,BW,-25.540493523076,25.338156066576
Jardim de Piranhas_Jardim De Piranhas_Rio Grande do Norte_BR,Jardim de Piranhas,BR,-6.3813689788453,-37.342860532364
Jasper Park Lodge_NaN_Alberta_CA,Jasper Park Lodge,CA,52.735551313707,-117.9266707273
Jaspur_Udham Singh Nagar_Uttarakhand_IN,Jaspur,IN,29.312130823300024,78.78572403488347
Jatai_Jatai_Goias_BR,Jatai,BR,-17.917347309766,-51.752714200812
Jati_NaN_Sindh_PK,Jati,PK,24.42993639074,68.165975116844
Jatznick_NaN_Mecklenburg-Vorpommern_DE,Jatznick,DE,53.599484592822,13.978644205341
Jau_Jau_Sao Paulo_BR,Jau,BR,-22.30695397392037,-48.64836702536491
Javier Rojo Gomez_Guasave_Sinaloa_MX,Javier Rojo Gomez,MX,25.52508933490025,-108.37542173194014
Javier Rojo Gomez_Othon P. Blanco_Quintana Roo_MX,Javier Rojo Gomez,MX,18.295139568092,-88.534415396606
Jawhar_Thane_Maharashtra_IN,Jawhar,IN,19.884451170805,73.189433742941
Jayamkondacholapuram_Ariyalur_Tamil Nadu_IN,Jayamkondacholapuram,IN,11.119310555152,79.372766302891
Jbail_NaN_Mont-Liban_LB,Jbail,LB,34.045725860734,35.784399073333
Jedburgh_The Scottish Borders_Scotland_GB,Jedburgh,GB,55.440547993646,-2.4356784065398
Jeddah_NaN_Makkah_SA,Jeddah,SA,21.794691658541,39.179072867625
Jeffrey's Bay_Cacadu District Municipality_Eastern Cape_ZA,Jeffrey's Bay,ZA,-33.962931299387,24.95061450028
Jeju-si_NaN_Jeju-do_KR,Jeju-si,KR,33.451534023653,126.9232732878
Jekabpils_NaN_Jekabpils Rajons_LV,Jekabpils,LV,56.500175211863,25.833865510186
Jelgava_NaN_Jelgava_LV,Jelgava,LV,56.58461255717,23.716474125897
Jembangan_NaN_Central Java_ID,Jembangan,ID,-6.7095219504126,111.21213221437
Jemez Pueblo_Sandoval County_New Mexico_US,Jemez Pueblo,US,35.522859187062,-106.77893622892
Jendouba_NaN_Jundubah_TN,Jendouba,TN,36.662696194544,8.9238034486746
Jenks_Tulsa County_Oklahoma_US,Jenks,US,36.079608116102,-95.922367876254
Jequie_Jequie_Bahia_BR,Jequie,BR,-13.889271246836,-40.141083642263
Jequitinhonha_Jequitinhonha_Minas Gerais_BR,Jequitinhonha,BR,-16.488254199997968,-41.02875579999999
Jeremie_NaN_Grandans_HT,Jeremie,HT,18.609584442784,-74.165404239184
Jerez de la Frontera_Provincia de Cadiz_Andalusia_ES,Jerez de la Frontera,ES,36.59345561295,-6.0855067254706
Jericho_NaN_West Bank_PS,Jericho,PS,31.869912792951,35.442872737823
Jezerce_NaN_Licko-Senjska_HR,Jezerce,HR,44.835543055555554,15.610341388888882
Jhumra_NaN_Punjab_PK,Jhumra,PK,31.567155731819,73.21951742778
Jiabei_NaN_Zhejiang Sheng_CN,Jiabei,CN,30.754878871598045,120.67180576010108
Jiamu_NaN_Xinjiang Uygur Zizhiqu_CN,Jiamu,CN,41.21872936159637,80.95627683549112
Jiancheng_NaN_Sichuan_CN,Jiancheng,CN,30.50180518722924,104.47774994443633
Jiang'an_NaN_Hubei_CN,Jiang'an,CN,30.57548662716,114.33889103809
Jieznas_NaN_NaN_LT,Jieznas,LT,54.590905597267,24.324175016842
Jifarong_NaN_Lower River_GM,Jifarong,GM,13.292400600203,-15.829710434244
Jiguani_NaN_Granma_CU,Jiguani,CU,20.312814017009,-76.344702856839
Jihlava_Okres Jihlava_Vysocina_CZ,Jihlava,CZ,49.358880278425,15.584355320591
Jilma_NaN_Sidi Bu Zayd_TN,Jilma,TN,35.207206958784,9.2206413976828
Jima_NaN_Oromiya_ET,Jima,ET,7.581307518658284,36.68930165950093
Jin'e_NaN_Sichuan_CN,Jin'e,CN,29.365718870872843,105.28921466621746
Jindabyne_Snowy River_New South Wales_AU,Jindabyne,AU,-36.888218286799,148.30604705858
Jinyuan_NaN_Shanxi Sheng_CN,Jinyuan,CN,37.691087372435,112.51000474975
Jipijapa_NaN_Manabi_EC,Jipijapa,EC,-1.4489846866649,-80.556600401097
Jiuli_NaN_Jiangsu Sheng_CN,Jiuli,CN,34.285769244417,117.18717321299
Jiuting_NaN_Shanghai Shi_CN,Jiuting,CN,31.169398637038,121.33083844805
Joaima_Joaima_Minas Gerais_BR,Joaima,BR,-16.666927988185876,-40.84928453944247
Joao Teves_NaN_Sao Lourenco dos Orgaos_CV,Joao Teves,CV,15.082539823493,-23.551692474583
Jodlowka-Walki_Powiat tarnowski_Lesser Poland Voivodeship_PL,Jodlowka-Walki,PL,50.08161134522218,21.1285462690582
Joetsu_NaN_Niigata_JP,Joetsu,JP,37.155875400571,138.27075339872
Joghatay_NaN_Razavi Khorasan_IR,Joghatay,IR,36.385686822839,56.555665466254
Johi_NaN_Sindh_PK,Johi,PK,26.76614807373801,67.59435746294336
John Day_Grant County_Oregon_US,John Day,US,44.683104181736,-119.10823846981
Johnson_Stanton County_Kansas_US,Johnson,US,37.578471912006,-101.95726573955
Johnsonville_Florence County_South Carolina_US,Johnsonville,US,33.645615846743,-79.290940271131
Johstadt_NaN_Saxony_DE,Johstadt,DE,50.541760177778,13.129568727778
Johvi_Johvi vald_Ida-Virumaa_EE,Johvi,EE,59.441517297003,27.421494301302
Jokkmokk_Jokkmokks Kommun_Norrbotten_SE,Jokkmokk,SE,66.657956956101,19.947569673679
Jondal_Jondal_Hordaland_NO,Jondal,NO,60.285128822591,6.3284343196056
Jonesport_Washington County_Maine_US,Jonesport,US,44.54025802046,-67.623383036478
Jorf_Errachidia_Meknes-Tafilalet_MA,Jorf,MA,31.142644883822,-4.0552172651503
Joshimath_Chamoli_Uttarakhand_IN,Joshimath,IN,30.69965521906,79.508717866303
Juan Aldama (El Tigre)_Navolato_Sinaloa_MX,Juan Aldama (El Tigre),MX,24.930031310185665,-107.738322245528
Juan Pujol_NaN_Corrientes_AR,Juan Pujol,AR,-30.446764632261,-57.984871159103
Juankoski_Koillis-Savo_Northern Savo_FI,Juankoski,FI,63.174010214647,28.478784503165
Juba_NaN_Central Equatoria_SS,Juba,SS,4.8674831259822,31.495838328158
Jugno_Province of Negros Oriental_Central Visayas_PH,Jugno,PH,9.4692193331936,123.20519659671
Julun_NaN_Shanxi Sheng_CN,Julun,CN,37.911464119146,112.56025319537
Junction City_Boyle County_Kentucky_US,Junction City,US,37.447207223918,-84.836888917348
Juneau_Juneau City and Borough_Alaska_US,Juneau,US,58.521441777081,-134.79226361842
Junqueiro_Junqueiro_Alagoas_BR,Junqueiro,BR,-9.9326079891067,-36.503332913047
Juntas_NaN_Guanacaste_CR,Juntas,CR,10.224545734357,-85.147373916852
Jurien Bay_Dandaragan_Western Australia_AU,Jurien Bay,AU,-29.79344444427,115.33074999988
Juripiranga_Juripiranga_Paraiba_BR,Juripiranga,BR,-7.3698378127594,-35.251010436388
Jurva_Seinaejoki_Southern Ostrobothnia_FI,Jurva,FI,62.637485787817,22.005705584602
Juupajoki_Ylae-Pirkanmaa_Pirkanmaa_FI,Juupajoki,FI,61.747036761981,24.348988835029
Jvari_NaN_Samegrelo and Zemo Svaneti_GE,Jvari,GE,42.882485541535,42.03879804168
Kaabong_Kaabong District_Northern Region_UG,Kaabong,UG,3.7600500641355,34.738822202146
Kaala-Gomen_Kaala-Gomen_North Province_NC,Kaala-Gomen,NC,-20.71159861415597,164.4292431924697
Kabansk_NaN_Respublika Buryatiya_RU,Kabansk,RU,52.485641700001054,106.966036
Kabarnet_NaN_Baringo_KE,Kabarnet,KE,0.4224759293422,35.793313144718
Kabinda_NaN_Kasai-Oriental_CD,Kabinda,CD,-6.040377642839615,24.601951333595167
Kabompo_NaN_North-Western_ZM,Kabompo,ZM,-13.697974811746995,24.34596030361446
Kabul_NaN_Kabul_AF,Kabul,AF,34.473177229287,69.125700151579
Kaca_NaN_East Nusa Tenggara_ID,Kaca,ID,-8.6876105869135,120.2374852281
Kachhwa_Mirzapur_Uttar Pradesh_IN,Kachhwa,IN,25.272038054577,82.820228056093
Kadhan_NaN_Sindh_PK,Kadhan,PK,24.608142429866,69.159497044166
Kadina_Copper Coast_South Australia_AU,Kadina,AU,-33.847805550876,138.04961110488
Kadiolo_NaN_Sikasso_ML,Kadiolo,ML,10.847438838131,-5.6211659491383
Kadoka_Jackson County_South Dakota_US,Kadoka,US,43.836702000177,-101.53711699496
Kadyy_NaN_Kostroma_RU,Kadyy,RU,57.784779878638,43.152921557196
Kadzhi-Say_NaN_Ysyk-Koel_KG,Kadzhi-Say,KG,42.165757258475,77.433162308732
Kaeng Krachan_NaN_Phetchaburi_TH,Kaeng Krachan,TH,12.836065018783,99.669368919298
Kaerkoelae_Helsinki_Uusimaa_FI,Kaerkoelae,FI,60.752307634011,23.905574268661
Kaersaemaeki_Nivala-Haapajaervi_Northern Ostrobothnia_FI,Kaersaemaeki,FI,63.911050841607,25.80064864194
Kafue_NaN_Lusaka_ZM,Kafue,ZM,-16.156016565452582,28.07265652995765
Kahaluu-Keauhou_Hawaii County_Hawaii_US,Kahaluu-Keauhou,US,19.588026302294,-155.95521210944
Kahna_NaN_Punjab_PK,Kahna,PK,31.446698185143,74.35433201378
Kahramanmaras_NaN_Kahramanmaras_TR,Kahramanmaras,TR,37.506547167456,37.003080281458
Kaiaf_NaN_Lower River_GM,Kaiaf,GM,13.127618910911274,-15.58749452807086
Kaikoura_Kaikoura District_Canterbury_NZ,Kaikoura,NZ,-42.296417615231,173.7486246733
Kailua-Kona_Hawaii County_Hawaii_US,Kailua-Kona,US,19.622964640527,-155.97761263875
Kainan_NaN_Wakayama_JP,Kainan,JP,34.05878343640018,135.2553039731756
Kainantu_NaN_Eastern Highlands_PG,Kainantu,PG,-6.3443833333333,146.24273666667
Kaitaia_Far North District_Northland_NZ,Kaitaia,NZ,-35.1032563639534,173.29341685956666
Kakamas_Siyanda District Municipality_Northern Cape_ZA,Kakamas,ZA,-28.527042628979,20.034799840292
Kakata_NaN_Margibi_LR,Kakata,LR,6.2905872907422,-10.329161715557
Kakunodatemachi_NaN_Akita_JP,Kakunodatemachi,JP,39.710201538813,140.68867520698
Kaladhungi_Naini Tal_Uttarakhand_IN,Kaladhungi,IN,29.25244938546893,79.35563463815076
Kalaoa_Hawaii County_Hawaii_US,Kalaoa,US,19.719364349481,-155.99748880438
Kalavai_Vellore_Tamil Nadu_IN,Kalavai,IN,12.777051394078,79.310809211771
Kalbarri_Northampton Shire_Western Australia_AU,Kalbarri,AU,-27.61177824985,114.41003836313892
Kalemie_NaN_Katanga_CD,Kalemie,CD,-5.4860305393967,28.988995201464
Kalengwa_NaN_North-Western_ZM,Kalengwa,ZM,-13.088522729641024,25.00788387394872
Kalgoorlie_Kalgoorlie/Boulder_Western Australia_AU,Kalgoorlie,AU,-31.137219804421,120.68734752265
Kalispell_Flathead County_Montana_US,Kalispell,US,48.03282151608234,-114.82670568704025
Kalivai_Nomos Chanias_Crete_GR,Kalivai,GR,35.388032700712,24.109104823649
Kalix_Kalix Kommun_Norrbotten_SE,Kalix,SE,65.80428839585,23.149872706121
Kalkaska_Kalkaska County_Michigan_US,Kalkaska,US,44.742674842282,-85.069301166146
Kallar Kahar_NaN_Punjab_PK,Kallar Kahar,PK,32.646628552572,72.753391374396
Kalulushi_NaN_Copperbelt_ZM,Kalulushi,ZM,-12.831399452512311,27.82459281054187
Kalundri_Raigarh_Maharashtra_IN,Kalundri,IN,18.948973773199,73.177692126232
Kalungu_Kalungu District_Central Region_UG,Kalungu,UG,-0.067331943970548,31.977091003824
Kamakwie_NaN_Northern Province_SL,Kamakwie,SL,9.7807126178471,-12.346976361818
Kamareddi_Nizamabad District_Telangana_IN,Kamareddi,IN,18.431399358235,78.241666458747
Kambia_NaN_Northern Province_SL,Kambia,SL,9.1448406765019,-12.935505175159
Kambove_NaN_Katanga_CD,Kambove,CD,-10.437973268841157,26.951157367772865
Kameda-honcho_NaN_Niigata_JP,Kameda-honcho,JP,37.849518560002,139.09534408198
Kamensk-Shakhtinskiy_NaN_Rostov_RU,Kamensk-Shakhtinskiy,RU,48.275245269461,40.205011190891
Kamenskiy_NaN_Saratov_RU,Kamenskiy,RU,50.796324663465,45.550648233257
Kamiiso_NaN_Hokkaido_JP,Kamiiso,JP,41.951018999196,140.3863110015
Kamikawa_NaN_Hokkaido_JP,Kamikawa,JP,43.8977772,142.645575
Kamloops_NaN_British Columbia_CA,Kamloops,CA,50.901397000995,-120.25024199821
Kampene_NaN_Maniema_CD,Kampene,CD,-2.7415265935503,26.898992689355
Kamphaeng Phet_NaN_Kamphaeng Phet_TH,Kamphaeng Phet,TH,16.349902510727,99.587703264489
Kampong Cham_NaN_Kampong Cham_KH,Kampong Cham,KH,12.27155876671,105.12300409371
Kampong Dungun_NaN_Perak_MY,Kampong Dungun,MY,3.2317996781584,101.31516506006
Kampong Thom_NaN_Kampong Thom_KH,Kampong Thom,KH,12.486989929832,105.12102218015
Kampung Baru Subang_NaN_Selangor_MY,Kampung Baru Subang,MY,3.2032610589641,101.50695877221
"Kampung Bukit Tinggi, Bentong_NaN_Pahang_MY","Kampung Bukit Tinggi, Bentong",MY,3.3862921813189,101.88536707046
Kampung Sungai Ara_NaN_Penang_MY,Kampung Sungai Ara,MY,5.2965243373653,100.26630850365
Kamthi_Nagpur Division_Maharashtra_IN,Kamthi,IN,21.282976388967,79.235131389101
Kamyshin_NaN_Volgograd_RU,Kamyshin,RU,50.25253881666666,45.36199888333333
Kan'onjicho_NaN_Kagawa_JP,Kan'onjicho,JP,34.08756763716677,133.6460347858973
Kananga_NaN_Kasai-Occidental_CD,Kananga,CD,-5.90495274853533,22.5532679394368
Kanash_NaN_Chuvashia_RU,Kanash,RU,55.407720829825,47.5269429139
Kanasin_Kanasin_Yucatan_MX,Kanasin,MX,20.935710189116,-89.564580992491
Kanbe_NaN_Yangon_MM,Kanbe,MM,16.72200555555556,95.99130277777778
Kanchanadit_NaN_Surat Thani_TH,Kanchanadit,TH,9.1412826602809,99.497436082391
Kandos_Mid-Western Regional_New South Wales_AU,Kandos,AU,-32.923916664623,149.92713611107
Kandri_Nagpur Division_Maharashtra_IN,Kandri,IN,21.581723642924,79.367340948925
Kandukur_Prakasam_Andhra Pradesh_IN,Kandukur,IN,15.08958244122,79.609724395736
Kang_NaN_Kgalagadi_BW,Kang,BW,-24.133734052192,23.132406299008
Kangaba_NaN_Koulikoro_ML,Kangaba,ML,12.124546513494,-8.532326578351
Kangaroo Valley_Shoalhaven Shire_New South Wales_AU,Kangaroo Valley,AU,-34.744426596236,150.55707133897
Kangema_NaN_Murang'a District_KE,Kangema,KE,-0.73007896685279,37.006217503379
Kangqiao_NaN_Shanghai Shi_CN,Kangqiao,CN,31.115682522959,121.56479303344
Kankia_NaN_Katsina_NG,Kankia,NG,12.422378247402,7.7312815680047
Kankon_South Goa_Goa_IN,Kankon,IN,15.095825188509,74.029520703681
Kano_NaN_Kano_NG,Kano,NG,11.966013906743289,8.552372213097195
Kanodar_Banas Kantha_Gujarat_IN,Kanodar,IN,24.026096643759,72.384816515135
Kansanshi_NaN_North-Western_ZM,Kansanshi,ZM,-12.134672750928546,26.45805569077462
Kansk_NaN_Krasnoyarskiy_RU,Kansk,RU,56.242505839725,95.755091537219
Kantunil_Kantunil_Yucatan_MX,Kantunil,MX,20.795476749297,-88.978845214261
Kanungu_Kanungu District_Western Region_UG,Kanungu,UG,-0.93105494379941,29.79622732329
Kao Liao_NaN_Nakhon Sawan_TH,Kao Liao,TH,15.989391185358,100.11745210932
Kapshagay_NaN_Almaty Oblysy_KZ,Kapshagay,KZ,43.993859878671,77.473775658109
Kapunda_Light_South Australia_AU,Kapunda,AU,-34.196424051582,138.74286997292
Kapuskasing_NaN_Ontario_CA,Kapuskasing,CA,49.412644090435,-82.448547368199
Kaputa_NaN_Northern_ZM,Kaputa,ZM,-8.0882686262179,29.154030679635
Karachi_Karachi District_Sindh_PK,Karachi,PK,25.0155272166048,66.96144691453497
Karad_Satara Division_Maharashtra_IN,Karad,IN,17.259338054619,74.177468055368
Karadirek_NaN_Afyonkarahisar_TR,Karadirek,TR,38.584397200845,30.226801006371
Karagandy_Qaraghandy Qalasy_Qaraghandy_KZ,Karagandy,KZ,49.93798440951,73.236595285452
Karagay_NaN_Perm_RU,Karagay,RU,58.601826386983,54.722985001017
Karak City_NaN_Karak_JO,Karak City,JO,30.975635167268,35.998876930196
Karakecili_NaN_Kirikkale_TR,Karakecili,TR,39.584527420398,33.389260973438
Karakol_NaN_Ysyk-Koel_KG,Karakol,KG,42.470340062829,78.39927255373
Karanglewas_NaN_Central Java_ID,Karanglewas,ID,-7.55830495779,109.13797597129
Karantaba_NaN_Lower River_GM,Karantaba,GM,13.341864512918924,-15.517083022320532
Karanyowka_NaN_Gomel_BY,Karanyowka,BY,52.287632381488,30.984972139378
Karasjohka_Karasjok_Finnmark Fylke_NO,Karasjohka,NO,69.45556670390393,25.43872089614065
Karasuk_NaN_Novosibirsk_RU,Karasuk,RU,53.298855465989,77.765923449224
Kardamyli_Nomos Messinias_Peloponnese_GR,Kardamyli,GR,36.796506824394,22.32204563304
Kardymovo_NaN_Smolensk_RU,Kardymovo,RU,54.971362773735,32.228337147921
Kargi_NaN_Corum_TR,Kargi,TR,41.012153045072,34.615126089675
Kargopol'_NaN_Arkhangelskaya_RU,Kargopol',RU,61.336183825651,39.41975514392
Kariba_NaN_Mashonaland West_ZW,Kariba,ZW,-16.277948981845714,28.735541774643394
Karimnagar_Karimnagar_Telangana_IN,Karimnagar,IN,18.458534500516,79.116090201832
Kario_NaN_Sindh_PK,Kario,PK,24.87474960771,68.649744875587
Karksi-Nuia_Karksi vald_Viljandimaa_EE,Karksi-Nuia,EE,58.107992866868,25.687168138404
Karojba_NaN_Istarska_HR,Karojba,HR,45.303260049643,13.823828050633
Karpathos_Nomos Dodekanisou_South Aegean_GR,Karpathos,GR,35.56019621988302,27.173807160142943
Karsava_NaN_Karsava_LV,Karsava,LV,56.822660859684,27.763063984512
Karsiyang_Darjiling_West Bengal_IN,Karsiyang,IN,26.935282956719,88.294063070473
Karuri_NaN_Murang'a District_KE,Karuri,KE,-0.78337156318363,37.268634102719
Kas_NaN_Antalya_TR,Kas,TR,36.241571427844,29.701121322083
Kasama_NaN_Northern_ZM,Kasama,ZM,-10.221577718393,31.186294784001
Kasane_NaN_North West_BW,Kasane,BW,-17.84330207259,24.651238343531
Kasempa_NaN_North-Western_ZM,Kasempa,ZM,-13.88178990526316,26.17791848421052
Kasli_NaN_Chelyabinsk_RU,Kasli,RU,55.909437764367,60.734566334703
Kasongo_NaN_Maniema_CD,Kasongo,CD,-4.3063956685966,26.609587996148
Kastraki_Trikala_Thessaly_GR,Kastraki,GR,39.727811396462,21.538644348371
Katherine_Katherine_Northern Territory_AU,Katherine,AU,-14.452888889584,132.2478333333
Kathu_John Taolo Gaetsewe District Municipality_Northern Cape_ZA,Kathu,ZA,-27.76326041727521,23.0275216270736
Kati_NaN_Koulikoro_ML,Kati,ML,12.586620222751288,-8.201211823647464
Kato Nevrokopi_Nomos Dramas_East Macedonia and Thrace_GR,Kato Nevrokopi,GR,41.289994160790926,23.92313083669034
Kato Pyrgos_NaN_Lefkosia_CY,Kato Pyrgos,CY,35.024634531108,32.63485434116
Katsina_NaN_Katsina_NG,Katsina,NG,12.993989074655,7.6299978366234
Kauhajoki_Suupohja_Southern Ostrobothnia_FI,Kauhajoki,FI,62.46908251903881,22.2618760263372
Kautokeino_Kautokeino_Finnmark Fylke_NO,Kautokeino,NO,69.25214382818737,23.814506509899942
Kavak_NaN_Samsun_TR,Kavak,TR,41.212557502614,36.123601231192
Kaverippattanam_Krishnagiri_Tamil Nadu_IN,Kaverippattanam,IN,12.347061605602,78.215454457136
Kawm Umbu_NaN_Aswan_EG,Kawm Umbu,EG,24.424036330232827,33.47712069096154
Kayenta_Navajo County_Arizona_US,Kayenta,US,36.716134837677,-110.19316897252
Kayes_NaN_Kayes_ML,Kayes,ML,14.481611398858,-11.233844102759
Kaymaz_NaN_Eskisehir_TR,Kaymaz,TR,39.523272791481,31.136460296921
Ke-Macina_NaN_Segou_ML,Ke-Macina,ML,14.111685470082,-5.1661674866889
Kebili_NaN_Qibili_TN,Kebili,TN,33.765623047516,9.0706751763374
Kegen_NaN_Almaty Oblysy_KZ,Kegen,KZ,42.87069366731547,79.23420376765783
Kegums_NaN_Kegums_LV,Kegums,LV,56.833426138989,24.728290937619
Kehtna_Kehtna vald_Raplamaa_EE,Kehtna,EE,58.871136635298,24.873079382414
Keith_Tatiara_South Australia_AU,Keith,AU,-35.855427645337,140.0185562697
Kelo_NaN_Tandjile_TD,Kelo,TD,9.1803775386689,15.787591441355
Kelowna_NaN_British Columbia_CA,Kelowna,CA,49.92177240544156,-119.44040547547957
Kelso_The Scottish Borders_Scotland_GB,Kelso,GB,55.675222997853,-2.4717818525281
Kemer_NaN_Burdur_TR,Kemer,TR,37.56568071104,30.042244121007
Kemerburgaz_NaN_Istanbul_TR,Kemerburgaz,TR,41.114767675805,28.948341796331
Kemerovo_NaN_Kemerovo_RU,Kemerovo,RU,55.365205736292,86.024016867778
Kendall_Port Macquarie-Hastings_New South Wales_AU,Kendall,AU,-31.522361114917,152.54727777921
Kendari_NaN_Sulawesi Tenggara_ID,Kendari,ID,-3.9860517237996,122.53361929218
Kenitra_Kenitra Province_Gharb-Chrarda-Beni Hssen_MA,Kenitra,MA,34.312283414018,-6.5111564769255
Kenmare_Ciarrai_Munster_IE,Kenmare,IE,51.759683994404,-9.5641664268888
Kennebec_Lyman County_South Dakota_US,Kennebec,US,43.897553000824,-99.957674003426
Kennington_Greater Bendigo_Victoria_AU,Kennington,AU,-36.8443502624345,144.60597495318504
Kensington_NaN_Prince Edward Island_CA,Kensington,CA,46.478035412696,-63.511107656348
Kenton_Hardin County_Ohio_US,Kenton,US,40.607723131436,-83.617899725983
Kepala Batas_NaN_Penang_MY,Kepala Batas,MY,5.577888975897,100.37271432062
Kerang_NaN_East Kalimantan_ID,Kerang,ID,-2.3314228396158,116.00976771089
Kerbakhiar_NaN_Kalbacar Rayonu_AZ,Kerbakhiar,AZ,40.221802839529,46.076361479961
Kerema_NaN_Gulf_PG,Kerema,PG,-8.00036851972708,146.0873776926042
Kermen_Obshtina Sliven_Sliven_BG,Kermen,BG,42.494814315307,26.274926608215
Kesaelahti_Keski-Karjala_North Karelia_FI,Kesaelahti,FI,62.069954868661,29.925960035387
Kesan_NaN_Edirne_TR,Kesan,TR,40.869816295194,26.718653424523
Ketchikan_Ketchikan Gateway Borough_Alaska_US,Ketchikan,US,55.354586189429,-131.69274406445
Ketchum_Blaine County_Idaho_US,Ketchum,US,43.792836592313,-114.57487078461
Khabary_NaN_Altai Krai_RU,Khabary,RU,54.077168095126,79.758150753213
Khadzhalmakhi_NaN_Dagestan_RU,Khadzhalmakhi,RU,42.369358049953,47.079194744054
Khalkhal_NaN_Ardabil_IR,Khalkhal,IR,37.601961262706,48.72535037866
Kham Khuean Kaeo_NaN_Yasothon_TH,Kham Khuean Kaeo,TH,15.715207542353,104.24849057662
Khandud_NaN_Badakhshan_AF,Khandud,AF,36.79342637359,71.995231397276
Khandyga_NaN_Sakha_RU,Khandyga,RU,62.671291661132,135.3890666667
Khanh Hai_NaN_Ninh Thuan_VN,Khanh Hai,VN,11.681512196738,109.01993157666
Khanpur_NaN_Sindh_PK,Khanpur,PK,27.815360237101103,69.59461312697137
Khao Chaison_NaN_Phatthalung_TH,Khao Chaison,TH,7.4274059239956,100.06583688976
Kharakvasla_Pune Division_Maharashtra_IN,Kharakvasla,IN,18.466882759109,73.8178023177
Kharas_NaN_West Bank_PS,Kharas,PS,31.618586402813,35.042402197636
Kharmanli_Obshtina Kharmanli_Khaskovo_BG,Kharmanli,BG,41.948827328953,25.903157633267
Kharupatia_Darrang_Assam_IN,Kharupatia,IN,26.606366388248,92.28207454967
Khatsyezhyna_NaN_Minsk_BY,Khatsyezhyna,BY,53.858448659925,27.271801928407
Khemisset_Khemisset_Rabat-Sale-Zemmour-Zaer_MA,Khemisset,MA,33.803185001873,-6.0365299901309
Khingansk_NaN_Jewish Autonomous Oblast_RU,Khingansk,RU,48.98683290817056,131.2667820469764
Khirdalan_NaN_Abseron_AZ,Khirdalan,AZ,40.439145213852,49.757460046364
Khiwa_NaN_Xorazm_UZ,Khiwa,UZ,41.402389022816,60.358912931362
Khlong Lan_NaN_Kamphaeng Phet_TH,Khlong Lan,TH,16.366686659445,99.330783330404
Khlong Thom_NaN_Krabi_TH,Khlong Thom,TH,8.028106309094,99.101662079376
Kholmogory_NaN_Arkhangelskaya_RU,Kholmogory,RU,64.234450730374,41.661674756315
Khoyniki_NaN_Gomel_BY,Khoyniki,BY,51.91236259245,29.789544135843
Khudumelapye_NaN_Kweneng_BW,Khudumelapye,BW,-23.673359305643,24.722812093165
Khuldabad_Aurangabad Division_Maharashtra_IN,Khuldabad,IN,20.044273242836,75.003995810797
Khun Tan_NaN_Chiang Rai_TH,Khun Tan,TH,19.817096506719,100.24347900829
Khurba_NaN_Khabarovsk Krai_RU,Khurba,RU,50.40391951552028,136.91781340432448
Khurda_Khordha_Odisha_IN,Khurda,IN,20.151788693349,85.602420844384
Khurrianwala_NaN_Punjab_PK,Khurrianwala,PK,31.505274823953,73.343341791315
Khvalovo_NaN_Leningrad_RU,Khvalovo,RU,59.70218694344099,33.05168130464138
Kibuku_Kibuku District_Eastern Region_UG,Kibuku,UG,1.0461620353805,33.805584660468
Kibuye_NaN_Western Province_RW,Kibuye,RW,-1.9970784182299903,29.398703878332
Kichera_NaN_Respublika Buryatiya_RU,Kichera,RU,56.241222637749,110.66483642079
Kidodi_NaN_Morogoro_TZ,Kidodi,TZ,-7.5351562263918,36.801790355672
Kigali_NaN_Kigali_RW,Kigali,RW,-2.0226013414507,30.024093028429
Kigoma_NaN_Kigoma_TZ,Kigoma,TZ,-4.9570748619684,28.745880419758
Kiikala_Salo_Varsinais-Suomi_FI,Kiikala,FI,60.525855668395,23.610808873741
Kijabe_NaN_Nakuru_KE,Kijabe,KE,-0.80835891191738,36.534359686449
Kikuyu_NaN_Kiambu_KE,Kikuyu,KE,-1.2376318583592,36.666431591596
Kikwit_NaN_Bandundu_CD,Kikwit,CD,-5.0919081080808,18.913085504092
Kilimatinde_NaN_Singida_TZ,Kilimatinde,TZ,-5.7819941374281,35.019684502123
Kilinochchi_NaN_Northern Province_LK,Kilinochchi,LK,9.456917300426603,80.40728332395136
Kilkeel_NaN_Northern Ireland_GB,Kilkeel,GB,54.094354339824,-6.0238858023925
Killam_NaN_Alberta_CA,Killam,CA,52.460606161406,-112.18822055053
Killybegs_County Donegal_Ulster_IE,Killybegs,IE,54.630758636216,-8.5710290453711
Kim_NaN_Viloyati Sughd_TJ,Kim,TJ,40.205585449401,70.417676354896
Kimamba_NaN_Morogoro_TZ,Kimamba,TZ,-7.046628601562204,37.252758430532914
Kimbe_NaN_West New Britain_PG,Kimbe,PG,-5.3322222222231,150.04444444567
Kinglake West_Murrindindi_Victoria_AU,Kinglake West,AU,-37.086887141105,145.15453926892
Kingori_NaN_Arusha_TZ,Kingori,TZ,-2.9789631989056,37.064291292563
Kingscote_Kangaroo Island_South Australia_AU,Kingscote,AU,-35.737643056897,137.76757972466
Kingsland_Llano County_Texas_US,Kingsland,US,30.669412981867,-98.552213738966
Kingsley_Grand Traverse County_Michigan_US,Kingsley,US,44.58449599382,-85.435712207231
Kingsley_Plymouth County_Iowa_US,Kingsley,US,42.671055244044,-95.957834832935
Kingstree_Williamsburg County_South Carolina_US,Kingstree,US,33.59444171221,-79.943592448158
Kinh Mon_NaN_Hai Duong_VN,Kinh Mon,VN,21.060964213534,106.60978580752
Kinshasa_NaN_Kinshasa_CD,Kinshasa,CD,-4.347667437645,15.284827098861
Kintampo_NaN_Brong-Ahafo_GH,Kintampo,GH,8.3641324375922,-1.5677620660469
Kirawsk_NaN_Mogilev_BY,Kirawsk,BY,53.246339296737,29.443690896639
Kirkland Lake_NaN_Ontario_CA,Kirkland Lake,CA,48.437653615833,-80.338752865833
Kirknewton_Northumberland_England_GB,Kirknewton,GB,55.584092296208,-2.175695844964
Kirkwall_Orkney Islands_Scotland_GB,Kirkwall,GB,58.922281961096,-2.931403340599
Kirobasi_NaN_Mersin_TR,Kirobasi,TR,36.630941845523,33.860039314254
Kiruna_Kiruna Kommun_Norrbotten_SE,Kiruna,SE,67.952915818294,20.01851499489
Kiryandongo_Kiryandongo District_Western Region_UG,Kiryandongo,UG,1.9012897434966,32.153299614937
Kisangani_NaN_Eastern Province_CD,Kisangani,CD,0.56434343095992,25.012059604893
Kisarawe_NaN_Pwani_TZ,Kisarawe,TZ,-6.8629328042377,39.141500971014
Kisasa_NaN_Dodoma_TZ,Kisasa,TZ,-6.22105937162,35.827889907193
Kisela Voda_NaN_Kisela Voda_MK,Kisela Voda,MK,41.94755700377,21.494477626145
Kish_NaN_Hormozgan_IR,Kish,IR,26.552843484186,53.910733732369
Kishanganj_NaN_West Bengal_IN,Kishanganj,IN,26.187935815717,87.903032365646
Kisoro_Kisoro District_Western Region_UG,Kisoro,UG,-1.4145929603318668,29.80755341477493
Kitaibaraki_NaN_Ibaraki_JP,Kitaibaraki,JP,36.865798296549,140.74287834132
Kitami_NaN_Hokkaido_JP,Kitami,JP,43.731628279967,143.42344250758
Kitgum_Kitgum District_Northern Region_UG,Kitgum,UG,3.2931535509786407,32.87501970893282
Kittilae_Tunturi-Lappi_Lapland_FI,Kittilae,FI,67.88774800117775,25.07163688092615
Kitui_NaN_Kitui_KE,Kitui,KE,-1.86366,38.379936
Kitwe_NaN_Copperbelt_ZM,Kitwe,ZM,-12.872550479462946,28.421709180868493
Kiunga_NaN_Western Province_PG,Kiunga,PG,-5.5122572328704,141.28818706337
Kiuruvesi_Ylae-Savo_Northern Savo_FI,Kiuruvesi,FI,63.91155703888,26.729255134453
Kivik_Simrishamns Kommun_Skane_SE,Kivik,SE,55.687570261403,14.134066527748
Kiwengwa_NaN_NaN_TZ,Kiwengwa,TZ,-6.0609496163178,39.333343628676
Kizilkaya_NaN_Burdur_TR,Kizilkaya,TR,37.305124526959,30.44581026307
Klamath Falls_Klamath County_Oregon_US,Klamath Falls,US,42.580462546824,-121.88105864651
Klerksdorp_Dr Kenneth Kaunda District Municipality_North-West_ZA,Klerksdorp,ZA,-26.914962074077,26.403438386209
Knevichi_NaN_Primorskiy_RU,Knevichi,RU,43.396459928635,132.16381567127
Knob Noster_Johnson County_Missouri_US,Knob Noster,US,38.766803404546,-93.498247387649
Ko Pha Ngan_NaN_Nakhon Si Thammarat_TH,Ko Pha Ngan,TH,9.7894353833151,99.986450493811
Ko Pha-Ngan_NaN_Surat Thani_TH,Ko Pha-Ngan,TH,9.6810995748559,100.05928465281
Koani_NaN_Zanzibar Central/South_TZ,Koani,TZ,-6.058402435825,39.265480559084
Kocasinan_NaN_Kayseri_TR,Kocasinan,TR,38.800263994866,35.596153958908
Kochubey_NaN_Dagestan_RU,Kochubey,RU,44.92639799765,46.637996547887
Kochubeyevskoye_NaN_Stavropol'skiy_RU,Kochubeyevskoye,RU,44.685277075533,41.882019747451
Kodersdorf_NaN_Saxony_DE,Kodersdorf,DE,51.240001600491,14.931397023689
Kodinar_Amreli_Gujarat_IN,Kodinar,IN,21.045448282423,70.815015089757
Koeneuergench_NaN_Dasoguz_TM,Koeneuergench,TM,42.296374946155,59.225044764829
Koforidua_NaN_Eastern_GH,Koforidua,GH,6.0867419339099,-0.25314488658577
Koh Tao_NaN_Surat Thani_TH,Koh Tao,TH,10.06685317873,99.821530781074
Kohtla-Nomme_Kohtla-Nomme vald_Ida-Virumaa_EE,Kohtla-Nomme,EE,59.236143474039,27.289855634301
Kokoda_Sohe_Northern Province_PG,Kokoda,PG,-8.913375006517,147.83885834392
Kokshetau_NaN_Aqmola_KZ,Kokshetau,KZ,53.331669929611,69.46930375042
Koksovyy_NaN_Rostov_RU,Koksovyy,RU,48.174047684142,40.55779338827
Koktobe_NaN_Pavlodar_KZ,Koktobe,KZ,51.464607571049,77.939347852824
Kolari_Tunturi-Lappi_Lapland_FI,Kolari,FI,67.674354113477,24.22071332093
Kolasin_NaN_Opstina Kolasin_ME,Kolasin,ME,42.862194895038,19.525044602953
Kole_Kole District_Northern Region_UG,Kole,UG,2.2920726875101,32.788698588685
Kollam_Kollam_Kerala_IN,Kollam,IN,8.8823109257144,76.636079413383
Kolokani_NaN_Koulikoro_ML,Kolokani,ML,14.296736621437,-7.954438214663
Kolondieba_NaN_Sikasso_ML,Kolondieba,ML,11.64659946363,-6.6796475488396
Kolsva_Kopings Kommun_Vaestmanland_SE,Kolsva,SE,59.655559998653,15.778325133817
Kolwezi_NaN_Katanga_CD,Kolwezi,CD,-11.427922748910213,25.2396606850738
Komatipoort_Ehlanzeni District_Mpumalanga_ZA,Komatipoort,ZA,-25.012488183971,31.78120016852
Komatsushimacho_NaN_Tokushima_JP,Komatsushimacho,JP,33.934495372537,134.47096722667
Komiza_NaN_Splitsko-Dalmatinska_HR,Komiza,HR,43.022842013889,16.101933337938
Komlo_NaN_Baranya_HU,Komlo,HU,46.24635529128479,18.22157535998335
Kondoa_NaN_Dodoma_TZ,Kondoa,TZ,-4.6370253858504,35.790049092395
Kondol'_NaN_Penza_RU,Kondol',RU,52.728055169375,45.100003868967
Konevo_NaN_Arkhangelskaya_RU,Konevo,RU,62.787845655431,38.564979948072
Kongsberg_Kongsberg_Buskerud_NO,Kongsberg,NO,59.669788393861,9.7139954050397
Kootingal_Tamworth Municipality_New South Wales_AU,Kootingal,AU,-31.090527774719,151.03355554717
Koppies_Fezile Dabi District Municipality_Orange Free State_ZA,Koppies,ZA,-27.325199335639,27.445492983977
Korhogo_NaN_Savanes_CI,Korhogo,CI,9.4610925389517,-5.6374885719577
Kortezubi_Bizkaia_Basque Country_ES,Kortezubi,ES,43.346276395975,-2.6529364196399
Korzhevskiy_NaN_Krasnodarskiy_RU,Korzhevskiy,RU,45.199550668609,37.727023753493
Kose_NaN_Gumushane_TR,Kose,TR,40.231044626103,39.636567587103
Kosel_NaN_Ohrid_MK,Kosel,MK,41.171098913977,20.835478516871
Kosh-Agach_NaN_Altay_RU,Kosh-Agach,RU,50.015925840643,88.659809900669
Kosonsoy_NaN_Namangan_UZ,Kosonsoy,UZ,41.245370356581,71.580652947249
Koster_Bojanala Platinum District Municipality_North-West_ZA,Koster,ZA,-25.651541643275,26.761624393038
Kostino_NaN_Moskovskaya_RU,Kostino,RU,56.004405532643,37.931228260698
Kot Diji_NaN_Sindh_PK,Kot Diji,PK,27.323410156104703,68.69773705976141
Kota Kinabalu_NaN_Sabah_MY,Kota Kinabalu,MY,6.1405625249803,116.26316139188
Kotaagung_NaN_South Sumatra_ID,Kotaagung,ID,-3.980798993611,103.43719500036
Kotri_NaN_Sindh_PK,Kotri,PK,25.30352255226381,68.07835353840946
Kotum_NaN_Bitlis_TR,Kotum,TR,38.453819817846,42.395646378239
Koulikoro_NaN_Koulikoro_ML,Koulikoro,ML,12.760429290442,-7.7088529504055
Koumac_Koumac_North Province_NC,Koumac,NC,-20.55430426319597,164.27759980309798
Koumra_NaN_Mandoul_TD,Koumra,TD,8.802118453170603,17.834416627934328
Koupela_Kouritenga Province_Centre-Est_BF,Koupela,BF,12.15836950413384,-0.082196163647019
Kousseri_NaN_Far North_CM,Kousseri,CM,11.606632488996,15.283206903942
Koutiala_NaN_Sikasso_ML,Koutiala,ML,12.473703696054516,-5.511877058558554
Kovur_Nellore_Andhra Pradesh_IN,Kovur,IN,14.607001205243,79.981552948411
Koya_NaN_Wakayama_JP,Koya,JP,34.050997613544,135.78664924477
Koygorodok_NaN_Komi Republic_RU,Koygorodok,RU,60.360734368205,50.836484076158
Kpandae_NaN_NaN_GH,Kpandae,GH,8.3300269467892,0.46886160803107
Kra Buri_NaN_Ranong_TH,Kra Buri,TH,10.53062785891,98.884090272608
Kragero_Kragero_Telemark_NO,Kragero,NO,58.945069335587,9.3989275257784
Kragujevac_Sumadijski Okrug_Central Serbia_RS,Kragujevac,RS,44.0280483994,20.847142876896
Krajan_NaN_East Java_ID,Krajan,ID,-8.1203577949762,113.74726834919
Krasnoarmeysk_NaN_Saratov_RU,Krasnoarmeysk,RU,50.971134248255,45.607257170369
Krasnoyarsk_NaN_Krasnoyarskiy_RU,Krasnoyarsk,RU,55.975369998562,92.800109280678
Krasnozerskoye_NaN_Novosibirsk_RU,Krasnozerskoye,RU,53.968963992065,78.911037520215
Krasnyy Bor_NaN_Leningrad_RU,Krasnyy Bor,RU,59.7187476670924,30.669562816274865
Krasnyy Oktyabr'_NaN_Kurgan_RU,Krasnyy Oktyabr',RU,55.644148399737,64.812747455515
Krasnyy Yar_NaN_Samara_RU,Krasnyy Yar,RU,53.516765914519,50.445308070073
Kremmling_Grand County_Colorado_US,Kremmling,US,40.142726919271,-106.42751325975
Kresttsy_NaN_Novgorod_RU,Kresttsy,RU,58.472337592535,32.792095093685
Kribi_NaN_South Province_CM,Kribi,CM,2.8088868226315,9.8967155471001
Krishnarajpet_Mandya_Karnataka_IN,Krishnarajpet,IN,12.588733694387,76.345033837273
Kristiansund_Kristiansund_More og Romsdal_NO,Kristiansund,NO,63.068516574774,7.7187988008887
Krizova_NaN_Vysocina_CZ,Krizova,CZ,49.74526000000001,15.821635000000004
Krokom_Krokoms Kommun_Jaemtland_SE,Krokom,SE,63.861693997857,14.339635730114
Kroonstad_Fezile Dabi District Municipality_Orange Free State_ZA,Kroonstad,ZA,-27.611840022246,27.259473112524
Krugloozernoe_NaN_Batys Qazaqstan_KZ,Krugloozernoe,KZ,51.154648560543,51.298424112405
Krymsk_NaN_Krasnodarskiy_RU,Krymsk,RU,44.94072751836077,37.90614574843713
Kuah_Langkawi_Kedah_MY,Kuah,MY,6.545133460424,99.255044445928
Kuala Belait_NaN_Belait_BN,Kuala Belait,BN,4.5618060171037,114.07356729808
Kuala Lumpur_NaN_Kuala Lumpur_MY,Kuala Lumpur,MY,3.2017883158739,101.70282985521
Kuanda_NaN_Transbaikal Territory_RU,Kuanda,RU,56.812381,117.05202527777776
Kuanping_NaN_Guizhou Sheng_CN,Kuanping,CN,27.891283724127,107.96723877826
Kuantan_NaN_Pahang_MY,Kuantan,MY,3.7470049203705,103.31431642697
Kuchinarai_NaN_Kalasin_TH,Kuchinarai,TH,16.4416083413911,103.96616055355238
Kuching_NaN_Sarawak_MY,Kuching,MY,1.6072845375116,110.23109748691
Kudal_Sindhudurg_Maharashtra_IN,Kudal,IN,16.124028525403073,73.70466040556883
Kudligi_Bellary_Karnataka_IN,Kudligi,IN,14.713372240286,76.457983317024
Kudymkar_NaN_Perm_RU,Kudymkar,RU,58.730503779942,54.686648943976
Kuhmo_Kehys-Kainuu_Kainuu_FI,Kuhmo,FI,64.662240676242,29.6749563292
Kui Buri_NaN_Prachuap Khiri Khan_TH,Kui Buri,TH,12.06333309677,99.637597912806
Kuje_NaN_Abuja Federal Capital Territory_NG,Kuje,NG,8.9547834219392,7.2599388480523
Kulim_NaN_Kedah_MY,Kulim,MY,5.2477170981541,100.69198179139
Kuliyapitiya_NaN_North Western_LK,Kuliyapitiya,LK,7.459750929147453,80.12473595981635
Kulu_Kulu_Himachal Pradesh_IN,Kulu,IN,31.794277744433,77.189423282075
Kumertau_NaN_Bashkortostan_RU,Kumertau,RU,52.794989541856,55.874790123956
Kungsoer_Kungsors Kommun_Vaestmanland_SE,Kungsoer,SE,59.345693042348,16.024034035216
Kunming_NaN_Yunnan_CN,Kunming,CN,25.04799178459418,102.67759246551516
Kunnamkulam_Thrissur District_Kerala_IN,Kunnamkulam,IN,10.643215207462,76.118029352563
Kununurra_Wyndham-East Kimberley_Western Australia_AU,Kununurra,AU,-16.290055555793,128.27152777756
Kurchatov_NaN_Pavlodar_KZ,Kurchatov,KZ,51.01565943665,79.211019774836
Kuressaare_Kuressaare linn_Saare_EE,Kuressaare,EE,58.245440030345,21.946089722742
Kurlovo_NaN_Vladimir_RU,Kurlovo,RU,55.459132002069,40.62172396262
Kurnell_Sutherland Shire_New South Wales_AU,Kurnell,AU,-34.00816972883,151.19521499949
Kurri Kurri_Cessnock_New South Wales_AU,Kurri Kurri,AU,-32.890943999472,151.48890332235
Kursavka_NaN_Stavropol'skiy_RU,Kursavka,RU,44.5348506212,42.390577380529
Kurtun_NaN_Gumushane_TR,Kurtun,TR,40.64859433024,39.176802575731
Kuruman_John Taolo Gaetsewe District Municipality_Northern Cape_ZA,Kuruman,ZA,-27.64915567112568,23.51259146932118
Kuryk_NaN_Mangghystau_KZ,Kuryk,KZ,43.205151112374,51.574134039701
Kurzetnik_Powiat nowomiejski_Warmian-Masurian Voivodeship_PL,Kurzetnik,PL,53.419537997506,19.544100993475
Kusadasi_NaN_Aydin_TR,Kusadasi,TR,37.83105572767001,27.2564887841722
Kushiro_NaN_Hokkaido_JP,Kushiro,JP,43.0020133,144.6227224
Kutahya_NaN_Kuetahya_TR,Kutahya,TR,39.298976466619,29.97462730759
Kuttampuzha_Idukki_Kerala_IN,Kuttampuzha,IN,9.9741320608476,76.802984695919
Kuusamo_Koillismaa_Northern Ostrobothnia_FI,Kuusamo,FI,66.26334149314,29.354337953742
Kuybyshevskiy Zaton_NaN_Tatarstan_RU,Kuybyshevskiy Zaton,RU,55.413472495234,48.983622363094
Kuznechnoye_NaN_Leningrad_RU,Kuznechnoye,RU,61.17424288811,29.831230262388
Kvalsund_Kvalsund_Finnmark Fylke_NO,Kvalsund,NO,70.405211092013,24.488381570969
Kvartsitnyy_NaN_Republic of Karelia_RU,Kvartsitnyy,RU,60.90381607959309,34.865003099841765
Kwale_NaN_Kwale_KE,Kwale,KE,-4.2226344820379,39.580006200784
Kyaiklat_NaN_Ayeyarwady_MM,Kyaiklat,MM,16.447029848851,95.721934236096
Kyakhta_NaN_Respublika Buryatiya_RU,Kyakhta,RU,50.43172238612,106.39674156098
Kyakhulay_NaN_Dagestan_RU,Kyakhulay,RU,43.022436619445,47.421313307027
Kyaukse_NaN_Mandalay_MM,Kyaukse,MM,21.550030437546,96.16525240885
Kyegegwa_Kyegegwa District_Western Region_UG,Kyegegwa,UG,0.48623666615498,31.037861668692
Kyela_NaN_Mbeya_TZ,Kyela,TZ,-9.7619456696584,33.872221895768
Kyelang_Lahul and Spiti_Himachal Pradesh_IN,Kyelang,IN,33.029964859308,77.601695614157
Kyle_Hays County_Texas_US,Kyle,US,29.918130141665,-97.877944582958
Kyogle_Kyogle_New South Wales_AU,Kyogle,AU,-28.30293300811,152.78284394604
Kyzburun Pervyy_NaN_Kabardino-Balkariya_RU,Kyzburun Pervyy,RU,43.648453851621,43.403772438248
La Argentina_NaN_Huila_CO,La Argentina,CO,2.2827287976555,-76.180045089749
La Barca_NaN_Jalisco_MX,La Barca,MX,20.306819576017,-102.53979547572
La Ceiba_NaN_Atlantida_HN,La Ceiba,HN,15.759726017008,-86.814343343137
La Cienega_Santa Fe County_New Mexico_US,La Cienega,US,35.478634684192,-106.19223336304
La Ciudad_Pueblo Nuevo_Durango_MX,La Ciudad,MX,23.590274862455,-105.83969614356
La Dominelais_Departement d'Ille-et-Vilaine_Brittany_FR,La Dominelais,FR,47.798388541465,-1.7276367050833
La Ensenada_Provincia de Llanquihue_Los Lagos_CL,La Ensenada,CL,-41.655322101083,-72.284375069072
La Esperanza [Granjas Familiares]_Tijuana_Baja California_MX,La Esperanza [Granjas Familiares],MX,32.455689036388,-117.11197639248
La Foa_La Foa_South Province_NC,La Foa,NC,-21.692467320488,165.6757859078
La Gomera_NaN_Escuintla_GT,La Gomera,GT,13.917842372907252,-91.06939799390648
La Hai_NaN_Phu Yen_VN,La Hai,VN,13.423841228742,109.08487359827
La Isla_NaN_Veracruz_MX,La Isla,MX,18.573477382218,-96.165140544042
La Jalca_Provincia de Chachapoyas_Amazonas_PE,La Jalca,PE,-6.474279616911,-77.864124742721
La Jicaral_NaN_Leon_NI,La Jicaral,NI,12.717709885278,-86.337495556782
La Junta_Provincia de Aisen_Aisen_CL,La Junta,CL,-43.49187692395,-72.346173504345
La Labor_Calvillo_Aguascalientes_MX,La Labor,MX,22.119799151471,-102.83331621011
La Lima_Centro_Tabasco_MX,La Lima,MX,17.866180297383,-92.924328407432
La Lima_NaN_Cortes_HN,La Lima,HN,15.411690181466,-87.887577050335
La Mohammedia_NaN_Tunis_TN,La Mohammedia,TN,36.647519874976,10.153970650529
La Pampa_Provincia de Camana_Arequipa_PE,La Pampa,PE,-16.658582161728,-72.630582690567
La Paz_La Paz_Baja California Sur_MX,La Paz,MX,24.285784494268,-110.3260036022
La Plata_Macon County_Missouri_US,La Plata,US,40.069864334101,-92.504088462897
La Plena_NaN_Salinas_PR,La Plena,PR,18.079511316901,-66.201253868757
La Poma_NaN_Salta_AR,La Poma,AR,-24.721213858121,-66.199287805709
La Reforma_NaN_Nuevo Leon_MX,La Reforma,MX,24.569994426192,-99.546893758269
La Serena_Provincia de Elqui_Coquimbo_CL,La Serena,CL,-29.934181033722,-71.238659495239
La Trinidad_NaN_Sinaloa_MX,La Trinidad,MX,25.716825716509724,-108.48496540751006
La Trinite_Martinique_Martinique_MQ,La Trinite,MQ,14.711822390715,-60.947084017558
La Union_Murcia_Murcia_ES,La Union,ES,37.674875588961,-0.88944832261571
La Union_NaN_Atlantida_HN,La Union,HN,15.687878904938,-86.982225746532
La Vega_NaN_Cauca_CO,La Vega,CO,1.9783753355144,-76.777311641227
La Victoria (La Penita)_Tuxpan_Veracruz_MX,La Victoria (La Penita),MX,20.945037808509,-97.38854759983
LaFayette_Walker County_Georgia_US,LaFayette,US,34.647275236216,-85.120995035593
Labe_Labe Prefecture_Labe_GN,Labe,GN,11.270914904282,-12.347563671417
Laborie_NaN_Laborie Quarter_LC,Laborie,LC,13.798489030139,-60.962459020786
Labouheyre_Departement des Landes_Aquitaine_FR,Labouheyre,FR,44.280571924575,-0.89289306944232
Lacin_NaN_Lacin_AZ,Lacin,AZ,39.636376081089,46.558913644711
Ladismith_Eden District Municipality_Western Cape_ZA,Ladismith,ZA,-33.482069495099,21.565114965929
Ladner_NaN_British Columbia_CA,Ladner,CA,49.101814650849,-123.07197443224
Lae_NaN_Morobe_PG,Lae,PG,-6.543551229992,146.69780997466
Lafayette_Chambers County_Alabama_US,Lafayette,US,32.862874615369,-85.413356476761
Lages_Lages_Santa Catarina_BR,Lages,BR,-27.700616122641,-50.206740692276
Laghouat_NaN_Laghouat_DZ,Laghouat,DZ,33.81478752552,2.8710328747501
Lagoa Formosa_Lagoa Formosa_Minas Gerais_BR,Lagoa Formosa,BR,-18.960188300332,-46.617235140153
Lagoa Nova_Lagoa Nova_Rio Grande do Norte_BR,Lagoa Nova,BR,-6.1977993030425,-36.397608438596
Lagoa Vermelha_Lagoa Vermelha_Rio Grande do Sul_BR,Lagoa Vermelha,BR,-28.000813369403,-51.453475127503
Laguna Chica (Pueblo Nuevo)_Tezonapa_Veracruz_MX,Laguna Chica (Pueblo Nuevo),MX,18.56522888240427,-96.74757895106606
Laguna Heights_Cameron County_Texas_US,Laguna Heights,US,26.05381947086144,-97.23870160078206
Laguna_Laguna_Santa Catarina_BR,Laguna,BR,-28.383033957732,-48.769935016066
Lahad Datu_NaN_Sabah_MY,Lahad Datu,MY,5.0549381290422,118.33798506859
Lahij_Al  Hawtah_Lahij_YE,Lahij,YE,13.003163879375,44.984393883127
Lahore_NaN_Punjab_PK,Lahore,PK,31.477691126894,74.342737547494
Laigneville_Departement de l'Oise_Picardie_FR,Laigneville,FR,49.291349832266,2.4532894195029
Laishevo_NaN_Tatarstan_RU,Laishevo,RU,55.586303835177,49.461543716837
Lajedo_Lajedo_Pernambuco_BR,Lajedo,BR,-8.646025032085497,-36.31503570662723
Lakatoro_NaN_Malampa_VU,Lakatoro,VU,-16.229627286675058,167.60412870339275
Lake Isabella_Isabella County_Michigan_US,Lake Isabella,US,43.524110412328,-84.980327959266
Lake Los Angeles_Los Angeles County_California_US,Lake Los Angeles,US,34.660630985888,-117.95206376379
Lake Pocotopaug_Middlesex County_Connecticut_US,Lake Pocotopaug,US,41.618447097745,-72.511213617445
Lake View_Tuscaloosa County_Alabama_US,Lake View,US,33.257172988975,-87.119177853343
Lakhipur_Cachar_Assam_IN,Lakhipur,IN,24.7909169666902,93.0132542631393
Lakhnadon_Seoni_Madhya Pradesh_IN,Lakhnadon,IN,22.683787686897,79.67924382346
Lakin_Kearny County_Kansas_US,Lakin,US,37.944249965178,-101.30377194703
Lakota_NaN_Sud-Bandama_CI,Lakota,CI,5.9467087618221,-5.6994457324928
Lakselv_Porsanger_Finnmark Fylke_NO,Lakselv,NO,70.478981969608,24.887297203126
Lalibela_NaN_Amhara_ET,Lalibela,ET,11.974525625543,39.044869566531
Lalla Mimouna_Kenitra Province_Gharb-Chrarda-Beni Hssen_MA,Lalla Mimouna,MA,34.829918998824,-6.2339489974568
Lamae_NaN_Chumphon_TH,Lamae,TH,9.8294411365141,99.09508113132
Lamam_NaN_Xekong_LA,Lamam,LA,15.13770144136,106.6910413961
Lamar_Prowers County_Colorado_US,Lamar,US,38.09232089456,-102.47706307876
Lamentin_Guadeloupe_Guadeloupe_GP,Lamentin,GP,16.277894751968,-61.665403400948
Lamesa_Dawson County_Texas_US,Lamesa,US,32.931755271349,-102.12626041465
Lamjung_Gandaki Zone_Western Region_NP,Lamjung,NP,27.952669271129,84.423214861162
Lampasas_Lampasas County_Texas_US,Lampasas,US,30.921804102973,-98.218488316688
Lancaster_Fairfield County_Ohio_US,Lancaster,US,39.672742806801,-82.562109611602
Landazuri_NaN_Santander_CO,Landazuri,CO,6.2350859934418,-73.860379621708
Landeda_Departement du Finistere_Brittany_FR,Landeda,FR,48.623219685408,-4.5421800347818
Landunvez_Departement du Finistere_Brittany_FR,Landunvez,FR,48.496669326203,-4.698990440128
Langarud_NaN_Gilan_IR,Langarud,IR,37.176590426487,50.184820638949
Langenburg_NaN_Saskatchewan_CA,Langenburg,CA,50.768675000854,-101.42185833144
Langepas_NaN_Khanty-Mansiyskiy Avtonomnyy Okrug_RU,Langepas,RU,61.337413036637,75.056631486333
Langevag_Sula_More og Romsdal_NO,Langevag,NO,62.463460206066,6.3140167695572
Langford_Gosnells_Western Australia_AU,Langford,AU,-32.040860902067,115.93373232804
Langgapayung_NaN_North Sumatra_ID,Langgapayung,ID,1.7413105638153,100.06571244051
Langham_NaN_Saskatchewan_CA,Langham,CA,52.123449944498,-106.91711726014
Langogne_Departement de la Lozere_Languedoc-Roussillon_FR,Langogne,FR,44.790831112141,3.8810795739248
Lankaran_NaN_Lankaran_AZ,Lankaran,AZ,38.754806388889,48.857181388889
Lanskroun_Okres Usti nad Orlici_Pardubicky_CZ,Lanskroun,CZ,49.870693986384,16.69727288969
Lao Cai_NaN_Lao Cai_VN,Lao Cai,VN,22.436179095198,103.92813690944
Laochenglu_NaN_Xinjiang Uygur Zizhiqu_CN,Laochenglu,CN,42.880492766622,89.544372453155
Lapseki_NaN_Canakkale_TR,Lapseki,TR,40.396215904327,26.8015330019
Lapwai_Nez Perce County_Idaho_US,Lapwai,US,46.279518220197,-116.59747365026
Laramie_Albany County_Wyoming_US,Laramie,US,41.751658779027,-105.40098972745
Laredo_Provincia de Trujillo_La Libertad_PE,Laredo,PE,-8.1006615601902,-78.954831272813
Largo_NaN_Southern Province_SL,Largo,SL,8.2811078927408,-12.177581617163
Larreynaga_NaN_Leon_NI,Larreynaga,NI,12.60950387416,-86.657117472237
Las Animas_Bent County_Colorado_US,Las Animas,US,38.101712807526,-103.13546298928
Las Animas_NaN_Los Lagos_CL,Las Animas,CL,-39.72078366275468,-73.10688917343751
Las Cabezas de San Juan_Provincia de Sevilla_Andalusia_ES,Las Cabezas de San Juan,ES,37.051733595034,-5.9297375815753
Las Lomas de Tacamichapan_Jaltipan_Veracruz_MX,Las Lomas de Tacamichapan,MX,17.906758399999994,-94.7091174000022
Las Palmas_Los Cabos_Baja California Sur_MX,Las Palmas,MX,22.973605009323,-109.87801030844
Las Pilas_Morelos_Zacatecas_MX,Las Pilas,MX,22.83174633742,-102.63586520337
Las Terrenas_NaN_Samana_DO,Las Terrenas,DO,19.294732480032,-69.434741664574
Las Tunas_NaN_Las Tunas_CU,Las Tunas,CU,21.00169714894,-76.85828387206
Las Vegas_San Miguel County_New Mexico_US,Las Vegas,US,35.387434947991,-105.42543548128
Las Veredas_Los Cabos_Baja California Sur_MX,Las Veredas,MX,23.267530503668,-109.76048999092
Lashio_NaN_Shan_MM,Lashio,MM,23.52275777777777,97.91338416666667
Laugar_NaN_Northeast_IS,Laugar,IS,65.543556419208,-15.990341109672
Laughlin_Clark County_Nevada_US,Laughlin,US,35.191344639341,-114.84561445641
Lautoka_NaN_Western_FJ,Lautoka,FJ,-17.16472079552,177.18691724974
Laya_Kalinga_Cordillera_PH,Laya,PH,17.439880811451552,121.51832584585053
Le Chatelet_Departement du Cher_Centre_FR,Le Chatelet,FR,46.577421403264,2.3350133746233
Le Mars_Plymouth County_Iowa_US,Le Mars,US,42.66029837422,-96.154543378799
Le Morne-Rouge_Martinique_Martinique_MQ,Le Morne-Rouge,MQ,14.753512333683,-61.142985518229
Le Moule_Guadeloupe_Guadeloupe_GP,Le Moule,GP,16.325610497115,-61.328903022331
Le Muy_Departement du Var_Provence-Alpes-Cote d'Azur_FR,Le Muy,FR,43.425360565347,6.567293699212
Le Palais_Departement du Morbihan_Brittany_FR,Le Palais,FR,47.302233211572,-3.0868095858094
Leanyer_Darwin_Northern Territory_AU,Leanyer,AU,-12.388758501085,130.90920506995
Lebedinovka_NaN_Chuy_KG,Lebedinovka,KG,42.939498188838,74.662859840099
Ledanca_Provincia de Guadalajara_Castille-La Mancha_ES,Ledanca,ES,40.85220594102577,-2.827757270643016
Lefkada_Lefkada_Ionian Islands_GR,Lefkada,GR,38.77236441451582,20.62999785285827
Legaspi_Legaspi City_Bicol_PH,Legaspi,PH,13.138515560536,123.73675490293
Leh_Ladakh_Kashmir_IN,Leh,IN,33.512832142405,77.765279347552
Leifear_County Donegal_Ulster_IE,Leifear,IE,54.865388692742,-7.5082793632637
Leilani Estates_Hawaii County_Hawaii_US,Leilani Estates,US,19.485254670821,-154.94115814254
Leli_NaN_Guangxi Zhuangzu Zizhiqu_CN,Leli,CN,24.787926083017,105.98701891406
Lemu_NaN_Niger_NG,Lemu,NG,9.2635205219304,5.8757477526222
Lenina_NaN_Krasnodarskiy_RU,Lenina,RU,46.037167053571,39.755843283603
Leninskiy_NaN_Tula_RU,Leninskiy,RU,54.370913443454,37.438056062155
Leninskoye_NaN_Leningrad_RU,Leninskoye,RU,60.251174782861,29.86935473288
Lentini_Provincia di Siracusa_Sicily_IT,Lentini,IT,37.270901950854,14.949211876579
Leona Vicario_Merida_Yucatan_MX,Leona Vicario,MX,20.902899386514,-89.635420730117
Leones_NaN_Cordoba_AR,Leones,AR,-32.758901788105,-62.338991666881
Les Forges_Departement des Vosges_Lorraine_FR,Les Forges,FR,48.175755064248,6.4021303345326
Lesage_Cabell County_West Virginia_US,Lesage,US,38.608248055295,-82.440484427151
Leshukonskoye_NaN_Arkhangelskaya_RU,Leshukonskoye,RU,65.3175378000173,45.21846399997414
Lesichevo_Obshtina Lesichevo_Pazardzhik_BG,Lesichevo,BG,42.295664853109,24.124359518794
Lesja_Lesja_Oppland_NO,Lesja,NO,62.124075367156,8.7919788908154
Lesnoy_NaN_Rjazan_RU,Lesnoy,RU,54.297114728309,40.566427114292
Lesnoy_NaN_Sverdlovsk_RU,Lesnoy,RU,57.642275427609,63.24803273016
Lesnyye Polyany_NaN_Kirov_RU,Lesnyye Polyany,RU,58.800645429133,52.529478950916
Lesparre-Medoc_Departement de la Gironde_Aquitaine_FR,Lesparre-Medoc,FR,45.320497595793,-0.86634154154108
Lethem_NaN_Upper Takutu-Upper Essequibo_GY,Lethem,GY,3.9673593008817,-59.125370036671
Letka_NaN_Komi Republic_RU,Letka,RU,59.509280549218,49.314253847328
Letlhakeng_NaN_Kweneng_BW,Letlhakeng,BW,-24.031108475905,25.001159648406
Leuteboro_Province of Mindoro Oriental_Mimaropa_PH,Leuteboro,PH,13.092319500172,121.35137285126
Levanto_Provincia de Chachapoyas_Amazonas_PE,Levanto,PE,-6.3246088038249,-77.931379100035
Levignac_Departement de la Haute-Garonne_Midi-Pyrenees_FR,Levignac,FR,43.644860461671,1.2174688651649
Lewistown_Fergus County_Montana_US,Lewistown,US,46.938915219422,-109.7547311424
Lexington_Lee County_Texas_US,Lexington,US,30.418008848516,-97.19520961912
Li_NaN_Lamphun_TH,Li,TH,17.917605975417,98.910881272486
Liangxiang_NaN_Beijing_CN,Liangxiang,CN,39.761625445872525,116.15714536241585
Libenge_NaN_Equateur_CD,Libenge,CD,3.5894179157307,19.21831123
Libertad_NaN_Corrientes_AR,Libertad,AR,-29.930726560109,-57.636887302017
Liberty City_Gregg County_Texas_US,Liberty City,US,32.441963568512,-95.066684192546
Libin_Province du Luxembourg_Wallonia_BE,Libin,BE,49.923070982414,5.2429380189216
Libode_OR Tambo District Municipality_Eastern Cape_ZA,Libode,ZA,-31.94560085888,29.129072823182
Licciana Nardi_Provincia di Massa-Carrara_Tuscany_IT,Licciana Nardi,IT,44.258403345723,10.028961736476
Licenciado Gustavo Diaz Ordaz (18 de Marzo)_Carmen_Campeche_MX,Licenciado Gustavo Diaz Ordaz (18 de Marzo),MX,18.83844638632,-91.004501390934
Licey al Medio_NaN_Santiago_DO,Licey al Medio,DO,19.394087935466,-70.622079693057
Lichinga_NaN_Niassa_MZ,Lichinga,MZ,-13.368491089069003,36.086815671660005
Lidoriki_Nomos Fokidos_Central Greece_GR,Lidoriki,GR,38.411575143612,22.114992980213
Lieksa_Pielisen Karjala_North Karelia_FI,Lieksa,FI,63.191106384493,30.518393041197
Lien Chieu_NaN_Da Nang_VN,Lien Chieu,VN,16.152434987108,108.10463623547
Lien Huong_NaN_Binh Thuan_VN,Lien Huong,VN,11.335497440976,108.87405884833
Ligatne_NaN_Ligatne_LV,Ligatne,LV,57.090927123037,25.160713405663
Lightning Ridge_Walgett_New South Wales_AU,Lightning Ridge,AU,-30.010194436903,148.06158333884
Lijiang_NaN_Yunnan_CN,Lijiang,CN,26.891723021015,100.21920499602
Likasi_NaN_Katanga_CD,Likasi,CD,-10.911026025278,26.739700957774
Likhoy_NaN_Rostov_RU,Likhoy,RU,48.030606742975,40.253285002277
Lillehammer_Lillehammer_Oppland_NO,Lillehammer,NO,61.174443426646,10.396598997602
Lillooet_NaN_British Columbia_CA,Lillooet,CA,51.297118431605,-121.78449022918
Lilongwe_Lilongwe District_Central Region_MW,Lilongwe,MW,-13.951190457727,33.776115325781
Limon_NaN_Limon_CR,Limon,CR,9.8990703671509,-82.977275977175
Limuru_NaN_Kiambu_KE,Limuru,KE,-1.110108454476,36.713855321254
Linares de Mora_Provincia de Teruel_Aragon_ES,Linares de Mora,ES,40.358853936135,-0.57073323286806
Lincoln_Burleigh County_North Dakota_US,Lincoln,US,46.836627758802,-100.51407031844
Lincoln_Lincoln County_Kansas_US,Lincoln,US,39.016335318189,-97.921533050056
Linevo_NaN_Novosibirsk_RU,Linevo,RU,54.526898774658,83.331341145345
Linguaglossa_Catania_Sicily_IT,Linguaglossa,IT,37.836410342836,15.096151782697
Linkoping_Linkopings Kommun_OEstergoetland_SE,Linkoping,SE,58.336162840517,15.625096839532
Lintaca_Provincia Nor Cinti_Chuquisaca_BO,Lintaca,BO,-20.865541099302,-65.227148246652
Lipiany_Powiat pyrzycki_West Pomeranian Voivodeship_PL,Lipiany,PL,53.02505604761898,14.898744202441476
Liptovsky Hradok_Okres Zilina_Zilinsky_SK,Liptovsky Hradok,SK,48.903667143288,19.731213599921
Lisala_NaN_Equateur_CD,Lisala,CD,2.1721566751584,21.298291137076
Lismore_Lismore Municipality_New South Wales_AU,Lismore,AU,-28.882718221162,153.2389335039
Listowel_Ciarrai_Munster_IE,Listowel,IE,52.528936820185,-9.3865062324694
Lit_OEstersunds Kommun_Jaemtland_SE,Lit,SE,63.528253010306,14.736579033674
Little Falls_Morrison County_Minnesota_US,Little Falls,US,46.021832306191,-94.415462262408
Little Gombi_NaN_Adamawa_NG,Little Gombi,NG,10.089998027484,12.591106042615
Liupanshui_NaN_Guizhou Sheng_CN,Liupanshui,CN,26.137820583894,105.14080357764
Livermore_Alameda County_California_US,Livermore,US,37.686785288005,-121.64271635122
Livingston_Park County_Montana_US,Livingston,US,45.448418241047,-110.63115597103
Liwan_Kalinga_Cordillera_PH,Liwan,PH,17.515281656186,121.63831000834
Liwonde_Machinga District_Southern Region_MW,Liwonde,MW,-14.842885854077,35.261349212295
Lixouri_Nomos Kefallinias_Ionian Islands_GR,Lixouri,GR,38.173448182333,20.404133981847
Llaillay_Provincia de San Felipe_Valparaiso_CL,Llaillay,CL,-33.02158614065,-70.885351947439
Llanidloes_Sir Powys_Wales_GB,Llanidloes,GB,52.456357415415,-3.5071048018311
Llano_Llano County_Texas_US,Llano,US,30.729810992519,-98.651669890131
Lloydminster_NaN_Saskatchewan_CA,Lloydminster,CA,53.307192063722,-110.02070182317
Llucmajor_Illes Balears_Balearic Islands_ES,Llucmajor,ES,39.444735459339,2.8994417712926
Lo de Marcos_Bahia de Banderas_Nayarit_MX,Lo de Marcos,MX,20.941014305394,-105.35856484635
Loa_Wayne County_Utah_US,Loa,US,38.27895453498,-111.24936168432
Loberia_Partido de Loberia_Buenos Aires_AR,Loberia,AR,-37.81494110042,-58.697357113509
Lobito_NaN_Benguela_AO,Lobito,AO,-12.373791098894,13.550457869833
Loboc_Province of Bohol_Central Visayas_PH,Loboc,PH,9.6434545425281,124.02780777355
Lockwood_Yellowstone County_Montana_US,Lockwood,US,45.816957758595,-108.33995063347
Locorotondo_Provincia di Bari_Apulia_IT,Locorotondo,IT,40.764531214259,17.292630433023
Loctudy_Departement du Finistere_Brittany_FR,Loctudy,FR,47.84027337989,-4.1962183347274
Lodeynoye Pole_NaN_Leningrad_RU,Lodeynoye Pole,RU,60.66012592052487,33.34035266830337
Loding_Bodo_Nordland_NO,Loding,NO,67.236228004915,14.660885995972
Lodingen_Lodingen_Nordland_NO,Lodingen,NO,68.46569878887404,15.901390198135443
Lodz_NaN_Lodz Voivodeship_PL,Lodz,PL,51.794583134259,19.422898552453
Log_NaN_Volgograd_RU,Log,RU,49.480228150196,43.804594147259
Logan_Quay County_New Mexico_US,Logan,US,35.196872647612,-102.95227641092
Logumkloster_Tonder Kommune_South Denmark_DK,Logumkloster,DK,55.047204440537,8.9934581050794
Lohja_Helsinki_Uusimaa_FI,Lohja,FI,60.260341549955,24.190614684527
Lohra_Regierungsbezirk Giessen_Hesse_DE,Lohra,DE,50.699219674186,8.6253377755777
Lokavec_NaN_Ajdovscina_SI,Lokavec,SI,45.868684963123,13.836685256008
Lokosovo_NaN_Khanty-Mansiyskiy Avtonomnyy Okrug_RU,Lokosovo,RU,61.491912319995,74.285776209698
Lokwabe_NaN_NaN_BW,Lokwabe,BW,-24.486596784527,20.938228964774
Loma del Refugio_Navojoa_Sonora_MX,Loma del Refugio,MX,27.113791143723,-109.45466416624
Loma_Mesa County_Colorado_US,Loma,US,39.242221743815,-108.90225860472
Lombardia_Gabriel Zamora_Michoacan_MX,Lombardia,MX,19.088366374121,-102.01083398825
Lomovka_NaN_Bashkortostan_RU,Lomovka,RU,53.936913045408,57.927611435469
Loncopue_Departamento de Loncopue_Neuquen_AR,Loncopue,AR,-38.45876924883,-71.385669858128
London_Pope County_Arkansas_US,London,US,35.335710395119,-93.245111620841
Londres_NaN_Catamarca_AR,Londres,AR,-27.820298470893,-67.179473585723
Long Beach_Harrison County_Mississippi_US,Long Beach,US,30.417456000834,-89.171863999757
Long Loreh_NaN_North Kalimantan_ID,Long Loreh,ID,3.474058085606,116.55372099064
Long Neck_Sussex County_Delaware_US,Long Neck,US,38.687294207379,-75.177701078724
Long Pujungan_NaN_North Kalimantan_ID,Long Pujungan,ID,2.584099121317,115.81628395638
Longlou_NaN_Hainan_CN,Longlou,CN,19.65119236957856,110.96294430906906
Longyearbyen_Spitsbergen_Svalbard_SJ,Longyearbyen,SJ,78.222715195112,15.070390197978
Lopez_Province of Quezon_Calabarzon_PH,Lopez,PH,13.911827127245674,122.28266390541876
Loppi_Riihimaeki_Haeme_FI,Loppi,FI,60.62609932197493,24.46303593441602
Lopsmarka_Bodo_Nordland_NO,Lopsmarka,NO,67.31412905742,14.487740102315
Lordsburg_Hidalgo County_New Mexico_US,Lordsburg,US,32.231542603102,-108.47162348601
Lorengau_NaN_Manus_PG,Lorengau,PG,-2.0459519870102,147.3637849376
Lorenzo_Crosby County_Texas_US,Lorenzo,US,33.666636610865,-101.54375630092
Loris_Horry County_South Carolina_US,Loris,US,34.092026371535,-78.833494002044
Los Alamos_Los Alamos County_New Mexico_US,Los Alamos,US,35.814857691583,-106.52025400256
Los Angeles_Provincia de Biobio_Biobio_CL,Los Angeles,CL,-37.527545929689,-72.338839117523
Los Arcos_Province of Agusan del Sur_Caraga_PH,Los Arcos,PH,8.6328272429538,126.03822630517
Los Chiles_NaN_Alajuela_CR,Los Chiles,CR,11.098957634006,-84.562011974777
Lostwithiel_Cornwall_England_GB,Lostwithiel,GB,50.395037998502985,-4.626846452694609
Loufeng_NaN_Jiangsu Sheng_CN,Loufeng,CN,31.3083477732,120.66831600959
Louga_NaN_Louga_SN,Louga,SN,15.719883152932,-16.464084802409
Louisa_Louisa County_Virginia_US,Louisa,US,38.106177110497,-77.915523482657
Louisville_Cass County_Nebraska_US,Louisville,US,41.000813756113,-96.168265024126
Loukhi_NaN_Republic of Karelia_RU,Loukhi,RU,65.93220497784941,32.85564181352214
Lovelock_Pershing County_Nevada_US,Lovelock,US,40.42903453405,-118.29208467472
Lower Chittering_Chittering_Western Australia_AU,Lower Chittering,AU,-31.25275,116.08697222222
Lower King_Albany_Western Australia_AU,Lower King,AU,-34.91433332362,118.20405557597
Lowville_Lewis County_New York_US,Lowville,US,43.749154678218,-75.693040474091
Luanco_Province of Asturias_Asturias_ES,Luanco,ES,43.622728952563,-5.8004130299632
Luanda_NaN_Luanda_AO,Luanda,AO,-9.4584241032722,13.201544676994
Luangwa_NaN_Lusaka_ZM,Luangwa,ZM,-15.053893959459051,29.736512359010497
Luanshya_NaN_Copperbelt_ZM,Luanshya,ZM,-13.124526452788016,28.28731050416117
Lubango_NaN_Huila_AO,Lubango,AO,-15.3111640175,13.854809012222
Lubao_NaN_Kasai-Oriental_CD,Lubao,CD,-5.696279504138605,25.21182896837682
Lubbock_Lubbock County_Texas_US,Lubbock,US,33.529257756787,-101.86593460324
Lubochnia_Powiat tomaszowski_Lodz Voivodeship_PL,Lubochnia,PL,51.58586400000001,20.067955
Lubstorf_NaN_Mecklenburg-Vorpommern_DE,Lubstorf,DE,53.769189413309,11.420896042068
Lubuagan_Kalinga_Cordillera_PH,Lubuagan,PH,17.376159442103273,121.16053134146108
Lubukalung_NaN_West Sumatra_ID,Lubukalung,ID,-0.69259382478708,100.29056746738
Lubukbergalung_NaN_West Sumatra_ID,Lubukbergalung,ID,-0.97419000081931,100.37804199667
Lubumbashi_NaN_Katanga_CD,Lubumbashi,CD,-11.03823114814,28.030455565089
Luebben_NaN_Brandenburg_DE,Luebben,DE,51.928671092283,13.935552634303
Luganville_NaN_Sanma_VU,Luganville,VU,-15.431355385415,167.20499794568
Lugo_Provincia de Lugo_Galicia_ES,Lugo,ES,42.957180666883,-7.5705510645658
Lugoba_NaN_Pwani_TZ,Lugoba,TZ,-6.2226417875083,38.392652078878
Lukhovka_NaN_Mordoviya_RU,Lukhovka,RU,54.217333994845,45.284826628333
Lukovetskiy_NaN_Arkhangelskaya_RU,Lukovetskiy,RU,64.21371556064702,42.50269621035073
Lukulu_NaN_Western_ZM,Lukulu,ZM,-14.157341769322958,23.33456445228667
Lumberton_Lamar County_Mississippi_US,Lumberton,US,31.029180612169,-89.404095548053
Luna_Province of Surigao del Norte_Caraga_PH,Luna,PH,9.7440709548725,125.48395100366
Lungtenzampa_NaN_Thimphu_BT,Lungtenzampa,BT,27.441861561019422,89.67234714627644
Luopioinen_Tampere_Pirkanmaa_FI,Luopioinen,FI,61.290757431939,24.695134666676
Luoyang_Luoyang Shi_Henan Sheng_CN,Luoyang,CN,34.821776678559,112.44906994019
Lusaka_NaN_Lusaka_ZM,Lusaka,ZM,-15.263958443781018,28.30996199279301
Luxor_NaN_Luxor_EG,Luxor,EG,25.42017410100685,32.99557662092943
Luz_Luz_Minas Gerais_BR,Luz,BR,-19.783047100867,-45.564022454222
Luzhou_NaN_Sichuan_CN,Luzhou,CN,28.852575343124062,105.57736326044378
Luziania_Luziania_Goias_BR,Luziania,BR,-16.057272553665,-48.261685860157
Luzino_NaN_Omsk_RU,Luzino,RU,54.952931753144,73.067251777443
Lycksele_Lycksele Kommun_Vaesterbotten_SE,Lycksele,SE,64.415675000189,18.612240997834
Lyepyel'_NaN_Vitebsk_BY,Lyepyel',BY,54.80665153741,28.64740857115
Lyman_Uinta County_Wyoming_US,Lyman,US,41.337783973293,-110.33624978055
Lyons_Linn County_Oregon_US,Lyons,US,44.79114031519949,-122.63446734564546
Lyons_Rice County_Kansas_US,Lyons,US,38.502761732764,-98.201523368814
Lyozna_Lyoznyenski Rayon_Vitebsk_BY,Lyozna,BY,54.998211452662,30.923391652846
Lyuban'_NaN_Leningrad_RU,Lyuban',RU,59.130857348181365,31.20264507239692
Lyubech_NaN_Chernihiv_UA,Lyubech,UA,51.646425001099,30.445099873923
Lyubokhna_NaN_Brjansk_RU,Lyubokhna,RU,53.460620026331,34.40573431465
Ma Lam_NaN_Binh Thuan_VN,Ma Lam,VN,11.022209324382,108.35916637659
Ma'an_NaN_Ma'an_JO,Ma'an,JO,30.20010704949816,35.734168444396275
Maanit_NaN_Central Aimak_MN,Maanit,MN,47.355443632506,107.48367614831
Maapi_NaN_Central_BW,Maapi,BW,-22.773997119385,27.386409158168
Mabini_Province of Nueva Ecija_Central Luzon_PH,Mabini,PH,15.602636668244,120.97929499923
Mabopane_City of Tshwane Metropolitan Municipality_Gauteng_ZA,Mabopane,ZA,-25.525528292093,28.284468714759
Mabuli_NaN_NaN_BW,Mabuli,BW,-25.757020204772,24.965551462991
Macalong_Province of Pangasinan_Ilocos_PH,Macalong,PH,16.017958333333,120.664845
Macao_Macao_Santarem_PT,Macao,PT,39.641714314705,-8.0036440983966
Macenta_Macenta_Nzerekore_GN,Macenta,GN,8.4255983671308,-9.3990406682243
Machachi_NaN_Pichincha_EC,Machachi,EC,-0.39804173836414,-78.810459666025
Macheta_NaN_Cundinamarca_CO,Macheta,CO,5.0772532775244,-73.553092557583
Macia_NaN_Gaza_MZ,Macia,MZ,-24.9519188790604,33.23276097730153
Macklin_NaN_Saskatchewan_CA,Macklin,CA,52.349932747189,-109.98020582215
Macouria_NaN_NaN_GF,Macouria,GF,4.9712879947102,-52.440325961909
Macquarie_NaN_Australian Capital Territory_AU,Macquarie,AU,-35.329584206455,149.01258399295
Madagh_Berkane-Taourirt_Oriental_MA,Madagh,MA,35.060118705648,-2.420926448938
Madalena_Madalena_Azores_PT,Madalena,PT,38.43275736795984,-28.449451404004
Madanapalle_Chittoor_Andhra Pradesh_IN,Madanapalle,IN,13.544244095581,78.434686258632
Madang_NaN_Madang_PG,Madang,PG,-4.7597222129013,145.67027778042
Madinat ash Shamal_NaN_Madinat ash Shamal_QA,Madinat ash Shamal,QA,26.06283365800025,51.12967214819516
Madison_Lac qui Parle County_Minnesota_US,Madison,US,44.935951361635,-96.29943660043
Madolenihm Municipality Government_Madolenihm Municipality_Pohnpei_FM,Madolenihm Municipality Government,FM,6.813554100014411,158.2040012
Madugula_Vishakhapatnam_Andhra Pradesh_IN,Madugula,IN,18.314261123993,82.818232435607
Mae Fa Luang_NaN_Chiang Rai_TH,Mae Fa Luang,TH,20.322532236101,99.882737008878
Mae La Noi_NaN_Mae Hong Son_TH,Mae La Noi,TH,18.491912271545,97.930641724161
Mae Lao_NaN_Chiang Rai_TH,Mae Lao,TH,19.746314843217,99.651056542342
Mae Phrik_NaN_Lampang_TH,Mae Phrik,TH,17.5114403855,99.059316366607
Mae Tha_NaN_Lampang_TH,Mae Tha,TH,18.109555270844,99.632868415834
Mae Wong_NaN_Nakhon Sawan_TH,Mae Wong,TH,15.88746543318,99.597274381111
Maevatanana_NaN_Betsiboka_MG,Maevatanana,MG,-16.856344510058,46.966921834851
Mafeteng_NaN_Mafeteng_LS,Mafeteng,LS,-29.72467996101,27.401763312517
Mafra_Mafra_Santa Catarina_BR,Mafra,BR,-26.33379802063,-50.001398389104
Magadi_Ramanagara_Karnataka_IN,Magadi,IN,12.95454725392,77.314054400389
Magapit_Province of Cagayan_Cagayan Valley_PH,Magapit,PH,18.125216373514,121.67546017645
Magdalena de Kino_NaN_Sonora_MX,Magdalena de Kino,MX,30.597207028984,-111.0367666711
Magelang_NaN_Central Java_ID,Magelang,ID,-7.3620873360088,110.26185852891
Magnac-Laval_Departement de la Haute-Vienne_Limousin_FR,Magnac-Laval,FR,46.335134767938,1.1880385603491
Magnitogorsk_Gorod Magnitogorsk_Chelyabinsk_RU,Magnitogorsk,RU,53.459097587685,58.988440514553
Magog_Estrie_Quebec_CA,Magog,CA,45.292931695512,-72.190145433083
Magomeni_NaN_Tanga_TZ,Magomeni,TZ,-5.493834700001912,38.435063700002246
Magsaysay_Province of Laguna_Calabarzon_PH,Magsaysay,PH,14.326101089909,121.03513641661
Magtymguly_NaN_Balkan_TM,Magtymguly,TM,38.417366993541,56.624639727511
Magugu_NaN_Manyara_TZ,Magugu,TZ,-4.0228542971763,35.773527364848
Magway_NaN_Magway_MM,Magway,MM,20.24245100605,95.142125784148
Mahabe_NaN_Melaky_MG,Mahabe,MG,-16.366735305479,45.41159747315
Mahajanga_NaN_Boeny_MG,Mahajanga,MG,-15.963208063851,45.978498196472
Mahalapye_NaN_Central_BW,Mahalapye,BW,-23.284979725652,26.75107241538
Maharagama_NaN_Western_LK,Maharagama,LK,6.7871591320453,79.960676156716
Mahibadhoo_NaN_North Central_MV,Mahibadhoo,MV,3.6124134906494,72.986740248351
Mahmudiye_NaN_Eskisehir_TR,Mahmudiye,TR,39.56991019219,30.953108946058
Mahmut Sevket Pasa_NaN_Istanbul_TR,Mahmut Sevket Pasa,TR,41.125800397355,29.256732237722
Mahmutlar_Alanya_Antalya_TR,Mahmutlar,TR,36.502590474178,32.080000997998
Maicao_NaN_La Guajira_CO,Maicao,CO,11.237876414173,-72.362162478732
Maiduguri_NaN_Borno_NG,Maiduguri,NG,11.764836208880116,13.23895595499114
Maikunkele_NaN_Niger_NG,Maikunkele,NG,9.6856777879149,6.4670025543565
Maimara_NaN_Jujuy_AR,Maimara,AR,-23.721537585612,-65.462104207518
Maizieres-la-Grande-Paroisse_Departement de l'Aube_Champagne-Ardenne_FR,Maizieres-la-Grande-Paroisse,FR,48.5027202036041,3.771698426990967
Majie_NaN_Yunnan_CN,Majie,CN,25.02087330020601,102.6277600971385
Makale_NaN_South Sulawesi_ID,Makale,ID,-3.0595589854329,119.82972798858
Makar'yev_NaN_Kostroma_RU,Makar'yev,RU,57.847272447326,43.620967203827
Makassar_NaN_South Sulawesi_ID,Makassar,ID,-5.2800169627848,119.64269112381
Makata_NaN_Southern Region_MW,Makata,MW,-15.815585191493,35.061042977265
Makhambet_NaN_Atyrau_KZ,Makhambet,KZ,47.246966359704,51.057979330732
Makhjan_Ratnagiri_Maharashtra_IN,Makhjan,IN,17.229847575765,73.276727100437
Makinsk_NaN_Aqmola_KZ,Makinsk,KZ,52.657617808135,70.483804285945
Maksi_Shajapur_Madhya Pradesh_IN,Maksi,IN,23.345829270558777,76.20569771651563
Makubetsu_NaN_Hokkaido_JP,Makubetsu,JP,44.814193141123965,141.78321246220986
Makungu_NaN_Iringa_TZ,Makungu,TZ,-8.500971463480907,35.49729441115262
Mala_Mala Kommun_Vaesterbotten_SE,Mala,SE,65.607773312247,18.62046283174
Malabadi_NaN_Diyarbakir_TR,Malabadi,TR,38.173203782057,41.137726499025
Malad City_Oneida County_Idaho_US,Malad City,US,42.118170522793,-112.21787703531
Malandag_Province of Sarangani_Soccsksargen_PH,Malandag,PH,6.316085993139419,125.25187153075638
Malang_NaN_East Java_ID,Malang,ID,-7.9576146567908,112.65621496724
Malangali_NaN_Iringa_TZ,Malangali,TZ,-8.5078101011623,35.060159513141
Malaryta_NaN_Brest_BY,Malaryta,BY,51.97452967789,23.946427965442
Malavalli_Mandya_Karnataka_IN,Malavalli,IN,12.400208334279,77.127436664752
Malax_Vaasa_Ostrobothnia_FI,Malax,FI,62.84734408574453,21.699506223430827
Male_NaN_Maale_MV,Male,MV,4.2736377829943,73.572599626542
Malemort-sur-Correze_Departement de la Correze_Limousin_FR,Malemort-sur-Correze,FR,45.180958283257,1.5927446521875
Maletto_Catania_Sicily_IT,Maletto,IT,37.837057481899,14.90768906581
Maliana_NaN_Bobonaro_TL,Maliana,TL,-9.030556283685591,125.29529591923088
Malilla_Hultsfreds Kommun_Kalmar_SE,Malilla,SE,57.295633282465,15.923763116747
Malir Cantonment_NaN_Sindh_PK,Malir Cantonment,PK,25.321448227546,67.568831564397
Mallala_Mallala_South Australia_AU,Mallala,AU,-34.460746929097,138.36469321491
Mallig_Province of Isabela_Cagayan Valley_PH,Mallig,PH,17.196783489481525,121.61107113125522
Malmberget_Gallivare Kommun_Norrbotten_SE,Malmberget,SE,67.576975904902,20.878915943009
Malmesbury_West Coast District Municipality_Western Cape_ZA,Malmesbury,ZA,-33.530913578791,18.672045411537
Malmstrom Air Force Base_Cascade County_Montana_US,Malmstrom Air Force Base,US,47.456265478901,-111.07921012501
Maloy_Vagsoy_Sogn og Fjordane_NO,Maloy,NO,61.93826688976187,5.048243053155125
Maloye Ganyushkino_NaN_Atyrau_KZ,Maloye Ganyushkino,KZ,46.594696094699,49.192808111712
Malpils_NaN_Malpils_LV,Malpils,LV,56.966883816747,25.217911261329
Malunda_NaN_Sulawesi Barat_ID,Malunda,ID,-2.9472381419861,118.87031434135
Mammoth Lakes_Mono County_California_US,Mammoth Lakes,US,37.614152062806,-118.81098788303
Mamou_Mamou Prefecture_Mamou_GN,Mamou,GN,10.465824487785,-12.12560566119
Mamuju_NaN_Sulawesi Barat_ID,Mamuju,ID,-2.6362810988985,118.97940357317
Mamuniyeh_NaN_Markazi_IR,Mamuniyeh,IR,35.254057187878,50.556893499147
Man_NaN_Dix-Huit Montagnes_CI,Man,CI,7.4026903316989,-7.5568817225793
Mana_Guyane_Guyane_GF,Mana,GF,5.6912784073741,-53.827236882415
Manacor_Illes Balears_Balearic Islands_ES,Manacor,ES,39.540821990764,3.2368179399204
Manado_NaN_North Sulawesi_ID,Manado,ID,1.4850189804997,124.84832391084
Manali_Kulu_Himachal Pradesh_IN,Manali,IN,32.272895380701,77.180878365245
Manati_NaN_Las Tunas_CU,Manati,CU,21.146273556014,-76.932585876441
Manaus_Manaus_Amazonas_BR,Manaus,BR,-2.794862843488,-60.036777433809
Manazo_Provincia de Puno_Puno_PE,Manazo,PE,-15.789997865481,-70.348913751801
Mancos_Montezuma County_Colorado_US,Mancos,US,37.294371416139,-108.43738360452
Mandalay_NaN_Mandalay_MM,Mandalay,MM,21.899505277777777,96.19239611111112
Mandeni_iLembe District Municipality_KwaZulu-Natal_ZA,Mandeni,ZA,-29.203515990137,31.448036925164
Mandi_Mandi_Himachal Pradesh_IN,Mandi,IN,31.702203198711,76.95147155267
Mandiana_Mandiana Prefecture_Kankan_GN,Mandiana,GN,10.535141391660307,-8.159951369322945
Manduria_Provincia di Taranto_Apulia_IT,Manduria,IT,40.356473261649,17.641352661588
Mandvi_Kachchh_Gujarat_IN,Mandvi,IN,22.90040703363,69.429993793787
Mang'it Shahri_NaN_Karakalpakstan_UZ,Mang'it Shahri,UZ,42.126661623762,60.067965040971
Manhica_NaN_Maputo_MZ,Manhica,MZ,-25.622637739728,32.676003349679
Manilla_Tamworth Municipality_New South Wales_AU,Manilla,AU,-30.945970234219,150.54677954418
Manises_Provincia de Valencia_Valencia_ES,Manises,ES,39.496614882897,-0.50043771328477
Maniwaki_Outaouais_Quebec_CA,Maniwaki,CA,46.340228913845,-76.020306641947
Manjacaze_NaN_Gaza_MZ,Manjacaze,MZ,-24.98934301373101,33.92430994263357
Mankato_Jewell County_Kansas_US,Mankato,US,39.668137025067,-98.054475024191
Mankoeng_Capricorn District Municipality_Limpopo_ZA,Mankoeng,ZA,-23.965624172629,29.961676792208
Mannford_Creek County_Oklahoma_US,Mannford,US,36.216657520069,-96.377287041149
Manning_NaN_Alberta_CA,Manning,CA,56.790845500626,-117.64485135298
Mannum_Mid Murray_South Australia_AU,Mannum,AU,-34.855973441138,139.38705033365
Manogpi_Province of Bulacan_Central Luzon_PH,Manogpi,PH,13.309715000273,121.18851800031
Manon_Provincia da Coruna_Galicia_ES,Manon,ES,43.74817105122,-7.6958060941634
Manowa_NaN_Eastern Province_SL,Manowa,SL,8.3022578247556,-10.707194835293
Manpur_Indore_Madhya Pradesh_IN,Manpur,IN,22.45362782154137,75.6425314143958
Mansa_NaN_Luapula_ZM,Mansa,ZM,-10.992436863739,28.088792891904
Mansfield_De Soto Parish_Louisiana_US,Mansfield,US,32.079711156347,-93.576024334349
Mansfield_Mansfield_Victoria_AU,Mansfield,AU,-37.067881264233,146.34184009561
Mansfield_Tioga County_Pennsylvania_US,Mansfield,US,41.828585462043,-77.088113599698
Manta_NaN_Cundinamarca_CO,Manta,CO,5.012249486155,-73.528445972719
Manzanares_Provincia de Ciudad Real_Castille-La Mancha_ES,Manzanares,ES,38.991889954492,-3.3882674705886
Manzanillo_Manzanillo_Colima_MX,Manzanillo,MX,19.119265008536,-104.36442862992
Manzherok_Mayminskiy Rayon_Altay_RU,Manzherok,RU,51.785570245913,85.746436050174
Manzil Kamil_NaN_Al Munastir_TN,Manzil Kamil,TN,35.474683677714,10.631367212958
Mapiri_NaN_La Paz_BO,Mapiri,BO,-15.319152967843136,-68.26996899817384
Maputo_NaN_Maputo City_MZ,Maputo,MZ,-25.716332480508783,32.74137330256245
Mar del Plata_NaN_Buenos Aires_AR,Mar del Plata,AR,-38.039521967148,-57.593012072088
Marabella_NaN_City of San Fernando_TT,Marabella,TT,10.31908054881,-61.430389306397
Maracaju_Maracaju_Mato Grosso do Sul_BR,Maracaju,BR,-21.646540505118,-55.103583681271
Maracanau_Maracanau_Ceara_BR,Maracanau,BR,-3.8425826184732,-38.592216716989
Maracas_Maracas_Bahia_BR,Maracas,BR,-13.014087465371103,-40.60756085789444
Maracay_Municipio Girardot_Aragua_VE,Maracay,VE,10.250742944303,-67.627473524167
Maracha_Maracha District_Northern Region_UG,Maracha,UG,3.273288919794,31.104398534596
Maragua_NaN_Murang'a District_KE,Maragua,KE,-0.80519261421883,37.008924274095
Marana_Provincia de Leon_Castille and Leon_ES,Marana,ES,43.124558168,-5.171306947044
Marao_Province of Quezon_Calabarzon_PH,Marao,PH,13.907668972951392,121.8569287096908
Marathon_NaN_Ontario_CA,Marathon,CA,48.714202294476,-85.757041416094
Marau_Marau_Bahia_BR,Marau,BR,-13.978300031401,-38.949488682297
Marcabal_Sanchez Carrion_La Libertad_PE,Marcabal,PE,-7.7058159728093,-78.021563022899
Marck_Departement du Pas-de-Calais_Nord-Pas-de-Calais_FR,Marck,FR,50.9467530409,1.9670425034731
Marco_Collier County_Florida_US,Marco,US,25.989970734114,-81.614277960659
Marconia_Provincia di Matera_Basilicate_IT,Marconia,IT,40.333840391196,16.799942034837
Marcos Juarez_NaN_Cordoba_AR,Marcos Juarez,AR,-32.686381571372,-62.103107486772
Marg`ilon_NaN_Fergana_UZ,Marg`ilon,UZ,40.489382514571,71.631108705308
Margaret River_Augusta-Margaret River Shire_Western Australia_AU,Margaret River,AU,-33.864805546299,115.11586111597
Maria Aurora_Province of Aurora_Central Luzon_PH,Maria Aurora,PH,15.778876666667,121.33701333333
Marielund_Soderhamns Kommun_Gaevleborg_SE,Marielund,SE,61.440045193837,17.12861649972
Marigny_Departement de la Manche_Lower Normandy_FR,Marigny,FR,49.181996738521,-1.2319562997711
Marilia_Marilia_Sao Paulo_BR,Marilia,BR,-22.291505620965,-50.011425764568
Marina_NaN_Splitsko-Dalmatinska_HR,Marina,HR,43.382281881015,16.41157939924
Marion_Smyth County_Virginia_US,Marion,US,36.754533683463,-81.496710210307
Marivan_NaN_Kordestan_IR,Marivan,IR,35.519559956261,46.195084548568
Markesan_Green Lake County_Wisconsin_US,Markesan,US,43.723641715678,-89.051088333503
Market Weighton_East Riding of Yorkshire_England_GB,Market Weighton,GB,53.842608698084,-0.63260172366037
Marlow_NaN_Mecklenburg-Vorpommern_DE,Marlow,DE,54.112950449686,12.568494777136
Marmaris_Marmaris_Mugla_TR,Marmaris,TR,36.913551727148,28.277079904373
Maroua_NaN_Far North_CM,Maroua,CM,10.588400458901,14.312758143682
Marovoay_NaN_Boeny_MG,Marovoay,MG,-16.238603023786,46.766219027158
Marquelia_NaN_Guerrero_MX,Marquelia,MX,16.582023467376,-98.814106284665
Marrakesh_Marrakech_Marrakech-Tensift-Al Haouz_MA,Marrakesh,MA,31.796686115941,-8.1109616180813
Marsa Alam_NaN_Red Sea_EG,Marsa Alam,EG,24.391331900332,35.249620462177
Marsassoum_NaN_Kolda_SN,Marsassoum,SN,12.982008633597866,-15.885106171029038
Marsaxlokk_NaN_Marsaxlokk_MT,Marsaxlokk,MT,35.837049836758,14.555955965877
Marsing_Owyhee County_Idaho_US,Marsing,US,43.360277894153,-116.92652929212
Martapura_NaN_South Sumatra_ID,Martapura,ID,-4.318366816883993,104.33633763256472
Martil_Tetouan_Tanger-Tetouan_MA,Martil,MA,35.624535861366,-5.327599332102
Martin_Bennett County_South Dakota_US,Martin,US,43.172642113008,-101.84781431879
Martinez Dominguez_Guadalupe_Zacatecas_MX,Martinez Dominguez,MX,22.661672794964,-102.44680137033
Martinsville_Clark County_Illinois_US,Martinsville,US,39.365996917508,-87.863670228265
Martuk_NaN_Aqtoebe_KZ,Martuk,KZ,50.705947817937,56.478551165454
Marvdasht_NaN_Fars_IR,Marvdasht,IR,29.988284701038,52.954639295711
Mary_NaN_Mary_TM,Mary,TM,38.270282754345,61.711075339758
Masagua_Municipio de Masagua_Escuintla_GT,Masagua,GT,14.264326335664,-90.842823245437
Masakin_NaN_Susah_TN,Masakin,TN,35.730616886015,10.572951587998
Masal_NaN_Gilan_IR,Masal,IR,37.253750133711,49.181141918221
Mascara_NaN_Mascara_DZ,Mascara,DZ,35.436735062399,0.053142632713255
Mascote_Mascote_Bahia_BR,Mascote,BR,-15.991494037245,-39.514602040478
Masina_NaN_Kinshasa_CD,Masina,CD,-4.4489134833985,16.196985523106
Masindi Port_Kiryandongo District_Western Region_UG,Masindi Port,UG,1.4276383336439,32.17291666752
Masloc_Comuna Masloc_Timis_RO,Masloc,RO,45.996404978715,21.455613259494
Massena_St. Lawrence County_New York_US,Massena,US,45.028572961061,-74.880380214944
Matadi_NaN_Bas-Congo_CD,Matadi,CD,-5.7629872817784,13.983453703583
Matagami_Nord-du-Quebec_Quebec_CA,Matagami,CA,50.477190003838,-77.275396571352
Matamata_Matamata-Piako District_Waikato_NZ,Matamata,NZ,-38.055477481437,175.66404433866
Matane_Bas-Saint-Laurent_Quebec_CA,Matane,CA,48.84913741816,-67.513375780956
Matara_NaN_Southern_LK,Matara,LK,5.9890773448513,80.500170895244
Matavai_NaN_NaN_WS,Matavai,WS,-14.008419897157136,-171.58465726581068
Mathakola_NaN_Central_BW,Mathakola,BW,-22.743896948443,27.278916784648
Mathathane_NaN_Central_BW,Mathathane,BW,-22.498564432235,29.211897809234
Mathba_NaN_Barisal_BD,Mathba,BD,22.0181196,89.96370401651652
Matheran_Raigarh_Maharashtra_IN,Matheran,IN,18.906488880519,73.208798599723
Mathis_San Patricio County_Texas_US,Mathis,US,28.008878374934,-97.713332860339
Matian_NaN_Jiangxi Sheng_CN,Matian,CN,27.505860948003523,114.13227384714769
Matisi_NaN_Burtnieki_LV,Matisi,LV,57.556620485192,25.120944439413
Matola_NaN_Maputo_MZ,Matola,MZ,-25.911941754151,32.422905541994
Matour_Departement de Saone-et-Loire_Bourgogne_FR,Matour,FR,46.41425716571078,4.433881452271702
Matsuyama_Shikoku-chuo Shi_Ehime_JP,Matsuyama,JP,33.874352431875,132.78348157624
Maubin_NaN_Ayeyarwady_MM,Maubin,MM,16.724145816371,95.777741458627
Maun_NaN_North West_BW,Maun,BW,-20.090968862573,23.328482014168
Mawlamyine_NaN_Mon_MM,Mawlamyine,MM,16.380936596141,97.525474433666
Mawlamyinegyunn_NaN_Ayeyarwady_MM,Mawlamyinegyunn,MM,16.378075316816,95.322475633113
Maxixe_NaN_Inhambane_MZ,Maxixe,MZ,-23.74908734783008,35.29282971810106
Maybole_South Ayrshire_Scotland_GB,Maybole,GB,55.372113748532,-4.7523779297601
Maymay_NaN_Badakhshan_AF,Maymay,AF,38.416191775986,71.072083121592
Mayo Belwa_NaN_Adamawa_NG,Mayo Belwa,NG,8.8089375960118,12.153551139269
Mayocc_Provincia de Churcampa_Huancavelica_PE,Mayocc,PE,-12.81095759529,-74.38626277191
Mayskiy_NaN_Belgorod_RU,Mayskiy,RU,50.503515716124,36.481139875095
Mazabuka_NaN_Southern_ZM,Mazabuka,ZM,-16.04648977871186,27.66001086379647
Mazar-e Sharif_NaN_Balkh_AF,Mazar-e Sharif,AF,36.697942292428,67.111187376545
Mazatlan_NaN_Sinaloa_MX,Mazatlan,MX,23.244015054241,-106.45144792708
Mbale_Mbale District_Eastern Region_UG,Mbale,UG,1.0840897126675,34.07470841592
Mbanza Congo_NaN_Zaire_AO,Mbanza Congo,AO,-5.6832460633328,14.054431804263
Mbanza-Ngungu_NaN_Bas-Congo_CD,Mbanza-Ngungu,CD,-5.4373452535486,14.466615234014
Mbekenyera_NaN_Lindi_TZ,Mbekenyera,TZ,-9.865632800000004,38.892371
Mbomba_NaN_East Nusa Tenggara_ID,Mbomba,ID,-8.829675569704,121.62364386813
Mbuji-Mayi_NaN_Kasai-Oriental_CD,Mbuji-Mayi,CD,-6.309840279324053,23.97030145029821
McCall_Valley County_Idaho_US,McCall,US,45.007422590982,-116.28048395268
McCleary_Grays Harbor County_Washington_US,McCleary,US,47.032734421817,-123.11007874287
McConnellsburg_Fulton County_Pennsylvania_US,McConnellsburg,US,40.01064155533,-78.096973525539
McCord_Osage County_Oklahoma_US,McCord,US,36.47290628762,-97.067833207851
McMinns Lagoon_Litchfield_Northern Territory_AU,McMinns Lagoon,AU,-13.232958757961656,130.83898775445562
Meads_Boyd County_Kentucky_US,Meads,US,38.39434036268,-82.704803852696
Mecca_Riverside County_California_US,Mecca,US,33.578381908028,-116.09516607137
Mechanic Falls_Androscoggin County_Maine_US,Mechanic Falls,US,44.093509289043,-70.431389019406
Medeiros Neto_Medeiros Neto_Bahia_BR,Medeiros Neto,BR,-17.256565585173178,-40.236918129629366
Medenine_NaN_Madanin_TN,Medenine,TN,33.57621045120027,10.69338552573432
Medical Lake_Spokane County_Washington_US,Medical Lake,US,47.507953494333,-117.70961396288
Medicine Hat_NaN_Alberta_CA,Medicine Hat,CA,49.784270254198,-110.34355766873
Medicine Lodge_Barber County_Kansas_US,Medicine Lodge,US,37.275596117544,-98.620244664165
Medina Estates_NaN_Greater Accra_GH,Medina Estates,GH,5.7330089474562,-0.16444863932965
Medina_NaN_Al Madinah al Munawwarah_SA,Medina,SA,24.487642099039,39.608932056219
Medvedevo_NaN_Mariy-El_RU,Medvedevo,RU,56.510606914359,47.846270049893
Medzilaborce_NaN_Presovsky_SK,Medzilaborce,SK,49.25978797373706,21.87904721467181
Meerut_Meerut_Uttar Pradesh_IN,Meerut,IN,28.910580590798,77.639704742825
Mehndawal_Sant Kabir Nagar_Uttar Pradesh_IN,Mehndawal,IN,26.94775653695,83.091971739048
Mehrabpur_NaN_Balochistan_PK,Mehrabpur,PK,28.017671302753683,68.0973542461973
Meiktila_NaN_Mandalay_MM,Meiktila,MM,21.003868948818,95.985191939551
Mekele_NaN_Tigray_ET,Mekele,ET,13.495172338401,39.419102502058
Mel'nikovo_NaN_Tomsk_RU,Mel'nikovo,RU,56.54959805251,84.04947703699
Melbourn_Cambridgeshire_England_GB,Melbourn,GB,52.059419511649,0.049381348457402
Melchor de Mencos_NaN_Peten_GT,Melchor de Mencos,GT,16.899176811231,-89.296353775825
Melenki_NaN_Vladimir_RU,Melenki,RU,55.369802986257,41.723225509631
Meleuz_NaN_Bashkortostan_RU,Meleuz,RU,52.821978864374,55.989839887803
Melioratorov_NaN_Tjumen_RU,Melioratorov,RU,57.19949140411,65.621484707115
Meliton Albanez Dominguez_La Paz_Baja California Sur_MX,Meliton Albanez Dominguez,MX,23.813388064861,-110.08874628386
Melody Hill_Vanderburgh County_Indiana_US,Melody Hill,US,38.013466396686,-87.52838661596
Melong_NaN_Littoral_CM,Melong,CM,5.0618700775442,9.9999165313738
Melukote_Mandya_Karnataka_IN,Melukote,IN,12.655651210414783,76.6826411371868
Melur_Madurai_Tamil Nadu_IN,Melur,IN,10.013645205984,78.299004961861
Melville_NaN_Saskatchewan_CA,Melville,CA,51.210195688091,-103.17490293108
Melville_Yalgoo_Western Australia_AU,Melville,AU,-28.15644444451,117.679
Mempawah_NaN_West Kalimantan_ID,Mempawah,ID,0.3833755,108.948532
Memphis_Hall County_Texas_US,Memphis,US,34.789650162209,-100.58072578627
Mendeleyevo_NaN_Perm_RU,Mendeleyevo,RU,58.114338214646,55.099118349954
Mendeleyevsk_NaN_Tatarstan_RU,Mendeleyevsk,RU,55.896271049625,52.253391369124
Mendota_LaSalle County_Illinois_US,Mendota,US,41.67675048405,-89.053780615122
Mengellang_NaN_Ngarchelong_PW,Mengellang,PW,7.7098462175228,134.63209200869
Menglie_NaN_Yunnan_CN,Menglie,CN,22.04328348074656,101.64101470962672
Meniko_NaN_Lefkosia_CY,Meniko,CY,35.064677318677,33.099702818709
Meningie_The Coorong_South Australia_AU,Meningie,AU,-35.58833305911,139.80699628989
Mentarang_NaN_North Kalimantan_ID,Mentarang,ID,3.4991164387942,116.38351390583
Mentor-on-the-Lake_Lake County_Ohio_US,Mentor-on-the-Lake,US,41.717998161629,-81.320145131737
Menye_NaN_Manisa_TR,Menye,TR,38.560235190047,28.539582168921
Mercadal_Illes Balears_Balearic Islands_ES,Mercadal,ES,39.984598551437,4.0683383409446
Mercaderes_NaN_Cauca_CO,Mercaderes,CO,1.9270198619324,-77.160286795178
Mercin_NaN_Mersin_TR,Mercin,TR,36.830116820075,34.537314560039
Mergasur_NaN_Arbil_IQ,Mergasur,IQ,37.110332042312,44.313491026971
Meribel_Departement de la Savoie_Rhone-Alpes_FR,Meribel,FR,45.39954917726,6.5655215086866
Merida_NaN_Yucatan_MX,Merida,MX,21.005210579119,-89.591106969687
Merimbula_Bega Valley_New South Wales_AU,Merimbula,AU,-36.846414998376,149.81781624771
Merk_NaN_Szabolcs-Szatmar-Bereg_HU,Merk,HU,47.770878453278,22.381541287027
Merredin_Merredin_Western Australia_AU,Merredin,AU,-31.020027777794,117.83858333326
Merrill_Lincoln County_Wisconsin_US,Merrill,US,45.075531536228,-89.642474722535
Merritt_NaN_British Columbia_CA,Merritt,CA,50.007873605664,-120.60851676783
Mersa Matruh_NaN_Muhafazat Matruh_EG,Mersa Matruh,EG,31.16722123857008,27.604063855663515
Mersam_NaN_Jambi_ID,Mersam,ID,-1.642006069317,102.90990669175
Mersrags_NaN_Mesraga_LV,Mersrags,LV,57.370485480894,23.047550891634
Mesa Verde_Riverside County_California_US,Mesa Verde,US,33.478441396824,-114.95523914861
Messina_Vhembe District Municipality_Limpopo_ZA,Messina,ZA,-22.436937416589,29.710180414642
Messkirch_Tuebingen Region_Baden-Wuerttemberg_DE,Messkirch,DE,48.02807463883087,9.090446577213124
Mesyagutovo_NaN_Bashkortostan_RU,Mesyagutovo,RU,55.455619876361,58.124003377534
Metapan_NaN_Santa Ana_SV,Metapan,SV,14.268189673908,-89.391433351594
Meteti_NaN_Darien_PA,Meteti,PA,8.5270867673669,-77.987706730088
Methven_Ashburton District_Canterbury_NZ,Methven,NZ,-43.759443021609,171.37783811809
Metropolis_Massac County_Illinois_US,Metropolis,US,37.23561360000001,-88.73692029997223
Metsovo_Nomos Ioanninon_Epirus_GR,Metsovo,GR,39.757113982529,21.125656396136
Metu_NaN_Oromiya_ET,Metu,ET,8.33364261559812,35.472025328837724
Mezen'_NaN_Arkhangelskaya_RU,Mezen',RU,65.55169040327993,44.60406950382073
Mi'ersi_NaN_Hubei_CN,Mi'ersi,CN,31.021206253705,114.55964797773
Mianyang_NaN_Sichuan_CN,Mianyang,CN,31.469092800182,104.67301709868
Miass_NaN_Chelyabinsk_RU,Miass,RU,55.006692593267,60.093374762904
Michanovichi_NaN_NaN_BY,Michanovichi,BY,53.743532767461,27.689025753017
Micoud_NaN_Micoud Quarter_LC,Micoud,LC,13.782232470784,-60.91461871917
Midar_Nador_Oriental_MA,Midar,MA,35.084613143215,-3.3619149582075
Midelt_Khenifra_Meknes-Tafilalet_MA,Midelt,MA,32.63414790345,-4.768104405588
Miedzychod_Powiat miedzychodzki_Greater Poland Voivodeship_PL,Miedzychod,PL,52.629169435581,15.864195474797
Mikashevichy_NaN_Brest_BY,Mikashevichy,BY,52.35111763452,27.455811779946
Mikhaylovka_NaN_Primorskiy_RU,Mikhaylovka,RU,43.92030679436,132.00728419056
Mikhaylovsk_NaN_Sverdlovsk_RU,Mikhaylovsk,RU,56.190366759989,59.145313275108
Mikumi_NaN_Morogoro_TZ,Mikumi,TZ,-7.299167314673928,37.17926865811324
Milan_Cibola County_New Mexico_US,Milan,US,35.003237174474,-108.06348025952
Milda_NaN_Thuringia_DE,Milda,DE,50.824072996946,11.423584986885
Milizac_Departement du Finistere_Brittany_FR,Milizac,FR,48.460255191237,-4.5809682178436
Mill City_Linn County_Oregon_US,Mill City,US,44.708400764451,-122.10407629608
Millerovo_NaN_Rostov_RU,Millerovo,RU,49.204219528777,40.62678329619
Millgrove_Yarra Ranges_Victoria_AU,Millgrove,AU,-37.88410509916666,145.72066135694445
Millinocket_Penobscot County_Maine_US,Millinocket,US,45.734489267183,-68.8392826629
Mills_Natrona County_Wyoming_US,Mills,US,42.885204498396,-106.45026000086
Millville_Cumberland County_New Jersey_US,Millville,US,39.363997399579,-75.082757592168
Milton_Clutha District_Otago_NZ,Milton,NZ,-46.137398047203,169.900999694
Milton_Shoalhaven Shire_New South Wales_AU,Milton,AU,-35.324367247975,150.42475193168
Mimbaste_Departement des Landes_Aquitaine_FR,Mimbaste,FR,43.666114959369,-0.96489802060132
Mimizan_Departement des Landes_Aquitaine_FR,Mimizan,FR,44.185301931406,-1.2928109371354
Mina_NaN_Nuevo Leon_MX,Mina,MX,26.088455071236,-100.63716258934
Minami-rinkan_NaN_Kanagawa_JP,Minami-rinkan,JP,35.439146728549,139.52241998839
Minden_Kearney County_Nebraska_US,Minden,US,40.393476109495,-98.951656390629
Mindif_NaN_Far North_CM,Mindif,CM,10.327073912437,14.237126413615
Mindiptana_NaN_Papua_ID,Mindiptana,ID,-5.2125893734017,141.2011467305
Mineiros_Mineiros_Goias_BR,Mineiros,BR,-17.5277930115774,-52.529850222038064
Mineral Wells_Palo Pinto County_Texas_US,Mineral Wells,US,32.80126631392464,-98.00891417914184
Mingora_NaN_Khyber Pakhtunkhwa_PK,Mingora,PK,34.79968128498867,72.32143727338163
Minnedosa_NaN_Manitoba_CA,Minnedosa,CA,50.225849467429,-99.730466684303
Mir_NaN_Grodnenskaya_BY,Mir,BY,53.482900195179,26.400855148471
Mirabela_Mirabela_Minas Gerais_BR,Mirabela,BR,-16.373341179343708,-44.10582038428508
Miri_NaN_Sarawak_MY,Miri,MY,4.4793354994713,114.02302154018
Mirnyy_NaN_Arkhangelskaya_RU,Mirnyy,RU,62.8963273123597,40.290923346166736
Miro Khan_NaN_Sindh_PK,Miro Khan,PK,27.695728034952985,68.06963552701265
Mirpur Batoro_NaN_Sindh_PK,Mirpur Batoro,PK,24.561681661857,68.283853841511
Mirpur Mathelo_NaN_Sindh_PK,Mirpur Mathelo,PK,27.95006300204116,69.54569038058797
Mirpur Sakro_NaN_Sindh_PK,Mirpur Sakro,PK,24.551247511481,67.771874792937
Mirzapur_NaN_Dhaka_BD,Mirzapur,BD,23.930244329733103,90.15472697796376
Misratah_NaN_Misratah_LY,Misratah,LY,32.346594369337,15.10357180395
Mission_Todd County_South Dakota_US,Mission,US,43.403050693659,-100.73030219052
Mission_Umatilla County_Oregon_US,Mission,US,45.597619358872,-118.62467729779
Mitchell_Davison County_South Dakota_US,Mitchell,US,43.698080935123,-97.947443152533
Mitchell_Scotts Bluff County_Nebraska_US,Mitchell,US,41.871380529716,-103.89426960581
Mithi_NaN_Sindh_PK,Mithi,PK,24.94142339785,69.900255805785
Mitrofanovka_NaN_Voronezj_RU,Mitrofanovka,RU,50.12668391228664,39.80533160272967
"Mizan Teferi_NaN_Southern Nations, Nationalities, and People's Region_ET",Mizan Teferi,ET,6.5471618987397,35.022767635506
Mizque_NaN_Cochabamba_BO,Mizque,BO,-17.856396786434,-65.556292103963
Mo Duc_NaN_Quang Ngai_VN,Mo Duc,VN,14.932978589169,108.83264794942
Mo_Modalen_Hordaland_NO,Mo,NO,60.81791035115722,5.82065180518044
Mochudi_NaN_Kgatleng_BW,Mochudi,BW,-24.15121772453,26.244399570669
Mocimboa_NaN_Cabo Delgado_MZ,Mocimboa,MZ,-11.683557315902,39.990184459894
Moclin_Provincia de Granada_Andalusia_ES,Moclin,ES,37.362366362296,-3.8242838296544
Mocoreta_NaN_Corrientes_AR,Mocoreta,AR,-30.653238688718,-58.002397326904
Modakeke_NaN_Osun_NG,Modakeke,NG,7.3927953736639,4.281747662016
Moffat_Dumfries and Galloway_Scotland_GB,Moffat,GB,55.417415276278,-3.5019977203199
Mogadishu_NaN_Banaadir_SO,Mogadishu,SO,2.0930099839197,45.333957233104
Mogi-Gaucu_Moji-Guacu_Sao Paulo_BR,Mogi-Gaucu,BR,-22.30731124521,-46.966450851303
Mohale's Hoek_NaN_Mohale's Hoek District_LS,Mohale's Hoek,LS,-30.034057082447,27.378190699897
Moirans-en-Montagne_Departement du Jura_Franche-Comte_FR,Moirans-en-Montagne,FR,46.423630653606,5.7152055128015
Moissala_NaN_Mandoul_TD,Moissala,TD,8.683547917293643,17.816546915984738
Mokhotlong_NaN_Mokhotlong_LS,Mokhotlong,LS,-28.972969240779,28.846268140828
Mokopane_Waterberg District Municipality_Limpopo_ZA,Mokopane,ZA,-24.294296412794,28.975633006494
Moldjord_Beiarn_Nordland_NO,Moldjord,NO,66.469251015887,14.856077980511
Molina_Provincia de Curico_Maule_CL,Molina,CL,-35.148134236612044,-71.14303982571883
Mollia_Provincia di Vercelli_Piedmont_IT,Mollia,IT,45.820458083181,8.0125319278573
Molochnyy_NaN_Murmansk_RU,Molochnyy,RU,68.843921999065,33.06079408886
Mombasa_NaN_Mombasa_KE,Mombasa,KE,-4.1677181228085,39.604114108748
Mombetsu_NaN_Hokkaido_JP,Mombetsu,JP,44.23791418763889,143.6256343511389
Momil_NaN_Cordoba_CO,Momil,CO,9.231478494521,-75.67455445362
Monash_Berri and Barmera_South Australia_AU,Monash,AU,-34.251699683184,140.57441389466
Monchegorsk_NaN_Murmansk_RU,Monchegorsk,RU,68.046581804751,33.033693691298
Monduli_NaN_Arusha_TZ,Monduli,TZ,-3.4625499846156,36.184930568597
Monigou_NaN_Gansu Sheng_CN,Monigou,CN,35.472666210298,102.90890435941
Monkland_Gympie Regional Council_Queensland_AU,Monkland,AU,-26.265694549212,152.71339245487
Monrovia_NaN_Montserrado_LR,Monrovia,LR,6.3385719540346,-10.773021723216
Monsenhor Gil_Monsenhor Gil_Piaui_BR,Monsenhor Gil,BR,-5.475874388409774,-42.63750379529596
Monson Center_Hampden County_Massachusetts_US,Monson Center,US,42.095414826871,-72.312293670782
Mont-Laurier_Laurentides_Quebec_CA,Mont-Laurier,CA,46.517241664935,-75.334866662954
Mont-ral_Provincia de Tarragona_Catalonia_ES,Mont-ral,ES,41.288078581806,1.1055283190456
Mont_Departement des Pyrenees-Atlantiques_Aquitaine_FR,Mont,FR,43.439044365849,-0.66102451221596
Monte Lirio_NaN_Chiriqui_PA,Monte Lirio,PA,8.837620699998984,-82.758214
Monte Vista_Rio Grande County_Colorado_US,Monte Vista,US,37.537385972743,-106.04127906051
Montello_Marquette County_Wisconsin_US,Montello,US,43.795530543605,-89.31784011357
Montepuez_NaN_Cabo Delgado_MZ,Montepuez,MZ,-13.521920033739118,39.78304162428459
Monterrey_Monterrey_Nuevo Leon_MX,Monterrey,MX,25.708469147162,-100.35028604857
Montes Claros_Montes Claros_Minas Gerais_BR,Montes Claros,BR,-16.89329573573655,-43.867126513131545
Montlaur_Departement de la Haute-Garonne_Midi-Pyrenees_FR,Montlaur,FR,43.485987506408,1.5480617582527
Montmorot_Departement du Jura_Franche-Comte_FR,Montmorot,FR,46.673394035066,5.4752385522531
Monywa_NaN_Sagain_MM,Monywa,MM,22.127945869447,95.163913134603
Monze_NaN_Southern_ZM,Monze,ZM,-16.023931253504443,27.513463484402767
Mooirivier_uMgungundlovu District Municipality_KwaZulu-Natal_ZA,Mooirivier,ZA,-29.383159084431,29.887173004876
Moonee Beach_Coffs Harbour_New South Wales_AU,Moonee Beach,AU,-30.166516895638,153.15769223772
Moorreesburg_West Coast District Municipality_Western Cape_ZA,Moorreesburg,ZA,-33.069873633305,18.70727032557
Moose Jaw_NaN_Saskatchewan_CA,Moose Jaw,CA,50.44583739508732,-105.79184511894776
Moose Wilson Road_Teton County_Wyoming_US,Moose Wilson Road,US,43.882069161995,-110.62652118775
Moquegua_Provincia de Mariscal Nieto_Moquegua_PE,Moquegua,PE,-17.42432277777777,-71.04904027777778
Mora_NaN_Far North_CM,Mora,CM,11.247364603931,14.324977523564
Moranbah_Isaac_Queensland_AU,Moranbah,AU,-22.0165,147.08694444411
Morden_NaN_Manitoba_CA,Morden,CA,48.9777953890645,-98.09336796701872
Moree_Moree Plains_New South Wales_AU,Moree,AU,-29.07086111116,149.52183333634
Moreira Sales_Moreira Sales_Parana_BR,Moreira Sales,BR,-24.368988401454,-52.768228202334
Morelia_NaN_Caqueta_CO,Morelia,CO,1.5075538433088,-75.713124669683
Morelos_NaN_Zacatecas_MX,Morelos,MX,22.863517142089,-102.62654758302
Moreno_Moreno_Pernambuco_BR,Moreno,BR,-8.1052967902964,-35.160876524837
Moriarty_Torrance County_New Mexico_US,Moriarty,US,35.13034614462,-105.73528355407
Morioka-shi_NaN_Iwate_JP,Morioka-shi,JP,39.731457602843,141.07074133846
Moro_Provincia de Santa_Ancash_PE,Moro,PE,-9.0791076862761,-78.166615554057
Moroceli_NaN_El Paraiso_HN,Moroceli,HN,14.081508150516251,-86.77571304666118
Moroe_County Limerick_Munster_IE,Moroe,IE,52.695463413205,-8.3143497667135
Morogoro_NaN_Morogoro_TZ,Morogoro,TZ,-6.919873001968451,37.42143776323144
Moron_NaN_Grandans_HT,Moron,HT,18.564276094644,-74.250823549887
Morondava_NaN_Menabe_MG,Morondava,MG,-20.297300142461,44.293643293129
Morrinhos_Morrinhos_Goias_BR,Morrinhos,BR,-17.717900779288,-48.98357760583
Morrison_NaN_Cordoba_AR,Morrison,AR,-32.551572487193,-62.975714410665
Morro do Chapeu_Morro Do Chapeu_Bahia_BR,Morro do Chapeu,BR,-11.533720160368,-41.194440539963
Morshansk_NaN_Tambov_RU,Morshansk,RU,53.588030866295,41.758095729521
Morwell_Latrobe_Victoria_AU,Morwell,AU,-38.9789951444,146.27836320617
Moryakovskiy Zaton_NaN_Tomsk_RU,Moryakovskiy Zaton,RU,56.543796501215,84.661609509115
Mosfellsbaer_NaN_Capital Region_IS,Mosfellsbaer,IS,64.062095389301,-21.559126087025
Moskovskoye_NaN_Stavropol'skiy_RU,Moskovskoye,RU,45.351440769766,41.954474810248
Mostaganem_NaN_Mostaganem_DZ,Mostaganem,DZ,36.114775975192,0.3225323533685
Motozintla de Mendoza_NaN_Chiapas_MX,Motozintla de Mendoza,MX,15.33677407915072,-92.22404779469184
Motueka_Tasman District_Tasman_NZ,Motueka,NZ,-41.020660094724,172.88407646415
Moulay Abdallah_El-Jadida_Doukkala-Abda_MA,Moulay Abdallah,MA,33.123714124026,-8.5598982159529
Moundou_NaN_Logone Occidental_TD,Moundou,TD,8.6461999377425,15.986276116578
Mount Angel_Marion County_Oregon_US,Mount Angel,US,45.07730594179,-122.79443616182
Mount Beauty_Alpine_Victoria_AU,Mount Beauty,AU,-37.099741464157,147.15347489331
Mount Hermon_Pittsylvania County_Virginia_US,Mount Hermon,US,36.613203338731,-79.577447194013
Mount Hood Village_Clackamas County_Oregon_US,Mount Hood Village,US,45.377916629687,-122.06782078312
Mount Ida_Montgomery County_Arkansas_US,Mount Ida,US,34.535335896356,-93.576740463281
Mount Isa_Mount Isa_Queensland_AU,Mount Isa,AU,-21.350083333362,139.11836111108
Mount Morris_Livingston County_New York_US,Mount Morris,US,42.692344358882,-77.850209737456
Mount Olivet_Robertson County_Kentucky_US,Mount Olivet,US,38.526603126104,-83.947439814769
Mount Pearl_NaN_Newfoundland and Labrador_CA,Mount Pearl,CA,47.529840376332,-52.80600327776
Mount Vernon_Lawrence County_Missouri_US,Mount Vernon,US,37.162572982696,-93.683092625089
Mount Vernon_Skagit County_Washington_US,Mount Vernon,US,48.37952138722,-122.46878359775
Mountain Home_Elmore County_Idaho_US,Mountain Home,US,43.175361346186,-115.75501272949
Mountain View_Hawaii County_Hawaii_US,Mountain View,US,19.558727165512,-155.09852161123
Mountain Village_San Miguel County_Colorado_US,Mountain Village,US,38.116014179746,-108.19568176993
Movilita_Comuna Movilita_Ialomita_RO,Movilita,RO,44.639230408323,26.45502609476
Moyale_NaN_Marsabit_KE,Moyale,KE,3.6932026343652,38.995552092338
Mozhga_NaN_Udmurtiya_RU,Mozhga,RU,56.431931144435,51.954980810383
Mpika_NaN_Northern_ZM,Mpika,ZM,-12.240751601959156,30.871311906487104
Mpongwe_NaN_Copperbelt_ZM,Mpongwe,ZM,-13.748369988259752,28.01265261133471
Mpumalanga_eThekwini Metropolitan Municipality_KwaZulu-Natal_ZA,Mpumalanga,ZA,-29.950732240172,30.614358279581
Mraclin_NaN_Zagrebacka_HR,Mraclin,HR,45.567088358519,16.02532865046
Mrakovo_NaN_Bashkortostan_RU,Mrakovo,RU,52.630953874621,56.744847074077
Mthatha_OR Tambo District Municipality_Eastern Cape_ZA,Mthatha,ZA,-31.739932627626,28.786019396284
Mto wa Mbu_NaN_Arusha_TZ,Mto wa Mbu,TZ,-3.3784083321186,35.889363886689
Muak Lek_NaN_Sara Buri_TH,Muak Lek,TH,14.703297594713,101.16317340553
Muan_NaN_Jeollanam-do_KR,Muan,KR,35.1388728,126.4246456
Muang Hinboun_NaN_Khammouan_LA,Muang Hinboun,LA,17.626605968552916,104.66940681656963
Muang Kenthao_NaN_Xiagnabouli_LA,Muang Kenthao,LA,17.74102396634,101.49834941569
Muang La_NaN_Oudomxai_LA,Muang La,LA,21.076045495951,101.85790956788
Muang Nale_NaN_Loungnamtha_LA,Muang Nale,LA,20.629536807058,101.69437818335
Muang Pakxan_NaN_Bolikhamxai_LA,Muang Pakxan,LA,18.539738136069,103.46076778808
Muang Phonsavan_NaN_Xiangkhoang_LA,Muang Phonsavan,LA,19.505533234284,103.23377193818
Muang Xay_NaN_Oudomxai_LA,Muang Xay,LA,20.4866684032328,101.85551039113926
Muara Bulian_NaN_Jambi_ID,Muara Bulian,ID,-1.5994157716046,103.2708853758
Muarakuang_NaN_South Sumatra_ID,Muarakuang,ID,-3.6432840081473,104.56647799836
Mucur_NaN_Kirsehir_TR,Mucur,TR,39.079916553799,34.286017801004
Mucuri_Mucuri_Bahia_BR,Mucuri,BR,-18.11412789437,-39.886398107453
Muff_County Donegal_Ulster_IE,Muff,IE,55.087305998134,-7.2442550031509
Mufulira_NaN_Copperbelt_ZM,Mufulira,ZM,-12.471433088508,28.389109211645
Mugumu_NaN_Mara_TZ,Mugumu,TZ,-1.774995875533,34.585299132293
Muheza_NaN_Tanga_TZ,Muheza,TZ,-5.40315524136912,38.61004170023622
Mulbagal_Kolar_Karnataka_IN,Mulbagal,IN,13.01002990086138,78.42758178064261
Mulchen_Provincia de Biobio_Biobio_CL,Mulchen,CL,-37.32927789603419,-71.67955120296496
Mumbai_Mumbai Suburban_Maharashtra_IN,Mumbai,IN,18.9981111469,72.811691259169
Munfordville_Hart County_Kentucky_US,Munfordville,US,37.374786734971,-85.945191397575
Municipio Hato Corozal_NaN_Casanare_CO,Municipio Hato Corozal,CO,6.00792849747927,-71.84598805985627
Munising_Alger County_Michigan_US,Munising,US,46.34731176279526,-86.4236841741637
Munsons Corners_Cortland County_New York_US,Munsons Corners,US,42.510656387423,-76.149256478325
Muonio_Tunturi-Lappi_Lapland_FI,Muonio,FI,67.94969536102658,24.023201212994657
Muradnagar_Ghaziabad_Uttar Pradesh_IN,Muradnagar,IN,28.793397282564,77.488601005633
Murang'a_NaN_Murang'a District_KE,Murang'a,KE,-0.65248318899376,37.124928000085
Murashi_NaN_Kirov_RU,Murashi,RU,59.279642101276,48.959440705954
Murat_NaN_Agri_TR,Murat,TR,39.702437390153,43.165486004967
Murazzano_Provincia di Cuneo_Piedmont_IT,Murazzano,IT,44.46348795373224,8.035675438195257
Murdo_Jones County_South Dakota_US,Murdo,US,43.886705917551,-100.86559537451
Murghob_NaN_Gorno-Badakhshan_TJ,Murghob,TJ,37.535321780866,74.119451401663
Murmashi_NaN_Murmansk_RU,Murmashi,RU,68.80836533019,32.861724617348
Murmino_NaN_Rjazan_RU,Murmino,RU,54.440403943171,40.044730774352
Murray Bridge_Murray Bridge_South Australia_AU,Murray Bridge,AU,-35.148589332238,139.30219345676
Murupara_Whakatane District_Bay of Plenty_NZ,Murupara,NZ,-38.604368910292,176.8632371697
Musabeyli_NaN_Yozgat_TR,Musabeyli,TR,39.699069154423,34.671480962781
Musanze_NaN_Northern Province_RW,Musanze,RW,-1.6922934194300163,29.806072478822635
Muscat_NaN_Muhafazat Masqat_OM,Muscat,OM,23.209901386712,58.870133883758
Muscatine_Muscatine County_Iowa_US,Muscatine,US,41.449427152778,-91.086020899624
Mushie_NaN_Bandundu_CD,Mushie,CD,-3.7313659522206,16.731953502132
Musina_Vhembe District Municipality_Limpopo_ZA,Musina,ZA,-22.341842125103,30.042052530061
Musoma_NaN_Mara_TZ,Musoma,TZ,-1.4507263715025,33.915145361707
Mussy-sur-Seine_Departement de l'Aube_Champagne-Ardenne_FR,Mussy-sur-Seine,FR,47.935618716257,4.5206183290079
Mut_NaN_Mersin_TR,Mut,TR,36.795751451259,33.33668235163
Mutale_Vhembe District Municipality_Limpopo_ZA,Mutale,ZA,-22.415459628133,30.994005248322
Mutsu_NaN_Aomori_JP,Mutsu,JP,41.395857684202,141.15564454225
Mutuali_NaN_Nampula_MZ,Mutuali,MZ,-15.55119163233533,36.87050029101797
Mvangue_NaN_South Province_CM,Mvangue,CM,2.9302643665408,11.380010835037
Mvomero_NaN_Pwani_TZ,Mvomero,TZ,-5.841778401382864,38.35536970726757
Mwanza_NaN_Mwanza_TZ,Mwanza,TZ,-2.5316005989315,32.927362755332
Mwense_NaN_Luapula_ZM,Mwense,ZM,-10.906809177448,28.202931359627
Mwinilunga_NaN_North-Western_ZM,Mwinilunga,ZM,-11.909967028349245,24.36532759303288
Myanaung_NaN_Ayeyarwady_MM,Myanaung,MM,18.51013382501,95.056165013082
Myre_Andoy_Nordland_NO,Myre,NO,69.1425027218734,15.751812588512596
Myrina_Nomos Lesvou_North Aegean_GR,Myrina,GR,39.881206621275,25.176446958138
Myshkin_NaN_Jaroslavl_RU,Myshkin,RU,57.749520009246,38.589510837255
Mysore_Mysore_Karnataka_IN,Mysore,IN,12.32275930637,76.615766104451
N'dalatando_NaN_Cuanza Norte_AO,N'dalatando,AO,-9.7233206437754,14.498227565146
Na Bon_NaN_Nakhon Si Thammarat_TH,Na Bon,TH,8.2407344835074,99.560306139818
Na Yung_NaN_Changwat Udon Thani_TH,Na Yung,TH,18.024700421667,102.08932765355
Naama_NaN_Wilaya de Naama_DZ,Naama,DZ,33.791110104922,-0.87147628484363
Naberezhnyye Chelny_Tukayevskiy Rayon_Tatarstan_RU,Naberezhnyye Chelny,RU,55.682692388022,52.321713807424
Nabeul_NaN_Nabul_TN,Nabeul,TN,36.453472930452,10.715537991433
Nabiac_Great Lakes_New South Wales_AU,Nabiac,AU,-32.152259844586,152.32372771167
Nacala_NaN_Nampula_MZ,Nacala,MZ,-13.94513228196427,40.52800875951686
Nachingwea_NaN_Lindi_TZ,Nachingwea,TZ,-10.287541099998236,38.84279469999812
Nadi_NaN_Western_FJ,Nadi,FJ,-17.828237561579,177.37887897863
Nagai_NaN_Yamagata_JP,Nagai,JP,38.186323846851,140.08840722287
Nagar_Kulu_Himachal Pradesh_IN,Nagar,IN,32.135051003224,77.155627373843
Nagarkot_Bagmati Zone_Central Region_NP,Nagarkot,NP,27.799281,85.465905
Nagarpur_NaN_Dhaka_BD,Nagarpur,BD,23.845760336422,89.836954818804
Nagato_NaN_Yamaguchi_JP,Nagato,JP,34.358518042551,130.86770167429
Nago_NaN_Okinawa_JP,Nago,JP,26.641569583485005,127.94453731476491
Nagpur_Nagpur Division_Maharashtra_IN,Nagpur,IN,21.186147438185,79.112505922358
Nagutskoye_NaN_Stavropol'skiy_RU,Nagutskoye,RU,44.329695163332,42.905914453473
Naivasha_NaN_Nakuru_KE,Naivasha,KE,-0.50395698784336,36.377268004259
Najafabad_NaN_Isfahan_IR,Najafabad,IR,32.652808034556,51.281679885775
Najibabad_Bijnor_Uttar Pradesh_IN,Najibabad,IN,29.596751502486832,78.31176024059292
Nakambala_NaN_Southern_ZM,Nakambala,ZM,-15.401374957488,27.792948871352
Nakhon Phanom_NaN_Nakhon Phanom_TH,Nakhon Phanom,TH,17.301131175059002,104.71544656629
Nakhon Sawan_NaN_Nakhon Sawan_TH,Nakhon Sawan,TH,15.719555268597,100.05920865837
Nakhon Si Thammarat_NaN_Nakhon Si Thammarat_TH,Nakhon Si Thammarat,TH,8.4173133028087,99.974555283762
Nako_NaN_Maseru_LS,Nako,LS,-29.406400892134,27.750763776588
Nallihan_NaN_Ankara_TR,Nallihan,TR,40.157102814091,31.394418401851
Nalobikha_NaN_Altai Krai_RU,Nalobikha,RU,53.249956340547,84.55210257275
Namballe_Provincia de San Ignacio_Cajamarca_PE,Namballe,PE,-4.8886271555005,-79.124150294677
Nampicuan_Province of Nueva Ecija_Central Luzon_PH,Nampicuan,PH,15.751623338156,120.63111667018
Nampula_NaN_Nampula_MZ,Nampula,MZ,-14.9835164416664,38.87538208410052
Namrup_Dibrugarh_Assam_IN,Namrup,IN,27.091075509147,95.195885845769
Namsskogan_Namsskogan_Nord-Trondelag_NO,Namsskogan,NO,65.149501185628,13.353995364024
Nanawale Estates_Hawaii County_Hawaii_US,Nanawale Estates,US,19.493690042092,-154.85694428882
Nancheng_NaN_Hubei_CN,Nancheng,CN,31.200032779837,113.69823486481
Nang Mau_NaN_Hau Giang_VN,Nang Mau,VN,9.7619444444445,105.51777777778
Nangakeo_NaN_East Nusa Tenggara_ID,Nangakeo,ID,-8.798351887662,121.57723195336
Nangaroro_NaN_East Nusa Tenggara_ID,Nangaroro,ID,-8.7870862412043,121.41500996875
Nanguneri_Tirunelveli Kattabo_Tamil Nadu_IN,Nanguneri,IN,8.4815059350239,77.617636668304
Nankana Sahib_NaN_Punjab_PK,Nankana Sahib,PK,31.476576281775,73.64802352125
Nanov_Comuna Nanov_Teleorman_RO,Nanov,RO,43.999314121542,25.319127929247
Nansha_NaN_Guangdong_CN,Nansha,CN,22.790359607584,113.5865478422
Nantiat_Departement de la Haute-Vienne_Limousin_FR,Nantiat,FR,45.9919700527,1.153459947259
Nanton_NaN_Alberta_CA,Nanton,CA,50.271633647608,-113.68485994823
Naracoorte_Naracoorte and Lucindale_South Australia_AU,Naracoorte,AU,-36.81459714845351,141.3680306837922
Narasannapeta_Srikakulam_Andhra Pradesh_IN,Narasannapeta,IN,18.44089126245,84.077061180983
Naroda_Ahmadabad_Gujarat_IN,Naroda,IN,22.950016202764,72.697048923932
Narooma_Eurobodalla_New South Wales_AU,Narooma,AU,-36.295616282193,150.13206310382
Narrabri_Narrabri_New South Wales_AU,Narrabri,AU,-30.159444446726,149.97652777625
Narrandera_Narrandera_New South Wales_AU,Narrandera,AU,-35.037555553405,146.53644445266
Narrogin_Narrogin_Western Australia_AU,Narrogin,AU,-32.690083355568,116.72280561791
Narromine_Narromine_New South Wales_AU,Narromine,AU,-32.145499993369,147.82919444444
Narva_Narva linn_Ida-Virumaa_EE,Narva,EE,59.509000742009,28.214642965646
Naryn_NaN_Naryn_KG,Naryn,KG,41.240226545897,76.435202671105
Nassandres_Departement de l'Eure_Haute-Normandie_FR,Nassandres,FR,49.15095486579468,0.7704982446770292
Nassau_NaN_New Providence_BS,Nassau,BS,25.00185302497,-77.520642017781
Nata_NaN_Central_BW,Nata,BW,-20.150024253954,25.800798825474
Natanz_NaN_Isfahan_IR,Natanz,IR,33.386643598603,51.941284015946
Natchitoches_Natchitoches Parish_Louisiana_US,Natchitoches,US,31.778144673545,-93.191062343661
Naugachhia_Bhagalpur_Bihar_IN,Naugachhia,IN,25.376319448924,87.06327014387
Navas de Oro_Provincia de Segovia_Castille and Leon_ES,Navas de Oro,ES,41.188477672088,-4.4497629583657
Navashino_NaN_Nizjnij Novgorod_RU,Navashino,RU,55.681050399202,42.284647795899
Navelim_North Goa_Goa_IN,Navelim,IN,15.509817586863,73.99096699332
Navoiy_NaN_Navoiy_UZ,Navoiy,UZ,40.07049170372995,65.62637658898677
Nawerewere Village_Tarawa_Gilbert Islands_KI,Nawerewere Village,KI,1.3630422129829,173.14022028932
Nay Pyi Taw_NaN_Mandalay_MM,Nay Pyi Taw,MM,19.685427066629,96.116603511519
Nayoro_NaN_Hokkaido_JP,Nayoro,JP,44.73195561729978,142.04873667099636
Nazare_Nazare_Bahia_BR,Nazare,BR,-13.202332028527,-39.019062116157
Nazaret_Provincia de Las Palmas_Canary Islands_ES,Nazaret,ES,29.04514715429142,-13.583623113373251
Nazca_Provincia de Nazca_Ica_PE,Nazca,PE,-14.983062694428,-74.935117860078
Nchelenge_NaN_Luapula_ZM,Nchelenge,ZM,-9.2957072548824,28.328559334127
Ndibene Dahra_NaN_Louga_SN,Ndibene Dahra,SN,15.293798227746622,-14.789335692597794
Ndola_NaN_Copperbelt_ZM,Ndola,ZM,-13.027793922287934,28.740605558972536
Nduaria_NaN_East Nusa Tenggara_ID,Nduaria,ID,-8.6998706978332,121.79402715538
Neapoli_Nomos Lasithiou_Crete_GR,Neapoli,GR,35.292087613881,25.643855659753
Nebbi_Nebbi District_Northern Region_UG,Nebbi,UG,2.686901883633208,31.10552927104665
Necochea_NaN_Buenos Aires_AR,Necochea,AR,-38.384780013653,-58.675401174222
Necocli_NaN_Antioquia_CO,Necocli,CO,8.4815684444739,-76.726151078779
Neder Vindinge_Vordingborg Kommune_Zealand_DK,Neder Vindinge,DK,55.030421290107,11.880802963666
Needles_San Bernardino County_California_US,Needles,US,34.853922153331,-114.9380457503
Neepawa_NaN_Manitoba_CA,Neepawa,CA,50.22581053762,-99.601539381569
Nefsipiraziz_NaN_Giresun_TR,Nefsipiraziz,TR,40.905624910366,38.096081175851
Neftobod_NaN_Viloyati Sughd_TJ,Neftobod,TJ,40.14914756506,70.562201951132
Neiafu_NaN_Vava`u_TO,Neiafu,TO,-18.654655187742,-174.02829907594
Neillsville_Clark County_Wisconsin_US,Neillsville,US,44.495348500863,-90.466582156063
Nelamangala_Bangalore Rural_Karnataka_IN,Nelamangala,IN,13.208595997243,77.260983289967
Nelidovo_NaN_Tverskaya_RU,Nelidovo,RU,56.265596948836,33.055644541455
Neligh_Antelope County_Nebraska_US,Neligh,US,42.337679242584,-98.239537849366
Nellore_Nellore_Andhra Pradesh_IN,Nellore,IN,14.407814750113,79.963177119581
Nelson_Nelson City_Nelson_NZ,Nelson,NZ,-41.303833165136,173.5393081455
Nesher_NaN_Haifa_IL,Nesher,IL,32.790845088717,35.021833204431
Nesna_Nesna_Nordland_NO,Nesna,NO,66.35655281774338,13.003394796583605
Ness City_Ness County_Kansas_US,Ness City,US,38.582218357136,-99.621232968594
Neufelderkoog_NaN_Schleswig-Holstein_DE,Neufelderkoog,DE,53.92582008593207,8.95685476007689
Neupetershain_NaN_Brandenburg_DE,Neupetershain,DE,51.596634998898,14.164299001369
Neuquen_NaN_Neuquen_AR,Neuquen,AR,-38.959619795233,-68.046232555251
Neuvy-Pailloux_Departement de l'Indre_Centre_FR,Neuvy-Pailloux,FR,46.902314632262,1.9064276085627
Neuwiller-les-Saverne_Departement du Bas-Rhin_Alsace_FR,Neuwiller-les-Saverne,FR,48.863081504196,7.3695890323853
Nevada_Story County_Iowa_US,Nevada,US,42.064823520945,-93.352281434057
Nevel'_NaN_Pskov_RU,Nevel',RU,55.76583080617,30.014022836578
New Bussa_NaN_Niger_NG,New Bussa,NG,9.8308546013525,4.7069808714502
New California_Union County_Ohio_US,New California,US,40.10246465222,-83.19008196785
New Delhi_New Delhi_NCT_IN,New Delhi,IN,28.609720381450423,77.2520193095809
New Ellenton_Aiken County_South Carolina_US,New Ellenton,US,33.393625577755,-81.690178149628
New Glasgow_NaN_Nova Scotia_CA,New Glasgow,CA,44.924598748841,-62.351218902611
New Holstein_Calumet County_Wisconsin_US,New Holstein,US,43.951418756332,-88.154950463482
New Kent_New Kent County_Virginia_US,New Kent,US,37.421946540813,-76.885348366879
New London_Ralls County_Missouri_US,New London,US,39.53733424594493,-91.4613844703318
New Norfolk_Derwent Valley_Tasmania_AU,New Norfolk,AU,-42.631767887638,147.10829946641
New Plymouth_New Plymouth District_Taranaki_NZ,New Plymouth,NZ,-39.151745183599,174.17765890931
New Shagunnu_NaN_Niger_NG,New Shagunnu,NG,10.295878066021,4.3345109868405
New Vienna_Clinton County_Ohio_US,New Vienna,US,39.34012507281,-83.681605109965
New York Mills_Otter Tail County_Minnesota_US,New York Mills,US,46.527370179489,-95.399482912477
Newala Kisimani_NaN_Mtwara_TZ,Newala Kisimani,TZ,-11.612471189774,39.55128043217
Newaygo_Newaygo County_Michigan_US,Newaygo,US,43.423668907429,-85.873924976538
Newberry_Newberry County_South Carolina_US,Newberry,US,34.28313933381868,-81.56453136507204
Newport-On-Tay_Fife_Scotland_GB,Newport-On-Tay,GB,56.436811473598,-2.912037857584
Newport_Orleans County_Vermont_US,Newport,US,45.02879,-72.08482
Newtownards_Ards District_Northern Ireland_GB,Newtownards,GB,54.595620839507,-5.686438758826
Nezhdaninskoe_NaN_Sakha_RU,Nezhdaninskoe,RU,63.101538523062,138.45715222542
Nezperce_Lewis County_Idaho_US,Nezperce,US,46.148557760388,-116.38238242861
Nganane_NaN_Zanzibar Central/South_TZ,Nganane,TZ,-6.4160903924575,39.515019270417
Ngaruawahia_Waikato District_Waikato_NZ,Ngaruawahia,NZ,-37.643870651069,175.05226444899
Ngerengere_NaN_Morogoro_TZ,Ngerengere,TZ,-6.7120850885629,37.939499107919
Ngetkib_NaN_Airai_PW,Ngetkib,PW,7.352276600506795,134.4990043868013
Ngorongoro_NaN_Arusha_TZ,Ngorongoro,TZ,-3.2313159922659,35.324580716525
Ngroto_NaN_Central Java_ID,Ngroto,ID,-7.1252569999583,111.6044800001
Nguekhokh_NaN_Thies_SN,Nguekhokh,SN,14.595339691315,-17.043190879434
Ngurore_NaN_Adamawa_NG,Ngurore,NG,9.2885344670923,12.213063712456
Nha Trang_NaN_Khanh Hoa_VN,Nha Trang,VN,12.265224395711,109.19548511642
Niamey_NaN_Niamey_NE,Niamey,NE,13.546035242621,2.0277547110765
Nicastro-Sambiase_Provincia di Catanzaro_Calabria_IT,Nicastro-Sambiase,IT,38.90720426238,16.329003762038
Nichlaul_Maharajganj_Uttar Pradesh_IN,Nichlaul,IN,27.605604720796,83.996898054345
Nickby_Helsinki_Uusimaa_FI,Nickby,FI,60.260958836244,25.392457985524
Nickerson_Reno County_Kansas_US,Nickerson,US,38.144773296645,-98.110777903181
Nidri_Lefkada_Ionian Islands_GR,Nidri,GR,38.708356136466,20.596761714452
Nieuw Amsterdam_NaN_Commewijne_SR,Nieuw Amsterdam,SR,5.8686128122324,-55.077714215708
Nieuwenhoorn_Gemeente Hellevoetsluis_South Holland_NL,Nieuwenhoorn,NL,51.862075026953,4.1892305387611
Nightcliff_Darwin_Northern Territory_AU,Nightcliff,AU,-12.396987910005,130.85998058169
Nigran_Provincia de Pontevedra_Galicia_ES,Nigran,ES,42.19132684513162,-8.799538515067717
Nikolaevo_Obshtina Nikolaevo_Stara Zagora_BG,Nikolaevo,BG,42.646402471995,25.809294712999
Nikolayevka_NaN_Mordoviya_RU,Nikolayevka,RU,54.129150822014,45.128268959887
Niland_Imperial County_California_US,Niland,US,33.418854670798,-115.15493176022
Nilopolis_Nilopolis_Rio de Janeiro_BR,Nilopolis,BR,-23.013120747106,-43.542202681968
Ninety Six_Greenwood County_South Carolina_US,Ninety Six,US,34.066734633361,-82.02948030146
Ninove_Provincie Oost-Vlaanderen_Flanders_BE,Ninove,BE,50.795660319349,4.0252808746438
Nioro_NaN_Lower River_GM,Nioro,GM,13.077470349126752,-15.612195256094653
Niscemi_Provincia di Caltanissetta_Sicily_IT,Niscemi,IT,37.134673478136,14.309730400306
Nishinoomote_NaN_Kagoshima_JP,Nishinoomote,JP,30.237458057453,130.51432638661
Nisia Floresta_Nisia Floresta_Rio Grande do Norte_BR,Nisia Floresta,BR,-6.018261420602,-35.109677805787
Nixon_Gonzales County_Texas_US,Nixon,US,29.305933564633005,-97.7603603824015
Nizamabad_Nizamabad District_Telangana_IN,Nizamabad,IN,18.672828112957,78.095897844802
Nizhnevartovsk_NaN_Khanty-Mansiyskiy Avtonomnyy Okrug_RU,Nizhnevartovsk,RU,61.234637821293,76.513706887386
Nizhniy Baskunchak_NaN_Astrakhan_RU,Nizhniy Baskunchak,RU,48.145069066667,46.856813966669
Nizhniy Odes_NaN_Komi Republic_RU,Nizhniy Odes,RU,63.607397002034,54.46455400131
Nizhniy Tsasuchey_NaN_Transbaikal Territory_RU,Nizhniy Tsasuchey,RU,50.513274294184,115.13948093522
Nizwa_NaN_Muhafazat ad Dakhiliyah_OM,Nizwa,OM,22.737676534519,57.561217231908
Noasca_Provincia di Torino_Piedmont_IT,Noasca,IT,45.430578006986,7.3762673232053
Nogales_NaN_Veracruz_MX,Nogales,MX,18.829646013954,-97.159318963657
Nokaneng_NaN_NaN_BW,Nokaneng,BW,-19.843377779674,22.230481464784
Nomeny_Departement de Meurthe-et-Moselle_Lorraine_FR,Nomeny,FR,48.837719390672,6.255580673407
Non Kho_NaN_Sisaket_TH,Non Kho,TH,14.957387164736,104.74179809736
Nong Kha Yang_NaN_Uthai Thani_TH,Nong Kha Yang,TH,15.418684435965,99.960519776248
Nong Muang_NaN_Lop Buri_TH,Nong Muang,TH,15.218464018603,100.663396831
Norashen_NaN_Lorri_AM,Norashen,AM,41.271908839255,44.308127758638
Norberg_Norbergs Kommun_Vaestmanland_SE,Norberg,SE,60.080713103161,16.013748205399
Nordhorn_NaN_Lower Saxony_DE,Nordhorn,DE,52.429465016016,7.0360783509559
Noresund_Krodsherad_Buskerud_NO,Noresund,NO,60.165478981431,9.7112371268366
Norfolk County_NaN_Ontario_CA,Norfolk County,CA,42.694378376967,-80.448617139686
Norra Asum_Kristianstads Kommun_Skane_SE,Norra Asum,SE,55.952049701113,14.096633586648
Norris City_White County_Illinois_US,Norris City,US,37.90847810331122,-88.21614600848328
Norrtalje_Norrtalje Kommun_Stockholm_SE,Norrtalje,SE,59.840595987749,18.66540799414
Norsjoe_Norsjo Kommun_Vaesterbotten_SE,Norsjoe,SE,65.412043054734,19.672103062214
Nort-sur-Erdre_Departement de la Loire-Atlantique_Pays de la Loire_FR,Nort-sur-Erdre,FR,47.422670674347,-1.5113397913507
North Bay_Nipissing District_Ontario_CA,North Bay,CA,46.298817524475,-79.458535580975
North Conway_Carroll County_New Hampshire_US,North Conway,US,44.063798687277,-71.116973838696
North Cowichan_NaN_British Columbia_CA,North Cowichan,CA,48.87608091932519,-123.655591769352
North East_Cecil County_Maryland_US,North East,US,39.630194104715,-75.909499902381
North Fork Village_Ross County_Ohio_US,North Fork Village,US,39.351481559121,-83.103423939464
North Myrtle Beach_Horry County_South Carolina_US,North Myrtle Beach,US,33.855257803247,-78.80876958302
North Perth_NaN_Ontario_CA,North Perth,CA,43.707509046215,-80.894276596365
North Platte_Lincoln County_Nebraska_US,North Platte,US,41.129092985301,-100.92003425243
North Rock Springs_Sweetwater County_Wyoming_US,North Rock Springs,US,42.052849282135,-109.43804979439
North Saanich_NaN_British Columbia_CA,North Saanich,CA,48.81649833037,-123.46229243375
North Scituate_Providence County_Rhode Island_US,North Scituate,US,41.834838577946,-71.566587432662
Northfield_Merrimack County_New Hampshire_US,Northfield,US,43.378043317883,-71.608726624565
Northwest Ithaca_Tompkins County_New York_US,Northwest Ithaca,US,42.447432208698,-76.568618114435
Nortonville_Hopkins County_Kentucky_US,Nortonville,US,37.08735063403,-87.349583045177
Nouakchott_NaN_Nouakchott_MR,Nouakchott,MR,18.033955073786977,-15.983715143813026
Noumea_Noumea_South Province_NC,Noumea,NC,-22.293765468852,166.43896631852
Nouna_Province de la Kossi_Boucle du Mouhoun_BF,Nouna,BF,12.782506604541318,-4.0706938098753085
Nova Granada_Nova Granada_Sao Paulo_BR,Nova Granada,BR,-20.625014334181,-49.335476315693
Novi Travnik_NaN_Federation of Bosnia and Herzegovina_BA,Novi Travnik,BA,44.134916822834,17.56467333762
Novo Hamburgo_Novo Hamburgo_Rio Grande do Sul_BR,Novo Hamburgo,BR,-29.692136160568,-51.077313115923
Novodvinsk_NaN_Arkhangelskaya_RU,Novodvinsk,RU,64.48657069384247,40.73508860749906
Novokuznetsk_NaN_Kemerovo_RU,Novokuznetsk,RU,53.768451086349,87.184529263256
Novopokrovka_NaN_Primorskiy_RU,Novopokrovka,RU,45.333126693441,134.35901673516
Novopokrovka_NaN_Tambov_RU,Novopokrovka,RU,52.050959386645,41.153557939305
Novoshakhtinskiy_NaN_Primorskiy_RU,Novoshakhtinskiy,RU,44.089982339261,132.03741769419
Novosilikatnyy_NaN_Altai Krai_RU,Novosilikatnyy,RU,53.335574661737,83.618224396291
Novosineglazovskiy_NaN_Chelyabinsk_RU,Novosineglazovskiy,RU,54.968768242927,61.390607217733
Novyy Uoyan_NaN_Respublika Buryatiya_RU,Novyy Uoyan,RU,56.312784577064,111.15547641082
Novyye Lyady_NaN_Perm_RU,Novyye Lyady,RU,58.160095293698,56.563875328604
Nowlamary_Chuadanga_Khulna_BD,Nowlamary,BD,23.61883680555556,88.8782679000026
Nowogrodek Pomorski_Powiat mysliborski_West Pomeranian Voivodeship_PL,Nowogrodek Pomorski,PL,52.835021246941,15.060811381761
Nowy Zmigrod_Powiat jasielski_Subcarpathian Voivodeship_PL,Nowy Zmigrod,PL,49.557724102536,21.517635591834
Nsanje_Nsanje District_Southern Region_MW,Nsanje,MW,-17.19621472000038,35.81751628834679
Ntcheu_Ntcheu District_Central Region_MW,Ntcheu,MW,-14.851311850899,34.691423246686
Ntungamo_Kanungu District_Western Region_UG,Ntungamo,UG,-0.81996082220295,29.65917031535
Nueva Concepcion_NaN_Chalatenango_SV,Nueva Concepcion,SV,14.098645555899,-89.205522723847
Nuevo Imperial_Provincia de Canete_Lima_PE,Nuevo Imperial,PE,-13.081861077642,-76.296377249398
Nuevo San Juan_NaN_Colon_PA,Nuevo San Juan,PA,9.2130068271393,-79.661532067486
Nufaru_Comuna Nufaru_Tulcea_RO,Nufaru,RO,45.135421652105,28.948408655128
Nulsen_Esperance Shire_Western Australia_AU,Nulsen,AU,-33.088944450676,121.688
Nunchia_NaN_Casanare_CO,Nunchia,CO,5.579229011640924,-72.143921673684
Nurmes_Pielisen Karjala_North Karelia_FI,Nurmes,FI,63.710490965401,29.341495627822
Nurmijaervi_Helsinki_Uusimaa_FI,Nurmijaervi,FI,60.451186194571,24.755054634945
Nuuk_NaN_Sermersooq_GL,Nuuk,GL,64.192121609762,-51.673862359106
Nuwara Eliya_Nuwara Eliya District_Central_LK,Nuwara Eliya,LK,6.894987228882931,80.87157308035897
Nwoya_Nwoya District_Northern Region_UG,Nwoya,UG,2.5407917334191,31.854701659359
Nyaungdon_NaN_Ayeyarwady_MM,Nyaungdon,MM,16.992315216886,95.57487927977
Nyirtelek_NaN_Szabolcs-Szatmar-Bereg_HU,Nyirtelek,HU,47.972457593422,21.608936033413
Nykarleby_Jakobstadsregionen_Ostrobothnia_FI,Nykarleby,FI,63.442564656852,22.56552075336
Nykoping_Nykopings Kommun_Soedermanland_SE,Nykoping,SE,58.703209001364,16.961758998958
Nyngan_Bogan_New South Wales_AU,Nyngan,AU,-31.584494401903,147.17984188562
Nzega_NaN_Southern Province_RW,Nzega,RW,-2.4165782374939533,29.409204484990543
Nzerekore_Nzerekore Prefecture_Nzerekore_GN,Nzerekore,GN,7.948847702832,-8.9555912178064
Nzeto_NaN_Zaire_AO,Nzeto,AO,-6.7107293639085,13.363796447065
OErkelljunga_Orkelljunga Kommun_Skane_SE,OErkelljunga,SE,56.340738056015,13.274314999517
OEverkalix_Overkalix Kommun_Norrbotten_SE,OEverkalix,SE,66.452131340275,22.546760372181
Oakfield_Fond du Lac County_Wisconsin_US,Oakfield,US,43.73889438801,-88.500173128827
Oakland_Franklin County_Iowa_US,Oakland,US,42.632380973317,-93.481938625283
Oakley_Logan County_Kansas_US,Oakley,US,39.37959289986,-100.76325
Oakridge_Lane County_Oregon_US,Oakridge,US,43.74780377878924,-122.44500835633734
Oban_Argyll and Bute_Scotland_GB,Oban,GB,56.21867768875,-5.5416284097984
Obihiro_NaN_Hokkaido_JP,Obihiro,JP,42.525176822513,143.27657869551
Oblivskaya_NaN_Rostov_RU,Oblivskaya,RU,48.532112666831,42.629037314963
Obollo-Afor_NaN_Enugu_NG,Obollo-Afor,NG,6.8538177090328,7.5324673398609
Oborniki_Powiat obornicki_Greater Poland Voivodeship_PL,Oborniki,PL,52.662945761432,16.923100048961
Ocean Park_Pacific County_Washington_US,Ocean Park,US,46.507217776892,-123.88618922337
Och'amch'ire_NaN_Abkhazia_GE,Och'amch'ire,GE,42.76014301479,41.453055682761
Ocnita_NaN_Raionul Ocnita_MD,Ocnita,MD,48.370703666001,27.306872663425
Ocona_Provincia de Camana_Arequipa_PE,Ocona,PE,-16.465216674702,-73.075723307519
Oconto Falls_Oconto County_Wisconsin_US,Oconto Falls,US,45.024537877392,-88.165345923458
Ocotal_NaN_Nueva Segovia_NI,Ocotal,NI,13.6611718,-86.4758584
Odda_Odda_Hordaland_NO,Odda,NO,60.022823191126,6.5572374474463
Odebolt_Sac County_Iowa_US,Odebolt,US,42.475270685389,-95.338797570854
Odemira_Odemira_Beja_PT,Odemira,PT,37.651103054974,-8.5571230548016
Oepura_NaN_East Nusa Tenggara_ID,Oepura,ID,-10.183120001412,123.60264400135
Ogallala_Keith County_Nebraska_US,Ogallala,US,41.125916102248,-101.43981665149
Ogdensburg_St. Lawrence County_New York_US,Ogdensburg,US,44.857510650885,-75.300430742489
Oguz_NaN_Oguz_AZ,Oguz,AZ,40.966467763893,47.526371937993
Oia_Nomos Kykladon_South Aegean_GR,Oia,GR,36.466131875968,25.40638534726
Okcheon_NaN_Chungcheongbuk-do_KR,Okcheon,KR,36.43270818715,127.64375716794
Okinawa Numero Uno_NaN_Santa Cruz_BO,Okinawa Numero Uno,BO,-16.737803538175,-62.562530061344
Okoa_NaN_Centre_CM,Okoa,CM,3.926348912543,11.729982824867
Ol'ginskaya_NaN_Rostov_RU,Ol'ginskaya,RU,47.165895304843,39.871526618732
Olafsvik_NaN_West_IS,Olafsvik,IS,64.912407272104,-23.800746603624
Olavarria_NaN_Buenos Aires_AR,Olavarria,AR,-37.091984201413,-60.495916337398
Olesa de Bonesvalls_Provincia de Barcelona_Catalonia_ES,Olesa de Bonesvalls,ES,41.30163784188,1.8771333666342
Olhao_Olhao_Faro_PT,Olhao,PT,37.05284364523,-7.8436354480787
Olia Speciosa_Provincia di Cagliari_Sardinia_IT,Olia Speciosa,IT,39.292200993253,9.5894281852448
Olimpia_Olimpia_Sao Paulo_BR,Olimpia,BR,-20.76953555515122,-48.92629901547032
Oliva_NaN_Cordoba_AR,Oliva,AR,-31.987447168689,-63.619027789474
Oliveira dos Brejinhos_Oliveira Dos Brejinhos_Bahia_BR,Oliveira dos Brejinhos,BR,-12.111628912874,-42.907710992248
Oliver_NaN_British Columbia_CA,Oliver,CA,49.020632916654,-119.66839209122
Olivet_Eaton County_Michigan_US,Olivet,US,42.538811227735,-84.934047808876
Omdurman_NaN_Khartoum_SD,Omdurman,SD,15.648195915246,32.575371054313
Omirzaq_NaN_Mangghystau_KZ,Omirzaq,KZ,43.624297830397,51.386632488721
Omis_Grad Omis_Splitsko-Dalmatinska_HR,Omis,HR,43.419867313067,16.716238301601
Omsk_NaN_Omsk_RU,Omsk,RU,55.041808006497,73.353154978418
Ondjiva_NaN_Cunene_AO,Ondjiva,AO,-16.853851406335224,15.850190207754908
Ondokuzmayis_NaN_Samsun_TR,Ondokuzmayis,TR,41.48997838445,36.087748050128
Onesse-Laharie_Departement des Landes_Aquitaine_FR,Onesse-Laharie,FR,44.079734000362,-1.0031696666339
Onewitu_NaN_East Nusa Tenggara_ID,Onewitu,ID,-8.8380717426493,121.64241664363
Ongkharak_NaN_Nakhon Nayok_TH,Ongkharak,TH,14.17068672685,101.0545167332
Oniferi_Provincia di Nuoro_Sardinia_IT,Oniferi,IT,40.283858685847,9.1445906900126
Onitsha_NaN_Anambra_NG,Onitsha,NG,6.1227719105869,6.7937558233159
Opi_NaN_Enugu_NG,Opi,NG,6.7670530362983,7.5315229671453
Opotiki_Opotiki District_Bay of Plenty_NZ,Opotiki,NZ,-38.50867714063,177.44144817452
Opuzen_Grad Dubrovnik_Dubrovacko-Neretvanska_HR,Opuzen,HR,43.023501359682,17.551396148723
Oraison_Departement des Alpes-de-Haute-Provence_Provence-Alpes-Cote d'Azur_FR,Oraison,FR,43.936444502398,5.9133263558481
Oral_NaN_Batys Qazaqstan_KZ,Oral,KZ,51.23743724983,51.345287396819
Orangeville_NaN_Ontario_CA,Orangeville,CA,43.923372215823,-79.961630547801
Oranjestad_NaN_NaN_AW,Oranjestad,AW,12.57111026621,-70.044727296416
Orel_NaN_Orjol_RU,Orel,RU,53.026375396286,36.144489714559
Orenburg_NaN_Orenburg_RU,Orenburg,RU,51.824414328938,55.088578089477
Orensehir_NaN_Kayseri_TR,Orensehir,TR,38.85973002269802,36.71387702822795
Orgelet_Departement du Jura_Franche-Comte_FR,Orgelet,FR,46.580082340148,5.5943793893861
Orhon_NaN_Darhan Uul_MN,Orhon,MN,49.879448566136,106.24339840805
Oriente 1ra. Seccion (Santo Domingo)_Comalcalco_Tabasco_MX,Oriente 1ra. Seccion (Santo Domingo),MX,18.246025448187,-93.212333479328
Oriente 2da. Seccion (San Cayetano)_Comalcalco_Tabasco_MX,Oriente 2da. Seccion (San Cayetano),MX,18.190296114443,-93.203863318979
Orlandia_Orlandia_Sao Paulo_BR,Orlandia,BR,-20.665433969349,-47.882739727748
Orlov_NaN_Kirov_RU,Orlov,RU,58.512348289531,48.669487109853
Oro Verde_NaN_Entre Rios_AR,Oro Verde,AR,-31.909013872217,-60.583473601053
Oronsko_Powiat szydlowiecki_Masovian Voivodeship_PL,Oronsko,PL,51.290658036803,20.959433240504
Orsha_NaN_Vitebsk_BY,Orsha,BY,54.559427701716,30.454213310972
Orsundsbro_Enkopings Kommun_Uppsala_SE,Orsundsbro,SE,59.803958386966,17.452834317813
Ortaca_NaN_Mugla_TR,Ortaca,TR,36.888292273967,28.746695165723
Ortakoy_NaN_Aksaray_TR,Ortakoy,TR,38.82007028083834,34.043699287125754
Oruro_NaN_Oruro_BO,Oruro,BO,-17.904544973893,-67.124959544986
Orzech_Powiat tarnogorski_Silesian Voivodeship_PL,Orzech,PL,50.410904000525,18.917081012192
Oshkosh_Winnebago County_Wisconsin_US,Oshkosh,US,44.072195845356,-88.581843270784
Osinovo_NaN_Tatarstan_RU,Osinovo,RU,55.917657530175,48.75981004003
Osmaniye_NaN_Osmaniye_TR,Osmaniye,TR,37.065975133354,36.224658255397
Osorio_Osorio_Rio Grande do Sul_BR,Osorio,BR,-29.74098528523,-50.21026874473
Oster_NaN_Smolensk_RU,Oster,RU,53.930754500508,32.772794487155
Ostroda_Powiat ostrodzki_Warmian-Masurian Voivodeship_PL,Ostroda,PL,53.767321967373,19.948839909541
Ostrov Paskhi_NaN_NaN_CL,Ostrov Paskhi,CL,-27.117278596014,-109.3984666649
Ostrov_Comuna Ostrov_Tulcea_RO,Ostrov,RO,44.976485787051,28.175998883721
Ostrov_NaN_Pskov_RU,Ostrov,RU,57.245921558099,28.427302499106
Osvaldo Cruz_Osvaldo Cruz_Sao Paulo_BR,Osvaldo Cruz,BR,-21.641049199575,-50.637500975003
Otaci_NaN_Raionul Ocnita_MD,Otaci,MD,48.271061333727,28.007626999939
Otocac_NaN_Licko-Senjska_HR,Otocac,HR,44.851249975463,15.366532115742
Otofuke_NaN_Hokkaido_JP,Otofuke,JP,43.255716576605,143.44915192073
Otok_NaN_Splitsko-Dalmatinska_HR,Otok,HR,43.66698879997222,16.71141069997222
Otorohanga_Otorohanga District_Waikato_NZ,Otorohanga,NZ,-38.07815459193655,174.97827285988146
Otse_NaN_South East_BW,Otse,BW,-25.065908022633,25.733480981783
Ottersheim_NaN_Rheinland-Pfalz_DE,Ottersheim,DE,49.177402527407,8.2059602677581
Ouagadougou_Kadiogo Province_Centre_BF,Ouagadougou,BF,12.335198778506,-1.4663017716853
Ouazzane_NaN_Gharb-Chrarda-Beni Hssen_MA,Ouazzane,MA,34.802878811813,-5.5699893477152
Oudtshoorn_Eden District Municipality_Western Cape_ZA,Oudtshoorn,ZA,-33.549463337066,21.855442532653
Oued el Abtal_NaN_Mascara_DZ,Oued el Abtal,DZ,35.440360785491,0.51142050008772
Oughterard_County Galway_Connaught_IE,Oughterard,IE,53.426618420152,-9.3427173434957
Ouijjane_Tiznit_Souss-Massa-Draa_MA,Ouijjane,MA,29.240480518989,-9.4555254847248
Oujda_Oujda-Angad_Oriental_MA,Oujda,MA,34.793597063259,-1.8353113235797
Ovalle_Provincia de Limari_Coquimbo_CL,Ovalle,CL,-30.312699659119,-71.409789463088
Overum_Vasterviks Kommun_Kalmar_SE,Overum,SE,57.931001639558,16.330459196187
Owase_NaN_Mie_JP,Owase,JP,34.04106181761275,136.1858687058742
Owen Sound_NaN_Ontario_CA,Owen Sound,CA,44.312102573729,-80.637269523326
Owensville_Gasconade County_Missouri_US,Owensville,US,38.42837139091,-91.488037208378
Oxford_NaN_Nova Scotia_CA,Oxford,CA,45.474918758454,-63.653089397227
Oyam_Oyam District_Northern Region_UG,Oyam,UG,2.2117422724724,32.23744951638
Oytograk_NaN_Xinjiang Uygur Zizhiqu_CN,Oytograk,CN,37.476067906828,82.13459579147
Ozark_Franklin County_Arkansas_US,Ozark,US,35.521534037007,-93.871977369374
Ozherel'ye_NaN_Moskovskaya_RU,Ozherel'ye,RU,54.796654703427,38.275936367056
Ozu_NaN_Kumamoto_JP,Ozu,JP,32.636143698793,130.91102677604
P'asanauri_Dusheti_Mtskheta-Mtianeti_GE,P'asanauri,GE,42.312328205238,44.689214303459
P'rimorsk'oe_NaN_NaN_GE,P'rimorsk'oe,GE,43.088525636891,40.764475627541
Pa'in-e Bazar-e Rudbar_NaN_Gilan_IR,Pa'in-e Bazar-e Rudbar,IR,36.747280439849,49.392505908075
Paarl_Cape Winelands District Municipality_Western Cape_ZA,Paarl,ZA,-33.850084971957,18.96512867256
Pace_Santa Rosa County_Florida_US,Pace,US,30.556749753034,-87.13901051697
Pad Idan_NaN_Sindh_PK,Pad Idan,PK,26.830803432680582,68.26852153978182
Padborg_Aabenraa Kommune_South Denmark_DK,Padborg,DK,54.841625762459,9.3707892611047
Padilla_NaN_Chuquisaca_BO,Padilla,BO,-19.449929553182,-64.187118405164
Padmanabhapuram_Kanniyakumari_Tamil Nadu_IN,Padmanabhapuram,IN,8.3567407809072,77.32547081809
Padre Burgos_Province of Quezon_Calabarzon_PH,Padre Burgos,PH,13.932912777980604,121.82429113042213
Pahala_Hawaii County_Hawaii_US,Pahala,US,19.089905202001,-155.54909279781
Paia_Maui County_Hawaii_US,Paia,US,20.881687048199,-156.41276486703
Paicandu_Paicandu_Parana_BR,Paicandu,BR,-23.497251111222,-52.13907250148
Paidha_Zombo District_Northern Region_UG,Paidha,UG,2.1277807162299,30.626255368895
Paihia_Far North District_Northland_NZ,Paihia,NZ,-35.34990110078439,174.20659492861526
Paikpara_Murshidabad_West Bengal_IN,Paikpara,IN,24.807496328037,87.942027900597
Paiporta_Provincia de Valencia_Valencia_ES,Paiporta,ES,39.444870006636,-0.4027133428208
Paispamba_NaN_Cauca_CO,Paispamba,CO,2.1892183317981,-76.480181054326
Pajala_Pajala Kommun_Norrbotten_SE,Pajala,SE,67.246536795572,23.155208844982
Pajara_Provincia de Las Palmas_Canary Islands_ES,Pajara,ES,28.094844371204,-14.413055558189
Paka_NaN_Terengganu_MY,Paka,MY,4.72362241556238,103.43501004338113
Pakkading_NaN_Bolikhamxai_LA,Pakkading,LA,18.39373607434181,103.92261814883
Pakokku_NaN_Magway_MM,Pakokku,MM,21.332792688406,94.970126778163
Palackattumala_Kottayam_Kerala_IN,Palackattumala,IN,9.7380716018545,76.656283639072
Palafrugell_Provincia de Girona_Catalonia_ES,Palafrugell,ES,41.887084557024,3.1424111704556
Palagianello_Provincia di Taranto_Apulia_IT,Palagianello,IT,40.598042550655,16.993397452958
Palapye_NaN_Central_BW,Palapye,BW,-22.621463667,27.100844494901
Palasa_Srikakulam_Andhra Pradesh_IN,Palasa,IN,18.75648036232,84.495206957713
Paldiski_Paldiski linn_Harju_EE,Paldiski,EE,59.248904192643,23.835338389945
Palena_Provincia de Palena_Los Lagos_CL,Palena,CL,-43.702748654218,-71.41120080576
Palkino_NaN_Pskov_RU,Palkino,RU,57.589221761241,27.962233083992
Palma Sola_Alto Lucero de Gutierrez Barrios_Veracruz_MX,Palma Sola,MX,19.77859851545,-96.433768568718
Palma Soriano_NaN_Santiago de Cuba_CU,Palma Soriano,CU,20.230349997414,-76.100149997011
Palmaner_Chittoor_Andhra Pradesh_IN,Palmaner,IN,13.192106359266733,78.82041385727467
Palmas de Monte Alto_Palmas De Monte Alto_Bahia_BR,Palmas de Monte Alto,BR,-14.273591709558,-43.453287826696
Palmas_Palmas_Parana_BR,Palmas,BR,-26.566789313541,-51.905028810105
Palmas_Palmas_Tocantins_BR,Palmas,BR,-10.246916119804,-48.333427658675
Palmer_Matanuska-Susitna Borough_Alaska_US,Palmer,US,61.580533903576,-149.08776794224
Palmerston North_Palmerston North City_Manawatu-Wanganui_NZ,Palmerston North,NZ,-40.516998793306,175.77740995962
Palo_Linn County_Iowa_US,Palo,US,42.113026987955,-91.873223523095
Palotina_Palotina_Parana_BR,Palotina,BR,-24.18922514247,-53.854641697326
Paltamo_Kajaani_Kainuu_FI,Paltamo,FI,64.425115276792,27.633253536717
Paltinis_Comuna Paltinis_Botosani_RO,Paltinis,RO,48.267472233654,26.644527678174
Pampa de los Guanacos_NaN_Santiago del Estero_AR,Pampa de los Guanacos,AR,-26.266566990231,-61.753837015022
Pamplona_Province of Negros Oriental_Central Visayas_PH,Pamplona,PH,9.472203577785288,123.1190979922184
Pamukova_NaN_Sakarya_TR,Pamukova,TR,40.499976198679,30.120600686372
Panagar_Jabalpur_Madhya Pradesh_IN,Panagar,IN,23.343162524589,80.020322361299
Panalanoy_Province of Leyte_Eastern Visayas_PH,Panalanoy,PH,11.25264588873,124.97466289163
Panaoti_NaN_Central Region_NP,Panaoti,NP,27.5171876325,85.679797455556
Pandamatenga_NaN_NaN_BW,Pandamatenga,BW,-18.49284762493,25.598091222227
Pandavapura_Mandya_Karnataka_IN,Pandavapura,IN,12.487694818348592,76.67774578449863
Pandoh_Mandi_Himachal Pradesh_IN,Pandoh,IN,31.704763779514,77.183714720662
Pangkalan Brandan_NaN_North Sumatra_ID,Pangkalan Brandan,ID,4.0092589463852,98.224989407009
Pangkalan Kasai_NaN_Riau_ID,Pangkalan Kasai,ID,-0.73197014047039,102.49668585376
Pangkalanbunut_NaN_Riau_ID,Pangkalanbunut,ID,0.20300000763554,102.407231561
Panguna_NaN_Bougainville_PG,Panguna,PG,-6.7974899725545,155.71816744657
Panmana_Kollam_Kerala_IN,Panmana,IN,9.0849583129132,76.529536985836
Paopao_NaN_NaN_PF,Paopao,PF,-17.5275745119039,-149.8374560048076
Papatowai_Clutha District_Otago_NZ,Papatowai,NZ,-46.650061532567,169.06762987364
Paquera_NaN_Puntarenas_CR,Paquera,CR,9.8228590679676,-84.901910375189
Paragould_Greene County_Arkansas_US,Paragould,US,36.056703386995,-90.672786468733
Paraipaba_Paraipaba_Ceara_BR,Paraipaba,BR,-3.483870867841,-39.265301432425
Paramaribo_NaN_Paramaribo_SR,Paramaribo,SR,5.8145917994639,-55.143095980408
Paranaiba_Paranaiba_Mato Grosso do Sul_BR,Paranaiba,BR,-19.659758325684,-51.20414900227
Paranavai_Paranavai_Parana_BR,Paranavai,BR,-23.074710538897072,-52.41763208025176
Parapat_NaN_North Sumatra_ID,Parapat,ID,2.7131993058299,98.940065669754
Parga_Nomos Prevezis_Epirus_GR,Parga,GR,39.288859013041,20.477729199774
Paris_Logan County_Arkansas_US,Paris,US,35.158467440714,-93.59910331882
Parnamirim_Parnamirim_Rio Grande do Norte_BR,Parnamirim,BR,-5.9136400273589,-35.207591632761
Paro_NaN_Paro_BT,Paro,BT,27.425807252644,89.419228322328
Parobe_Parobe_Rio Grande do Sul_BR,Parobe,BR,-29.636880344016,-50.877882333359
Parral_Provincia de Linares_Maule_CL,Parral,CL,-36.277259001116,-71.816889000315
Parry Sound_Parry Sound District_Ontario_CA,Parry Sound,CA,45.823930547873,-80.549491685804
Pasaco_NaN_Jutiapa_GT,Pasaco,GT,13.912632515186,-90.231268631823
Pasaje_NaN_El Oro_EC,Pasaje,EC,-3.30989546122,-79.880682108718
Pasararba_NaN_South Kalimantan_ID,Pasararba,ID,-2.2251968256142,115.32534160217
Pascani_Municipiul Pascani_Iasi_RO,Pascani,RO,47.223065606614,26.729966508365
Paseo de las Canadas_Tonala_Jalisco_MX,Paseo de las Canadas,MX,20.614234684408,-103.21428657652
Paseos de la Providencia [Fraccionamiento]_San Francisco de los Romo_Aguascalientes_MX,Paseos de la Providencia [Fraccionamiento],MX,22.03744462297,-102.28093357812
Pasha_NaN_Leningrad_RU,Pasha,RU,60.47427654866026,33.095408299477334
Paso de los Libres_Departamento de Paso de los Libres_Corrientes_AR,Paso de los Libres,AR,-29.661587430548,-57.220094674353
Paso de los Toros_NaN_Tacuarembo_UY,Paso de los Toros,UY,-32.819253200191,-56.500463521319
Pasvalys_NaN_Panevezys_LT,Pasvalys,LT,56.169985661839,24.379208792292
Patacamaya_NaN_La Paz_BO,Patacamaya,BO,-16.885520464479,-67.987391209652
Pateh Sam_NaN_Central River_GM,Pateh Sam,GM,13.595962595712,-15.028594378725
Pativilca_Barranca_Lima_PE,Pativilca,PE,-10.71635196679,-77.775441405216
Patna_Patna_Bihar_IN,Patna,IN,25.597649912004,85.192761621705
Patong_NaN_Phuket_TH,Patong,TH,7.9226399858112,98.278815451089
Patrocinio_Patrocinio_Minas Gerais_BR,Patrocinio,BR,-19.052334346998,-46.808334122937
Pattao_Province of Cagayan_Cagayan Valley_PH,Pattao,PH,18.199281664541,121.78360666235
Pattukkottai_Thanjavur_Tamil Nadu_IN,Pattukkottai,IN,10.411034569594,79.326674138636
Pauhambar_NaN_West Sumatra_ID,Pauhambar,ID,-0.70926791336516,100.20510550763
Paulista_Paulista_Paraiba_BR,Paulista,BR,-6.7651959214008,-37.5709645978
Paulo Afonso_Paulo Afonso_Bahia_BR,Paulo Afonso,BR,-9.37682660589572,-38.23849666252561
Pauni_Bhandara_Maharashtra_IN,Pauni,IN,20.597542845723,79.872013277446
Pavilosta_NaN_Pavilostas_LV,Pavilosta,LV,56.89855455002,21.232160647338
Pavlodar_NaN_Pavlodar_KZ,Pavlodar,KZ,52.407481547395626,77.15385902840724
Pavlovsk_NaN_Voronezj_RU,Pavlovsk,RU,50.361714686748,40.142280825206
Pavlovskiy Posad_NaN_Moskovskaya_RU,Pavlovskiy Posad,RU,55.854462865064,38.579905063898
Paxtakor_NaN_Jizzax_UZ,Paxtakor,UZ,40.26834629611403,68.03394461427814
Pazmand_NaN_Fejer_HU,Pazmand,HU,47.281576442759,18.676762732932
Peachland_NaN_British Columbia_CA,Peachland,CA,49.908736113058,-120.02311666538
Pearl River_Neshoba County_Mississippi_US,Pearl River,US,32.978705583726,-89.25927708042
Pearsall_Frio County_Texas_US,Pearsall,US,28.858904209606,-99.107090690205
Pecan Grove_Fort Bend County_Texas_US,Pecan Grove,US,29.626729529753,-95.749692358292
Pechora_NaN_Komi Republic_RU,Pechora,RU,65.131824617812,57.260903130895
Pechory_NaN_Pskov_RU,Pechory,RU,57.837237092573,27.594787721029
Peddie_Amathole District Municipality_Eastern Cape_ZA,Peddie,ZA,-33.382274299972224,27.301001100000004
Pederneiras_Pederneiras_Sao Paulo_BR,Pederneiras,BR,-22.34248598563,-48.854371143863
Pehuajo_Partido de Pehuajo_Buenos Aires_AR,Pehuajo,AR,-35.844478268061,-61.89671547449
Pelotas_Pelotas_Rio Grande do Sul_BR,Pelotas,BR,-31.853838193647,-52.325579796802
Pemba_NaN_Cabo Delgado_MZ,Pemba,MZ,-13.21385497542448,40.55101572801964
Pemberton_Manjimup_Western Australia_AU,Pemberton,AU,-34.6051111108,116.44249999901
Pembroke_NaN_Ontario_CA,Pembroke,CA,45.445656797641,-77.344896957077
Penapolis_Penapolis_Sao Paulo_BR,Penapolis,BR,-21.506806084571,-50.271256891038
Penola_Wattle Range_South Australia_AU,Penola,AU,-37.40595529749129,141.24809764026693
Penukonda_Anantapur_Andhra Pradesh_IN,Penukonda,IN,14.066639836125,77.607100702991
Penzance_Cornwall_England_GB,Penzance,GB,50.12806356,-5.56666085
Peosta_Dubuque County_Iowa_US,Peosta,US,42.441206027175,-90.784733690434
Pepeekeo_Hawaii County_Hawaii_US,Pepeekeo,US,19.836853481288,-155.10036062293
Pepel_NaN_Northern Province_SL,Pepel,SL,8.698554933660562,-13.02829458768852
Perama_Nomos Kerkyras_Ionian Islands_GR,Perama,GR,39.581814639144,19.913128178206
Perisor_Comuna Perisoru_Dolj_RO,Perisor,RO,44.143120545514,23.491954757527
Perito Moreno_NaN_Santa Cruz_AR,Perito Moreno,AR,-46.59115970732,-70.92568677736
Perkins_Payne County_Oklahoma_US,Perkins,US,36.010222092548,-97.051042807597
Perrigny-les-Dijon_Departement de la Cote-d'Or_Bourgogne_FR,Perrigny-les-Dijon,FR,47.260064568857,5.0337271685199
Perry_Taylor County_Florida_US,Perry,US,30.135953467843,-83.760454079893
Peschanokopskoye_NaN_Rostov_RU,Peschanokopskoye,RU,46.207415316849,40.951999569464
Peshawar_NaN_Khyber Pakhtunkhwa_PK,Peshawar,PK,33.976240041039645,71.48395335997184
Peshtigo_Marinette County_Wisconsin_US,Peshtigo,US,45.136652356082,-87.95470648539
Pestretsy_NaN_Tatarstan_RU,Pestretsy,RU,55.734509652994,49.481029238852
Petacciato_Provincia di Campobasso_Molise_IT,Petacciato,IT,42.045423097005,14.817838521351
Petaejaevesi_Jyvaeskylae_Central Finland_FI,Petaejaevesi,FI,62.260578391689,25.248432755361
Petawawa_NaN_Ontario_CA,Petawawa,CA,45.892311503335,-77.269667309871
Peterborough_Peterborough_South Australia_AU,Peterborough,AU,-32.808583334151,139.24347222241
Petropavlovsk_NaN_Soltustik Qazaqstan_KZ,Petropavlovsk,KZ,54.912598794791,69.124084587499
Petrov Val_NaN_Volgograd_RU,Petrov Val,RU,50.00012445000003,45.18527029999999
Petrovsk_NaN_Saratov_RU,Petrovsk,RU,52.035642663048,45.42762049465
Petrvald_NaN_NaN_CZ,Petrvald,CZ,49.684817752811,18.124296354285
Petukhovo_NaN_Kurgan_RU,Petukhovo,RU,55.087410085131,68.302234542932
Peyruis_Departement des Alpes-de-Haute-Provence_Provence-Alpes-Cote d'Azur_FR,Peyruis,FR,43.985797542179,5.928253368952
Phalaborwa_Mopani District Municipality_Limpopo_ZA,Phalaborwa,ZA,-23.851404937344,31.569641174762
Phatthalung_NaN_Phatthalung_TH,Phatthalung,TH,7.6642835938724,100.02472066135
Phaya Mengrai_NaN_Chiang Rai_TH,Phaya Mengrai,TH,19.841432328521,100.16153171923
Phetchaburi_NaN_Phetchaburi_TH,Phetchaburi,TH,13.151848689531,99.908436486308
Philip_Haakon County_South Dakota_US,Philip,US,43.779900298118,-102.00862431642
Philipsburg_Granite County_Montana_US,Philipsburg,US,46.296037516404,-113.315820574
Phirangipuram_Guntur_Andhra Pradesh_IN,Phirangipuram,IN,16.315058776998,80.327752213906
Phitsanulok_NaN_Phitsanulok_TH,Phitsanulok,TH,16.758533056114,100.26392248195
Phnom Penh_NaN_Phnom Penh_KH,Phnom Penh,KH,11.618136921496,104.92649584922
Pho Tak_NaN_Nong Khai_TH,Pho Tak,TH,17.95576150846,102.47688975322
Phon Phisai_NaN_Nong Khai_TH,Phon Phisai,TH,18.057339399949,102.89487369939
Phongsali_NaN_Phongsali_LA,Phongsali,LA,21.51524993672,102.18938267591
Phra Phutthabat_NaN_Sara Buri_TH,Phra Phutthabat,TH,14.815138411976,100.77541883544
Phrasaeng_NaN_Surat Thani_TH,Phrasaeng,TH,8.5511766268516,99.319837881476
Phu Khiao_NaN_Chaiyaphum_TH,Phu Khiao,TH,16.335579387993,102.17585409274
Phu Sang_NaN_Phayao_TH,Phu Sang,TH,19.583958348438,100.39850329367
Phuthaditjhaba_Thabo Mofutsanyana District Municipality_Orange Free State_ZA,Phuthaditjhaba,ZA,-28.325544314081,28.65150450342
Picton_Marlborough District_Marlborough_NZ,Picton,NZ,-41.269658103579,173.66328598831
Piedra Gorda_Cuauhtemoc_Zacatecas_MX,Piedra Gorda,MX,22.546049183069,-102.37897923594
Pieksaemaeki_Pieksaemaeki_Southern Savonia_FI,Pieksaemaeki,FI,62.307525088275,27.241755315331
Pierrepont_Departement de Meurthe-et-Moselle_Lorraine_FR,Pierrepont,FR,49.418364997228,5.7049383599827
Pihtipudas_Saarijaervi-Viitasaari_Central Finland_FI,Pihtipudas,FI,63.403621539595,25.644867139317
Pikalevo_NaN_Leningrad_RU,Pikalevo,RU,59.50135944672096,34.28201940943258
Piketberg_West Coast District Municipality_Western Cape_ZA,Piketberg,ZA,-32.986602616664,18.74724082094
Pikine_NaN_Dakar_SN,Pikine,SN,14.781128425316,-17.355048750577
Pilot Rock_Umatilla County_Oregon_US,Pilot Rock,US,45.068073219697,-118.98168035569
Piltene_NaN_Ventspils Rajons_LV,Piltene,LV,57.314049146884,21.820719663913
Pinagsabangan_Province of Mindoro Oriental_Mimaropa_PH,Pinagsabangan,PH,13.252773392497,121.26842759264
Pinamar_NaN_Buenos Aires_AR,Pinamar,AR,-37.130085310904,-56.887950085281
Pincher Creek_NaN_Alberta_CA,Pincher Creek,CA,49.95769010897,-114.13953435142
Pine_Gila County_Arizona_US,Pine,US,34.559859212549,-111.28258205785
Pinedale_Sublette County_Wyoming_US,Pinedale,US,42.638500245927,-109.66975333097
Pinega_NaN_Arkhangelskaya_RU,Pinega,RU,64.35860845284837,43.14388214146903
Pingxiang_NaN_Jiangxi Sheng_CN,Pingxiang,CN,27.57581056607979,113.89064395049807
Pinsk_NaN_Brest_BY,Pinsk,BY,52.156136322424,26.09183065071
Pinto_Provincia de Madrid_Madrid_ES,Pinto,ES,40.232180763508,-3.6564815522243
Pippara_West Godavari_Andhra Pradesh_IN,Pippara,IN,16.720606488603,81.432907086112
Pirapozinho_Pirapozinho_Sao Paulo_BR,Pirapozinho,BR,-22.355094721477,-51.564763670659
Pirassununga_Pirassununga_Sao Paulo_BR,Pirassununga,BR,-21.982377350019,-47.413520159619
Pirenopolis_Pirenopolis_Goias_BR,Pirenopolis,BR,-15.873352071106,-48.935833247988
Pirgaaj_NaN_Rangpur Division_BD,Pirgaaj,BD,25.89113718296,88.266014581493
Piskent_NaN_Toshkent_UZ,Piskent,UZ,40.820871635678,69.355901644587
Pitoa_NaN_North Province_CM,Pitoa,CM,9.3884008624077,13.502633718165
Pitrufquen_Provincia de Cautin_Araucania_CL,Pitrufquen,CL,-39.007139000368,-72.847735999287
Pittsburg_Crawford County_Kansas_US,Pittsburg,US,37.338612508717,-94.72416744468
Piuma_Piuma_Espirito Santo_BR,Piuma,BR,-20.780210597808,-40.741969692871
Pivovarikha_NaN_Irkutsk_RU,Pivovarikha,RU,52.249154815089,104.42047480936
Placencia_NaN_Stann Creek_BZ,Placencia,BZ,16.543910109833,-88.498772641986
Plainfield_Will County_Illinois_US,Plainfield,US,41.682799651113,-88.224219137062
Plains_Meade County_Kansas_US,Plains,US,37.27540821983,-100.55452276064
Plains_Yoakum County_Texas_US,Plains,US,33.240694470111,-102.90823383348
Plainville_Rooks County_Kansas_US,Plainville,US,39.184112456452,-99.006622774235
Plainwell_Allegan County_Michigan_US,Plainwell,US,42.378293298311,-85.656711656642
Plankinton_Aurora County_South Dakota_US,Plankinton,US,43.736738204737,-98.773460214538
Plast_NaN_Chelyabinsk_RU,Plast,RU,54.327010715526,60.720826345017
Plastunovskaya_NaN_Krasnodarskiy_RU,Plastunovskaya,RU,45.349274336869,39.277290293919
Plavsk_NaN_Tula_RU,Plavsk,RU,53.703732026358,37.314310371771
Playa del Carmen_NaN_Quintana Roo_MX,Playa del Carmen,MX,20.78378354948,-86.951737232027
Plaza Huincul_NaN_Neuquen_AR,Plaza Huincul,AR,-39.261054598745,-68.855889587987
Pleasant Point_Timaru District_Canterbury_NZ,Pleasant Point,NZ,-43.946822456214,171.24530209639
Ploemeur_Departement du Morbihan_Brittany_FR,Ploemeur,FR,47.719903185509,-3.4804915678576
Ploudalmezeau_Departement du Finistere_Brittany_FR,Ploudalmezeau,FR,48.533672601216,-4.6357852111103
Plouhinec_Departement du Finistere_Brittany_FR,Plouhinec,FR,48.028767451848,-4.4775183988019
Plyussa_NaN_Pskov_RU,Plyussa,RU,58.318922960141,29.565876912707
Poblado 10_Uxpanapa_Veracruz_MX,Poblado 10,MX,17.4720608,-94.3857966
Pocatello_Bannock County_Idaho_US,Pocatello,US,42.729356962073,-112.22398144829
Pochinok_NaN_Smolensk_RU,Pochinok,RU,54.487572884817,32.313196938542
Pochuta_NaN_Chimaltenango_GT,Pochuta,GT,14.487126917793,-91.127218697987
Pocito_Departamento de Pocito_San Juan_AR,Pocito,AR,-31.847069437351,-68.539274359787
Pocoes_Pocoes_Bahia_BR,Pocoes,BR,-14.343198251428,-40.329894494286
Pocomoke City_Worcester County_Maryland_US,Pocomoke City,US,38.070272281546,-75.492987886767
Podgorica_NaN_Podgorica_ME,Podgorica,ME,42.502237096568,19.321570702988
Podgornaya_NaN_Stavropol'skiy_RU,Podgornaya,RU,44.210263379287,43.415804500721
Podgornoye_NaN_Voronezj_RU,Podgornoye,RU,51.91935916311,39.102847277771
Podporozh'ye_NaN_Leningrad_RU,Podporozh'ye,RU,60.89083156336554,34.350754890426245
Poggio Imperiale_Provincia di Foggia_Apulia_IT,Poggio Imperiale,IT,41.813561939361,15.354814687111
Pokhara_Gandaki Zone_Western Region_NP,Pokhara,NP,28.118257713069,84.092550077463
Pokrov_NaN_Vladimir_RU,Pokrov,RU,55.973556816117,39.137107947688
Pokrovka_NaN_Ysyk-Koel_KG,Pokrovka,KG,42.249342071447,77.732066571421
Pokrovskoye_NaN_Orjol_RU,Pokrovskoye,RU,52.600387290386,36.912916564766
Polanow_Powiat koszalinski_West Pomeranian Voivodeship_PL,Polanow,PL,54.223719494114,16.52167139699
Polatsk_NaN_Vitebsk_BY,Polatsk,BY,55.534008990312,28.75544843427
Politika_Nomos Evvoias_Central Greece_GR,Politika,GR,38.60254880409663,23.59284682360021
Polski Trumbesh_Obshtina Polski Trumbesh_Veliko Turnovo_BG,Polski Trumbesh,BG,43.380408993291,25.641840468456
Poltsamaa_Poltsamaa linn_Jogevamaa_EE,Poltsamaa,EE,58.611983514076,25.926183212575
Polutla_Papantla_Veracruz_MX,Polutla,MX,20.52967482153189,-97.32124143680196
Polyarnyye Zori_NaN_Murmansk_RU,Polyarnyye Zori,RU,67.467059868142,32.426804976199
Pomarico_Provincia di Matera_Basilicate_IT,Pomarico,IT,40.580369619462,16.577038405183
Pombal_Pombal_Paraiba_BR,Pombal,BR,-6.9108666038599,-37.655414808358
Pomeroy_Garfield County_Washington_US,Pomeroy,US,46.013327939376,-117.42201677156
Pompeia_Pompeia_Sao Paulo_BR,Pompeia,BR,-22.34219112274,-50.148020412344
Ponazyrevo_NaN_Kostroma_RU,Ponazyrevo,RU,58.337926883795,46.166579440484
Ponchatoula_Tangipahoa Parish_Louisiana_US,Ponchatoula,US,30.253516547905,-90.402523474154
Pong_NaN_Phayao_TH,Pong,TH,19.129895810459,100.26649289393
Ponnamaravati_Pudukkottai_Tamil Nadu_IN,Ponnamaravati,IN,10.390960721636,78.397207023414
Ponnampet_Kodagu_Karnataka_IN,Ponnampet,IN,12.04954726026,75.831630086298
Pont-Hebert_Departement de la Manche_Lower Normandy_FR,Pont-Hebert,FR,49.236345114451,-1.1647309908954
Pont-Saint-Martin_Departement de la Loire-Atlantique_Pays de la Loire_FR,Pont-Saint-Martin,FR,47.135261812572,-1.5812323000606
Pont-en-Royans_Departement de l'Isere_Rhone-Alpes_FR,Pont-en-Royans,FR,45.007306258402,5.4413490501941
Ponta Grossa_Ponta Grossa_Parana_BR,Ponta Grossa,BR,-24.983118103759,-50.371653764178
Ponta do Sol_NaN_Ribeira Grande_CV,Ponta do Sol,CV,17.127853289526,-25.160607322776
Pontcharra_Departement de l'Isere_Rhone-Alpes_FR,Pontcharra,FR,45.410016635059,6.0090499857004
Ponte Nova_Ponte Nova_Minas Gerais_BR,Ponte Nova,BR,-20.346719420051016,-42.89925690057824
Ponte de Sor_Ponte de Sor_Portalegre_PT,Ponte de Sor,PT,39.194459604192,-8.0632347382689
Pontenx-les-Forges_Departement des Landes_Aquitaine_FR,Pontenx-les-Forges,FR,44.177999348336,-1.1284109413637
Pontianak_NaN_West Kalimantan_ID,Pontianak,ID,-0.042509645862919,109.48045541292
Ponzano_Provincia di Treviso_Veneto_IT,Ponzano,IT,45.717554715659,12.208467947806
Pop Shahri_NaN_Namangan_UZ,Pop Shahri,UZ,40.86227375015583,70.78638018204968
Popayan_NaN_Cauca_CO,Popayan,CO,2.413722105621,-76.54677486814
Poperinge_Provincie West-Vlaanderen_Flanders_BE,Poperinge,BE,50.822549966927,2.7313389070385
Poplarville_Pearl River County_Mississippi_US,Poplarville,US,30.897604941144,-89.474102903489
Popondetta_Sohe_Northern Province_PG,Popondetta,PG,-8.7571576086738,148.19525971985
Pora_NaN_East Nusa Tenggara_ID,Pora,ID,-8.6823164103293,120.31999371437
Porangatu_Porangatu_Goias_BR,Porangatu,BR,-13.041764669048,-49.173747601178
Porcupine_Shannon County_South Dakota_US,Porcupine,US,43.713333517719,-102.13574075051
Port Alfred_Cacadu District Municipality_Eastern Cape_ZA,Port Alfred,ZA,-33.688474751830306,26.64168001171664
Port Allen_West Baton Rouge Parish_Louisiana_US,Port Allen,US,30.446285531449,-91.239594901181
Port Arthur_Jefferson County_Texas_US,Port Arthur,US,29.764021100721,-93.763993332553
Port Barton_Province of Palawan_Mimaropa_PH,Port Barton,PH,10.5003362,119.2763382
Port Denison_NaN_Western Australia_AU,Port Denison,AU,-29.33961010489472,115.01141520675212
Port Douglas_Cairns_Queensland_AU,Port Douglas,AU,-16.56031805582,145.15444805588
Port Elizabeth_Nelson Mandela Bay Metropolitan Municipality_Eastern Cape_ZA,Port Elizabeth,ZA,-33.86544158151,25.504669308573
Port Fairy_Moyne_Victoria_AU,Port Fairy,AU,-38.147055555442,141.96549999955
Port Hadlock-Irondale_Jefferson County_Washington_US,Port Hadlock-Irondale,US,48.03797179108461,-122.76147972598106
Port Hawkesbury_NaN_Nova Scotia_CA,Port Hawkesbury,CA,45.612593472146,-61.17321470489
Port Hedland_Port Hedland_Western Australia_AU,Port Hedland,AU,-20.40699999993,118.70169444488
Port Isabel_Cameron County_Texas_US,Port Isabel,US,25.964015318927725,-97.22098488734464
Port Macquarie_Port Macquarie-Hastings_New South Wales_AU,Port Macquarie,AU,-31.458511719875,152.85266217196
Port Moresby_NaN_National Capital_PG,Port Moresby,PG,-9.0098503992667,147.01266819676
Port Nolloth_Namakwa District Municipality_Northern Cape_ZA,Port Nolloth,ZA,-29.286018212204,17.317011095961
Port Pirie_Port Pirie City and Dists_South Australia_AU,Port Pirie,AU,-32.995320905715,138.03612877501
Port Said_NaN_Muhafazat Bur Sa`id_EG,Port Said,EG,31.204120673728,32.293646473785
Port Sudan_NaN_Red Sea_SD,Port Sudan,SD,19.609542833333,37.221824638889
Port-Olry_NaN_Sanma_VU,Port-Olry,VU,-15.150369357252,167.11124041948
Port-Vila_NaN_Shefa_VU,Port-Vila,VU,-17.548641870344,168.34465920015
Portage la Prairie_NaN_Manitoba_CA,Portage la Prairie,CA,49.986340755372,-98.468813924627
Portiragnes_Departement de l'Herault_Languedoc-Roussillon_FR,Portiragnes,FR,43.279204985348,3.3148486915701
Portland_Glenelg_Victoria_AU,Portland,AU,-38.241611111783,141.62933333401
Porto Alegre_Porto Alegre_Rio Grande do Sul_BR,Porto Alegre,BR,-30.002816774838,-51.268646687343
Porto Franco_Porto Franco_Maranhao_BR,Porto Franco,BR,-5.9875970089611,-47.880210141849
Porto Novo_NaN_Porto Novo_CV,Porto Novo,CV,16.959516406533,-25.311632038528
Porto Real do Colegio_Porto Real Do Colegio_Alagoas_BR,Porto Real do Colegio,BR,-10.117100965636,-36.777671455382
Porto Velho_Porto Velho_Rondonia_BR,Porto Velho,BR,-8.811214286180219,-64.11506918031263
Portree_Highland_Scotland_GB,Portree,GB,57.245894985946,-5.8318783171263
Posio_Itae-Lappi_Lapland_FI,Posio,FI,66.144750799126,28.518275461116
Postrelmov_NaN_Olomoucky_CZ,Postrelmov,CZ,49.916571475302,16.879836256616
Potoci_NaN_Federation of Bosnia and Herzegovina_BA,Potoci,BA,43.4881802044,17.786059593602
Potters Bar_Hertfordshire_England_GB,Potters Bar,GB,51.703519100116,-0.17637605673908
Pouso Alegre_Pouso Alegre_Minas Gerais_BR,Pouso Alegre,BR,-22.315667589172,-45.90450924032
Powhatan_Powhatan County_Virginia_US,Powhatan,US,37.566219630265,-78.014155577627
Poxoreo_Poxoreo_Mato Grosso_BR,Poxoreo,BR,-15.959661670404422,-54.43770718242352
Pozhva_NaN_Perm_RU,Pozhva,RU,59.389323052166,56.129071397632
Prachuap Khiri Khan_NaN_Prachuap Khiri Khan_TH,Prachuap Khiri Khan,TH,11.920380013500733,99.81984712069875
Praia da Vitoria_Praia da Vitoria_Azores_PT,Praia da Vitoria,PT,38.75308257161,-27.085926018147
Prairie du Chien_Crawford County_Wisconsin_US,Prairie du Chien,US,43.014449657208,-91.1024836763
Pran Buri_NaN_Prachuap Khiri Khan_TH,Pran Buri,TH,12.35971467163,99.91348709951
Praslin_NaN_Praslin_LC,Praslin,LC,13.849646983117,-60.914116014091
Pratt_Pratt County_Kansas_US,Pratt,US,37.604476316872,-98.831170291254
Presidente Prudente_Presidente Prudente_Sao Paulo_BR,Presidente Prudente,BR,-22.175589482904,-51.355572215224
Presidente Venceslau_Presidente Venceslau_Sao Paulo_BR,Presidente Venceslau,BR,-21.873150582844,-51.750724738616
Presidio_Presidio County_Texas_US,Presidio,US,29.1674482,-103.6105908
Presque Isle_Aroostook County_Maine_US,Presque Isle,US,46.711114425922,-68.015830261306
Prigorodnyy_NaN_Orenburg_RU,Prigorodnyy,RU,51.769769317892,55.302054344386
Priladozhskiy_NaN_Leningrad_RU,Priladozhskiy,RU,59.65426215603947,31.37770676538349
Primorsk_NaN_Volgograd_RU,Primorsk,RU,49.30815560560266,44.85564341679436
Prince George_NaN_British Columbia_CA,Prince George,CA,54.05200103484332,-122.74351141741654
Princeville_NaN_Nova Scotia_CA,Princeville,CA,45.642322310905,-60.969599528547
Priozersk_NaN_NaN_KZ,Priozersk,KZ,45.77719388273575,73.39283677367183
Priyutnoye_NaN_Kalmykiya_RU,Priyutnoye,RU,46.223265277084,43.486302859104
Promna_Powiat bialobrzeski_Masovian Voivodeship_PL,Promna,PL,51.706416313175,21.0222763508
Proserpine_Whitsunday_Queensland_AU,Proserpine,AU,-20.732673051242,148.60777272302
Provost_NaN_Alberta_CA,Provost,CA,52.404915378036,-110.47395499747
Prozor_NaN_Federation of Bosnia and Herzegovina_BA,Prozor,BA,43.768964939879,17.674762152279
Prudenville_Roscommon County_Michigan_US,Prudenville,US,44.305319443205,-84.549794445906
Pryor_Mayes County_Oklahoma_US,Pryor,US,36.410666691419,-95.256169981373
Przeworno_Powiat strzelinski_Lower Silesian Voivodeship_PL,Przeworno,PL,50.652777534357,17.136212110519
Przygodzice_Powiat ostrowski_Greater Poland Voivodeship_PL,Przygodzice,PL,51.531878654205,17.850894935625
Pucon_Provincia de Cautin_Araucania_CL,Pucon,CL,-39.066577489075,-71.557085122476
Pudasjaervi_Oulunkaari_Northern Ostrobothnia_FI,Pudasjaervi,FI,65.394530072041,27.168389213387
Pudozh_NaN_Republic of Karelia_RU,Pudozh,RU,61.73894051237041,36.45567067996644
Pueblo Mayo_Navojoa_Sonora_MX,Pueblo Mayo,MX,27.276111214128,-109.66319964367
Pueblo Nuevo_Chepen_La Libertad_PE,Pueblo Nuevo,PE,-7.1731396674888,-79.689392858523
Puelches_NaN_La Pampa_AR,Puelches,AR,-37.98894909779255,-65.5609240050352
Puente Viesgo_Provincia de Cantabria_Cantabria_ES,Puente Viesgo,ES,43.352743499912,-3.9305277215428
Puente-Genil_Province of Cordoba_Andalusia_ES,Puente-Genil,ES,37.411905219244,-4.6933164966147
Puerto Aisen_Provincia de Aisen_Aisen_CL,Puerto Aisen,CL,-45.410521957503,-72.692350913239
Puerto Asis_NaN_Putumayo_CO,Puerto Asis,CO,-0.031374710899334,-76.166950147793
Puerto Ayora_NaN_Galapagos_EC,Puerto Ayora,EC,-0.61908793664522,-90.376581122963
Puerto Cabezas_NaN_Atlantico Norte (RAAN)_NI,Puerto Cabezas,NI,14.150922432685,-83.447702489316
Puerto Cisnes_Provincia de Aisen_Aisen_CL,Puerto Cisnes,CL,-44.434358211135,-72.594327059674
Puerto Francisco de Orellana_NaN_Orellana_EC,Puerto Francisco de Orellana,EC,-0.43542541914473,-76.20513233323
Puerto Guzman_NaN_Putumayo_CO,Puerto Guzman,CO,0.9169738693409,-76.578223760995
Puerto Maldonado_Provincia de Tambopata_Madre de Dios_PE,Puerto Maldonado,PE,-12.20147855611024,-68.61803372618911
Puerto Montt_Provincia de Llanquihue_Los Lagos_CL,Puerto Montt,CL,-41.438899400033,-72.955619507664
Puerto Padre_NaN_Las Tunas_CU,Puerto Padre,CU,21.13896110379,-76.716094462671
Puerto Penasco_Puerto Penasco_Sonora_MX,Puerto Penasco,MX,31.340186007444,-113.63359512019
Puerto San Jose_NaN_Escuintla_GT,Puerto San Jose,GT,13.920077509259732,-90.95834515065977
Puerto Tejada_NaN_Cauca_CO,Puerto Tejada,CO,3.1397960897062,-76.449970914495
Puerto Yerua_NaN_Entre Rios_AR,Puerto Yerua,AR,-31.547865889822,-58.189306144961
Pukalani_Maui County_Hawaii_US,Pukalani,US,20.847045099454,-156.34885682531
Punalu'u_Honolulu County_Hawaii_US,Punalu'u,US,21.567608921384,-157.87561628097
Punaluu_Honolulu County_Hawaii_US,Punaluu,US,21.575418190689,-157.87946350141
Punkalaidun_Lounais-Pirkanmaa_Pirkanmaa_FI,Punkalaidun,FI,61.021182921305,23.171152503551
Punta Arenas_Provincia de Magallanes_Magallanes_CL,Punta Arenas,CL,-53.107380555556,-70.879505555556
Punta Gorda_NaN_Toledo_BZ,Punta Gorda,BZ,16.252897100077,-88.891127075601
Puolanka_Kehys-Kainuu_Kainuu_FI,Puolanka,FI,64.824329101396,27.93625938953
Purwodadi_NaN_Central Java_ID,Purwodadi,ID,-7.2033802685353,110.8953059319
Pushkinskiye Gory_NaN_Pskov_RU,Pushkinskiye Gory,RU,57.05884831571561,28.896075984299017
Pustoshka_NaN_Pskov_RU,Pustoshka,RU,56.342701147663,29.35254514413
Puteyets_NaN_Komi Republic_RU,Puteyets,RU,65.128987080669,57.128808003358
Puyang_NaN_Henan Sheng_CN,Puyang,CN,35.74669615027673,115.00344599409968
Pyaozerskiy_NaN_Republic of Karelia_RU,Pyaozerskiy,RU,65.687240411005,30.524539902345
Pyapon_NaN_Ayeyarwady_MM,Pyapon,MM,16.316648532652,95.677748035004
Pyhaeselkae_Joensuu_North Karelia_FI,Pyhaeselkae,FI,62.436761113743,30.030558746919
Pyin Oo Lwin_Pyin Oo Lwin District_Mandalay_MM,Pyin Oo Lwin,MM,22.288651944444457,96.70537527777778
Pyongyang_NaN_Pyongyang_KP,Pyongyang,KP,39.031159166363,125.75661918267
Pyskowice_Powiat gliwicki_Silesian Voivodeship_PL,Pyskowice,PL,50.431655453136,18.610297805263
Pyt-Yakh_NaN_Khanty-Mansiyskiy Avtonomnyy Okrug_RU,Pyt-Yakh,RU,60.433025119373,72.287575356307
Qacha's Nek_NaN_Qacha's Nek_LS,Qacha's Nek,LS,-30.148510159333,28.67476590164
Qarazhal_NaN_Qaraghandy_KZ,Qarazhal,KZ,48.47108250746214,70.16133309938661
Qarqi_NaN_Xinjiang Uygur Zizhiqu_CN,Qarqi,CN,41.256167803342976,81.36766560219684
Qax_NaN_Qakh Rayon_AZ,Qax,AZ,41.38309308038,46.923610156269
Qazax_NaN_Qazax_AZ,Qazax,AZ,41.086205109406,45.349311583387
Qeladize_NaN_As Sulaymaniyah_IQ,Qeladize,IQ,36.020052355407,45.166067593368
Qianfeng_NaN_Shanxi Sheng_CN,Qianfeng,CN,37.807087862133,112.54530356989
Qingyang_NaN_Shandong Sheng_CN,Qingyang,CN,37.48829386369523,121.26715480872733
Qinhong_NaN_Jiangsu Sheng_CN,Qinhong,CN,32.02072572964929,118.78396708086436
Qiryat Yam_NaN_Haifa_IL,Qiryat Yam,IL,32.863455476892,35.104056603346
Qobustan_NaN_Baki_AZ,Qobustan,AZ,40.08497282011,49.400141580898
Qom_NaN_Qom_IR,Qom,IR,34.723025930181,50.700493524044
Quan Chin_NaN_Ho Chi Minh City_VN,Quan Chin,VN,10.827049727313,106.8239588099
Quan Hanh_NaN_Nghe An_VN,Quan Hanh,VN,18.770767519348,105.63195979959
Quan Muoi Mot_NaN_Ho Chi Minh City_VN,Quan Muoi Mot,VN,10.769615453319,106.63501740079
Quan Tan Phu_NaN_Ho Chi Minh City_VN,Quan Tan Phu,VN,10.773060044843,106.62311782187
Quartucciu_Provincia di Cagliari_Sardinia_IT,Quartucciu,IT,39.221409998196,9.1884011026825
Quattro Strade_Province of Pisa_Tuscany_IT,Quattro Strade,IT,43.727681234737,10.674166887007
Quchan_NaN_Razavi Khorasan_IR,Quchan,IR,37.116534178288,58.458223268061
Queenstown_Queenstown-Lakes District_Otago_NZ,Queenstown,NZ,-44.90013272273972,168.4080077601396
Queenstown_West Coast_Tasmania_AU,Queenstown,AU,-42.067083335842,145.53616667467
Quehue_Provincia de Canas_Cusco_PE,Quehue,PE,-14.37636254611,-71.480932265373
Quelimane_NaN_Zambezia_MZ,Quelimane,MZ,-17.36140406857,37.227030347554
Quepos_NaN_Puntarenas_CR,Quepos,CR,9.4303593093212,-84.118342242606
Quesada_NaN_Alajuela_CR,Quesada,CR,10.336659007153,-84.415618467385
Quesnel_NaN_British Columbia_CA,Quesnel,CA,53.06698350000013,-121.5168080999985
Qui Nhon_NaN_Binh Dinh_VN,Qui Nhon,VN,13.779637126107,109.22879788859
Quibala_NaN_Cuanza Sul_AO,Quibala,AO,-10.292016673775,14.813525002298
Quince Mil_Provincia de Quispicanchis_Cusco_PE,Quince Mil,PE,-12.667166458097,-70.304545720424
Quincy_Grant County_Washington_US,Quincy,US,47.196639357016,-119.9396156148
Quinhamel_NaN_Biombo_GW,Quinhamel,GW,12.0723493,-15.71941729997223
Quinton_Pittsburg County_Oklahoma_US,Quinton,US,35.0898031716696,-95.34527388368592
Quiruvilca_Provincia de Santiago de Chuco_La Libertad_PE,Quiruvilca,PE,-8.0045060786525,-78.319948253583
Quito-Arma_Huaytara_Huancavelica_PE,Quito-Arma,PE,-13.60149331715,-75.369195007156
Quito_NaN_Pichincha_EC,Quito,EC,-0.27294576089264,-78.509436712107
Quixada_Quixada_Ceara_BR,Quixada,BR,-4.9537299938928,-39.028361333682
Qurghonteppa_NaN_Khatlon_TJ,Qurghonteppa,TJ,37.840089673083,68.771844518373
Qushkupir_NaN_Xorazm_UZ,Qushkupir,UZ,41.560365714964,60.343057802355
Qusmuryn_NaN_Qostanay_KZ,Qusmuryn,KZ,52.524828568615,64.043238699034
Quthbullapur_Rangareddi_Telangana_IN,Quthbullapur,IN,17.560652462998,78.430762363362
Quthing_NaN_Quthing_LS,Quthing,LS,-30.229759151435,27.902847613159
Qutqashen_NaN_Qabala Rayon_AZ,Qutqashen,AZ,40.929262565149,47.784302947557
Raahe_Raahe_Northern Ostrobothnia_FI,Raahe,FI,64.658796768426,24.466390320199
Rabaul_NaN_East New Britain_PG,Rabaul,PG,-3.3897180155943,151.86250463718
Rabigh_NaN_Makkah_SA,Rabigh,SA,22.809340609849,38.944817087011
Rabo de Peixe_Ribeira Grande_Azores_PT,Rabo de Peixe,PT,37.752557049794,-25.52443912752
Radkow_Powiat klodzki_Lower Silesian Voivodeship_PL,Radkow,PL,50.504938332144,16.4595166619
Radziejowice_Powiat zyrardowski_Masovian Voivodeship_PL,Radziejowice,PL,52.045398510669,20.544354899772
Radzilow_Powiat grajewski_Podlasie_PL,Radzilow,PL,53.47323200895,22.502678006726
Raettvik_Rattviks Kommun_Dalarna_SE,Raettvik,SE,60.948432528122,15.232091298291
Raglan_Waikato District_Waikato_NZ,Raglan,NZ,-38.03253378522153,174.84144378463895
Raia_South Goa_Goa_IN,Raia,IN,15.339475511712,73.971166300394
Rajahmundry_East Godavari_Andhra Pradesh_IN,Rajahmundry,IN,16.944567686851,81.781049306739
Rajpur_Barwani_Madhya Pradesh_IN,Rajpur,IN,21.814776859784,75.178183683059
Rakaia_Ashburton District_Canterbury_NZ,Rakaia,NZ,-43.804841600021,171.92649815057
Rakops_NaN_Central_BW,Rakops,BW,-21.282031296376,23.699176096107
Ralston_Douglas County_Nebraska_US,Ralston,US,41.248619773976,-96.093877500739
Ramberg_Flakstad_Nordland_NO,Ramberg,NO,68.07946338445173,13.237162745445556
Rammun_NaN_West Bank_PS,Rammun,PS,31.926531406997,35.3177748964
Ramnas_Surahammars Kommun_Vaestmanland_SE,Ramnas,SE,59.901901203493,16.047484836428
Ramnicelu_Comuna Ramnicelu_Buzau_RO,Ramnicelu,RO,45.38831447042205,27.14601124406761
Ramos Arizpe_Ramos Arizpe_Coahuila_MX,Ramos Arizpe,MX,25.559828244497027,-100.92977111636998
Ramotswa_NaN_South East_BW,Ramotswa,BW,-24.797971183213,25.819872507249
Ramsar_NaN_Mazandaran_IR,Ramsar,IR,36.942090498859,50.645492584426
Ranchi_Ranchi_Jharkhand_IN,Ranchi,IN,23.349702793194,85.292193047828
Randa_Evenes_Nordland_NO,Randa,NO,68.54232857793603,17.213106151403565
Randaberg_Randaberg_Rogaland_NO,Randaberg,NO,58.972823065324,5.6130270821463
Randfontein_West Rand District Municipality_Gauteng_ZA,Randfontein,ZA,-26.010586619815,27.562180972982
Randudongkal_NaN_Central Java_ID,Randudongkal,ID,-7.0930040025857,109.3147979987
Ranemsletta_Overhalla_Nord-Trondelag_NO,Ranemsletta,NO,64.172324616922,11.820965957237
Ranerou_NaN_Matam_SN,Ranerou,SN,15.193465997095077,-14.215611722710925
Rangpur_NaN_Rangpur Division_BD,Rangpur,BD,25.784673925973,89.213564799795
Raniye_NaN_As Sulaymaniyah_IQ,Raniye,IQ,36.283845962512,44.825854565779
Ranohira_NaN_Ihorombe_MG,Ranohira,MG,-22.697431765038,45.219493749113
Ranong_NaN_Ranong_TH,Ranong,TH,9.8883530935556,98.627924478488
Ranua_Rovaniemi_Lapland_FI,Ranua,FI,65.819239740178,26.549112912062
Rasony_NaN_Vitebsk_BY,Rasony,BY,55.888951117915,28.574214483464
Ratnagiri_Ratnagiri_Maharashtra_IN,Ratnagiri,IN,17.107397782296,73.286354622037
Ratodero_NaN_Sindh_PK,Ratodero,PK,27.815368744921216,68.22033730005352
Raton_Colfax County_New Mexico_US,Raton,US,36.849003806416,-104.44203571925
Rautavaara_Koillis-Savo_Northern Savo_FI,Rautavaara,FI,63.553527605713,28.38157852395
Ravensthorpe_Ravensthorpe_Western Australia_AU,Ravensthorpe,AU,-33.257750001291,119.75088888754
Rawannawi Village_Marakei_Gilbert Islands_KI,Rawannawi Village,KI,1.8898772863096,172.97676937958
Rawlins_Carbon County_Wyoming_US,Rawlins,US,41.713948668484,-107.79276925969
Raymond_Pacific County_Washington_US,Raymond,US,46.762224812973,-123.75419398055
Rayside-Balfour_NaN_Ontario_CA,Rayside-Balfour,CA,46.671854101921,-81.539237576521
Razumnoye_NaN_Belgorod_RU,Razumnoye,RU,50.709182945508,36.770691003682
Reconquista_Departamento de General Obligado_Santa Fe_AR,Reconquista,AR,-29.161484095099,-59.651991109872
Red Lodge_Carbon County_Montana_US,Red Lodge,US,45.068597707179,-109.03700590867
Redkey_Jay County_Indiana_US,Redkey,US,40.33516488058,-85.174804861757
Reduzum_Gemeente Boarnsterhim_Friesland_NL,Reduzum,NL,53.107481399974,5.7938980966951
Reed City_Osceola County_Michigan_US,Reed City,US,43.97141408107,-85.512661500589
Reed Creek_Hart County_Georgia_US,Reed Creek,US,34.442016847001,-82.992897132387
Rees_NaN_North Rhine-Westphalia_DE,Rees,DE,51.713762563505945,6.380922332293882
Refojos de Basto_Cabeceiras de Basto_Braga_PT,Refojos de Basto,PT,41.494975018822,-8.012971182718
Regente Feijo_Regente Feijo_Sao Paulo_BR,Regente Feijo,BR,-22.240411909269,-51.335576179637
Rejowiec_Powiat chelmski_Lublin Voivodeship_PL,Rejowiec,PL,51.123471768331,23.344455733872
Relizane_NaN_Relizane_DZ,Relizane,DZ,35.927013808215,0.42487111042663
Remchi_NaN_Tlemcen_DZ,Remchi,DZ,34.978821094362,-1.454619474178
Remedios_NaN_Villa Clara_CU,Remedios,CU,22.480620659611,-79.625593554086
Remire-Montjoly_Guyane_Guyane_GF,Remire-Montjoly,GF,4.9058045335726,-52.302703551835
Renfrew_NaN_Ontario_CA,Renfrew,CA,45.532797226035,-76.969122229209
Renigunta_Chittoor_Andhra Pradesh_IN,Renigunta,IN,13.741750936622,79.682670863895
Renovo_Clinton County_Pennsylvania_US,Renovo,US,41.2722189051,-77.598280942053
Rensvik_Kristiansund_More og Romsdal_NO,Rensvik,NO,62.989830962285,7.851297297021
Renville_Renville County_Minnesota_US,Renville,US,44.788911736408,-95.242489243882
Reo_Province du Sanguie_Centre-Ouest_BF,Reo,BF,12.216689334267,-2.4879960445705
Resadiye_NaN_Bitlis_TR,Resadiye,TR,38.435143433697,42.561627704048
Reserve_Catron County_New Mexico_US,Reserve,US,34.35632707249489,-108.48375617225922
Retkovci_NaN_Vukovarsko-Srijemska_HR,Retkovci,HR,45.249082514637,18.663714559315
Rettikhovka_NaN_Primorskiy_RU,Rettikhovka,RU,44.227941395031,132.71370000098
Rexburg_Madison County_Idaho_US,Rexburg,US,43.776637307004,-111.83177684318
Reydarfjoerdur_NaN_East_IS,Reydarfjoerdur,IS,64.716006938197,-14.324487159747
Reynella_Onkaparinga_South Australia_AU,Reynella,AU,-35.129626786795,138.5852963729
Rezekne_NaN_Rezekne_LV,Rezekne,LV,56.468023385319,27.3767880982
Riacho de Santana_Riacho De Santana_Bahia_BR,Riacho de Santana,BR,-13.802898936881,-42.918816392555
Ribadesella_Province of Asturias_Asturias_ES,Ribadesella,ES,43.421805974179,-5.0875499958296
Ricardo_Kleberg County_Texas_US,Ricardo,US,27.32561149664704,-97.82274797872304
Richland_Benton County_Washington_US,Richland,US,46.207860221131,-119.26403398765
Richmond_Berkshire County_Massachusetts_US,Richmond,US,42.473378429867,-73.431388502365
Rigaud_Monteregie_Quebec_CA,Rigaud,CA,45.493144560725,-74.409117479094
Riipua_NaN_East Nusa Tenggara_ID,Riipua,ID,-8.7072969226503,122.08791094393
Rimavska Sobota_NaN_Banskobystricky_SK,Rimavska Sobota,SK,48.428553088656,20.182442269247
Rincon de Romos_NaN_Aguascalientes_MX,Rincon de Romos,MX,22.245082855189,-102.29406595156
Rincon del Porvenir_Mexquitic de Carmona_San Luis Potosi_MX,Rincon del Porvenir,MX,22.33504569088,-101.21143742979
Ringkobing_Ringkobing-Skjern Kommune_Central Jutland_DK,Ringkobing,DK,56.153559534245,8.3073358424716
Rio Branco_NaN_Cerro Largo_UY,Rio Branco,UY,-33.002131431756,-52.825696508839
Rio Brilhante_Rio Brilhante_Mato Grosso do Sul_BR,Rio Brilhante,BR,-21.615057598906,-54.434761204027
Rio Bueno_Provincia del Ranco_Los Rios_CL,Rio Bueno,CL,-40.275622561264,-72.963222649214
Rio Campo_NaN_NaN_GQ,Rio Campo,GQ,2.5640529327865,9.8276298580671
Rio Cauto_NaN_Granma_CU,Rio Cauto,CU,20.667488958541,-76.884925917731
Rio Gallegos_NaN_Santa Cruz_AR,Rio Gallegos,AR,-51.685837987961,-69.649705778896
Rio Grande_NaN_Tierra del Fuego_AR,Rio Grande,AR,-54.126369490675,-67.273344306185
Rio Grande_NaN_Zacatecas_MX,Rio Grande,MX,23.785932925277,-103.01478507937
Rio Grande_Provincia de Palpa_Ica_PE,Rio Grande,PE,-14.518325365634,-75.213191190425
Rio Grande_Rio Grande_Rio Grande do Sul_BR,Rio Grande,BR,-31.905584920139,-51.927518694298
Rio Pico_NaN_Chubut_AR,Rio Pico,AR,-44.237655756993,-71.715825811135
Rio Rico_Santa Cruz County_Arizona_US,Rio Rico,US,31.472397803796,-110.99879731393
Rio Turbio_NaN_Santa Cruz_AR,Rio Turbio,AR,-51.06511762949,-72.998104675376
Rio de Janeiro_Rio De Janeiro_Rio de Janeiro_BR,Rio de Janeiro,BR,-22.798789300465,-43.185813151539
Rio do Sul_Rio Do Sul_Santa Catarina_BR,Rio do Sul,BR,-27.285782804568,-49.80557475648
Riohacha_NaN_La Guajira_CO,Riohacha,CO,11.542727785235,-72.924405559969
Rishikesh_Dehradun_Uttarakhand_IN,Rishikesh,IN,30.125316281248,78.330619322678
Rising Sun_Cecil County_Maryland_US,Rising Sun,US,39.646103232195,-76.085605195945
Ristijaervi_Kajaani_Kainuu_FI,Ristijaervi,FI,64.381027549918,28.106187428005
Ristinummi_Vaasa_Ostrobothnia_FI,Ristinummi,FI,63.16165123599351,21.87857492062228
Rivers_NaN_Manitoba_CA,Rivers,CA,50.375358296011,-100.27725782218
Riverton_Fremont County_Wyoming_US,Riverton,US,42.998978156131,-108.37559626401
Riverton_Southland District_Southland_NZ,Riverton,NZ,-46.02227583333333,167.78748055555556
Riviere-Rouge_Laurentides_Quebec_CA,Riviere-Rouge,CA,46.36617229721584,-74.82056966800408
Riyadh_NaN_Ar Riyad_SA,Riyadh,SA,24.73851085441187,46.63466520385081
Rizokarpaso_NaN_Ammochostos_CY,Rizokarpaso,CY,35.59353087167764,34.3587740278386
Rjukan_Tinn_Telemark_NO,Rjukan,NO,60.12719779317031,8.679534939341607
Road Town_NaN_NaN_VG,Road Town,VG,18.42470920659,-64.642238129492
Roback_Umea Kommun_Vaesterbotten_SE,Roback,SE,63.716689574237,20.069771878058
Robertsfors_Robertsfors Kommun_Vaesterbotten_SE,Robertsfors,SE,64.236465995651,21.064480986771
Rocafuerte_NaN_Manabi_EC,Rocafuerte,EC,-0.89869669509328,-80.501285576564
Roche-a-Bateau_NaN_Sud_HT,Roche-a-Bateau,HT,18.191461036674,-74.019369191198
Rochester_Oakland County_Michigan_US,Rochester,US,42.701466909628,-83.107148291802
Rockaway Beach_Tillamook County_Oregon_US,Rockaway Beach,US,45.7047040253,-123.88520059387
Rockhampton_Rockhampton_Queensland_AU,Rockhampton,AU,-23.400501891562,150.50387287452
Rockmart_Polk County_Georgia_US,Rockmart,US,34.008411978141,-85.006882616019
Rockville_Stearns County_Minnesota_US,Rockville,US,45.334278937338,-94.301689128574
Rognan_Saltdal_Nordland_NO,Rognan,NO,66.788080785817,15.458917096372
Rogoznica_NaN_Sibensko-Kniniska_HR,Rogoznica,HR,43.580406848855,16.053152541413
Rohri_NaN_Sindh_PK,Rohri,PK,27.50749515152342,69.12300292922735
Roi Et_NaN_Roi Et_TH,Roi Et,TH,16.061646852085,103.69929016974
Rokiya_NaN_Xinjiang Uygur Zizhiqu_CN,Rokiya,CN,37.442751358599,82.818683786871
Rolla_Phelps County_Missouri_US,Rolla,US,37.875809178378,-91.943700464828
Roma_Maranoa_Queensland_AU,Roma,AU,-26.496995582906,147.97956068668
Rome_Citta metropolitana di Roma Capitale_Latium_IT,Rome,IT,41.958982315632,12.50594343372
Ron Phibun_NaN_Nakhon Si Thammarat_TH,Ron Phibun,TH,8.1399352284288,99.835915771974
Rondonopolis_Rondonopolis_Mato Grosso_BR,Rondonopolis,BR,-16.235666238282978,-54.52318779912464
Rong Kwang_NaN_Phrae_TH,Rong Kwang,TH,18.373482939677,100.41679068339
Ronne_Bornholm Kommune_Capital Region_DK,Ronne,DK,55.259068051308,14.811668722478
Rons_Politischer Bezirk Feldkirch_Vorarlberg_AT,Rons,AT,47.214530172481,9.6897706695604
Roorkee_Haridwar_Uttarakhand_IN,Roorkee,IN,29.900720602401,77.969589273879
Roquetas de Mar_Provincia de Almeria_Andalusia_ES,Roquetas de Mar,ES,36.748178382882,-2.609949571963
Rorvik_Vikna_Nord-Trondelag_NO,Rorvik,NO,64.809783900004,11.359855650018
Rosales_Province of Pangasinan_Ilocos_PH,Rosales,PH,15.870921665991,120.62350666721
Rosario do Sul_Rosario Do Sul_Rio Grande do Sul_BR,Rosario do Sul,BR,-30.403480008592123,-55.04248208360907
Rosario_Province of Agusan del Sur_Caraga_PH,Rosario,PH,8.385149594887,126.00074448731
Rose Lodge_Lincoln County_Oregon_US,Rose Lodge,US,45.06250767204963,-123.91126417484162
Rosenberg_Fort Bend County_Texas_US,Rosenberg,US,29.59431951807,-95.811363376941
Roses_Provincia de Girona_Catalonia_ES,Roses,ES,42.234534275321,3.2116007007982
Rosetown_NaN_Saskatchewan_CA,Rosetown,CA,51.682201306802,-108.01218361633
Roshchino_NaN_Chelyabinsk_RU,Roshchino,RU,55.191445914596,61.17974426595
Rossland_NaN_British Columbia_CA,Rossland,CA,49.266083357083,-117.93685626065
Rossosh'_NaN_Voronezj_RU,Rossosh',RU,50.18612473874864,39.58792439848014
Roswell_Chaves County_New Mexico_US,Roswell,US,33.51318589728,-104.51953037913
Rothesay_Argyll and Bute_Scotland_GB,Rothesay,GB,55.748647162225,-5.0506114871936
Rotorua_Rotorua District_Bay of Plenty_NZ,Rotorua,NZ,-38.351144999129,176.14471500879
Rousinov_NaN_South Moravian_CZ,Rousinov,CZ,49.211795424323,16.917151722088
Rouvroy_Province du Luxembourg_Wallonia_BE,Rouvroy,BE,49.538447123772,5.4983873740809
Rouyn-Noranda_Abitibi-Temiscamingue_Quebec_CA,Rouyn-Noranda,CA,48.226292334923,-79.005458434732
Rovaniemi_Rovaniemi_Lapland_FI,Rovaniemi,FI,66.994231388516,25.249841388889
Roxas_Province of Isabela_Cagayan Valley_PH,Roxas,PH,17.113777281586927,121.61531254762409
Roxboro_Person County_North Carolina_US,Roxboro,US,36.367657088875,-78.982676595241
Royrvik_Royrvik_Nord-Trondelag_NO,Royrvik,NO,64.77498200462,14.042218003532
Rubik_Rrethi i Mirdites_Lezhe_AL,Rubik,AL,41.726926744926,19.781908255092
Rubirizi_Rubirizi District_Western Region_UG,Rubirizi,UG,-0.21140827474156,29.966797631263
Rudnichnyy_NaN_Sverdlovsk_RU,Rudnichnyy,RU,59.505880025173,60.224794898248
Rudnyy_NaN_Qostanay_KZ,Rudnyy,KZ,52.973162217535,63.141043246189
Rudsar_NaN_Gilan_IR,Rudsar,IR,37.04894952373016,50.41300049494529
Rueso_NaN_Narathiwat_TH,Rueso,TH,6.3810847988171,101.44851933654
Ruffre_Provincia di Trento_Trentino-Alto Adige_IT,Ruffre,IT,46.432820331232,11.210056965649
Rufino_NaN_Santa Fe_AR,Rufino,AR,-34.278809476549,-62.690506026993
Ruidoso_Lincoln County_New Mexico_US,Ruidoso,US,33.417966198511,-105.67003579917
Rujewa_NaN_Mbeya_TZ,Rujewa,TZ,-8.7718982262136,34.421227458549
Rukungiri_Rukungiri District_Western Region_UG,Rukungiri,UG,-0.77206059999809,29.821298199998
Rumoi_NaN_Hokkaido_JP,Rumoi,JP,44.48438661428943,141.764847426647
Rumonge_NaN_Bururi_BI,Rumonge,BI,-4.4280272826093,28.85964208585
Rumung_Rumung Municipality_Yap_FM,Rumung,FM,9.573211152594766,138.1607006927554
Ruokolahti_Imatra_South Karelia_FI,Ruokolahti,FI,61.563248415723,28.80693273268
Rupert_Minidoka County_Idaho_US,Rupert,US,42.56954505720199,-113.51853291058218
Rurrenabaque_NaN_El Beni_BO,Rurrenabaque,BO,-14.083995917718584,-67.86894296097525
Rushon_NaN_Gorno-Badakhshan_TJ,Rushon,TJ,37.930640493537,71.2877316852
Rushville_Sheridan County_Nebraska_US,Rushville,US,42.604678095172,-102.69435054717
Russell_Russell County_Kansas_US,Russell,US,39.058089987763,-98.534282170841
Rust'avi_NaN_Kvemo Kartli_GE,Rust'avi,GE,41.541183323555,45.036411562296
Rustburg_Campbell County_Virginia_US,Rustburg,US,37.187198483869,-79.082814357275
Ryabovo_NaN_Leningrad_RU,Ryabovo,RU,59.58045138801281,31.226586325843307
Ryegate_Golden Valley County_Montana_US,Ryegate,US,46.299597744776,-109.03875097103
Rygge_Rygge_Ostfold_NO,Rygge,NO,59.396583894821,10.729673199124
Ryki_Powiat rycki_Lublin Voivodeship_PL,Ryki,PL,51.646707982675,21.904922023814
Ryman_Powiat kolobrzeski_West Pomeranian Voivodeship_PL,Ryman,PL,53.87097965439239,15.568783862498966
Rypefjord_Hammerfest_Finnmark Fylke_NO,Rypefjord,NO,70.61572322007737,23.643073499348084
Rzasnik_Powiat wyszkowski_Masovian Voivodeship_PL,Rzasnik,PL,52.713909587288,21.366949976302
Rzhev_NaN_Tverskaya_RU,Rzhev,RU,56.286758432846,34.304947142087
Saaban_Province of Mindoro Oriental_Mimaropa_PH,Saaban,PH,13.092614996071,121.32662600666
Sacele_Comuna Sacele_Constanta_RO,Sacele,RO,44.468006573209,28.652893720644
Sackets Harbor_Jefferson County_New York_US,Sackets Harbor,US,44.078333256139,-76.226938727228
Saclas_Departement de l'Essonne_Ile-de-France_FR,Saclas,FR,48.387092810595,2.1254878506179
Sadanga_Mountain Province_Cordillera_PH,Sadanga,PH,17.166965403835,121.04438959743
Sadjoavato_NaN_Diana_MG,Sadjoavato,MG,-13.197961436533,49.76471731875
Sadovoye_NaN_Kalmykiya_RU,Sadovoye,RU,48.075047000096,44.165883000827
Saevja_Uppsala Kommun_Uppsala_SE,Saevja,SE,59.873904428709,17.831606922985
Safi_NaN_Karak_JO,Safi,JO,31.005877612527,35.462317382001
Safi_NaN_Safi_MT,Safi,MT,35.828658697603,14.483163160736
Sagaing_NaN_Sagain_MM,Sagaing,MM,21.737876492953,95.962369179246
Sagar_Sagar_Madhya Pradesh_IN,Sagar,IN,23.844720201489,78.732722279431
Saguache_Saguache County_Colorado_US,Saguache,US,38.144437123306,-105.88291139982
Sagvag_Stord_Hordaland_NO,Sagvag,NO,59.818964760751,5.3637920925166
Sahab_NaN_Amman_JO,Sahab,JO,31.80624465923129,35.99272111093601
Saham_NaN_Al Batinah_OM,Saham,OM,24.257261909541,56.808557168604
Sai Buri_NaN_Pattani_TH,Sai Buri,TH,6.6848416274826,101.54764406473
Sai Yok_NaN_Kanchanaburi_TH,Sai Yok,TH,13.912712868479,99.151152146791
Saida_NaN_Saida_DZ,Saida,DZ,34.960301212981,0.17056101310428
Saiki_NaN_Oita_JP,Saiki,JP,32.86139381565771,131.94819136802514
Saint George's_NaN_Saint George_GD,Saint George's,GD,12.013638289575,-61.77473631643
Saint George_NaN_Saint George_BM,Saint George,BM,32.341301157358,-64.708590103915
Saint Helen_Roscommon County_Michigan_US,Saint Helen,US,44.288770989067,-84.344775899189
Saint Ignace_Mackinac County_Michigan_US,Saint Ignace,US,45.87848594659,-84.832489294673
Saint Joseph_Champaign County_Illinois_US,Saint Joseph,US,40.120205316867,-88.03981235927
Saint Paul_Howard County_Nebraska_US,Saint Paul,US,41.192571810144,-98.423644719969
Saint-Bauzille-de-Putois_Departement de l'Herault_Languedoc-Roussillon_FR,Saint-Bauzille-de-Putois,FR,43.842928003896,3.7426787335931
Saint-Bruno-de-Guigues_Abitibi-Temiscamingue_Quebec_CA,Saint-Bruno-de-Guigues,CA,47.73784367947,-79.423152756348
Saint-Francois_Guadeloupe_Guadeloupe_GP,Saint-Francois,GP,16.267487512694,-61.306422366983
Saint-Genix-sur-Guiers_Departement de la Savoie_Rhone-Alpes_FR,Saint-Genix-sur-Guiers,FR,45.618968891799,5.6103272489408
Saint-Hilaire-Petitville_Departement de la Manche_Lower Normandy_FR,Saint-Hilaire-Petitville,FR,49.362097451251,-1.1926882942973
Saint-Laurent-du-Maroni_Guyane_Guyane_GF,Saint-Laurent-du-Maroni,GF,5.4888591006953,-54.018870770366
Saint-Louis_NaN_Saint-Louis_SN,Saint-Louis,SN,16.23226175327869,-16.229410371311474
Saint-Maurice-de-Lignon_Departement de la Haute-Loire_Auvergne_FR,Saint-Maurice-de-Lignon,FR,45.218003001987,4.1335220046071
Sainte-Anne_Guadeloupe_Guadeloupe_GP,Sainte-Anne,GP,16.250118807063,-61.436411155278
Sainte-Catherine_NaN_Quebec_CA,Sainte-Catherine,CA,46.334467324221,-72.640455256664
Sainte-Helene_Departement de la Gironde_Aquitaine_FR,Sainte-Helene,FR,44.937779830276,-0.82789902935226
Sainte-Menehould_Departement de la Marne_Champagne-Ardenne_FR,Sainte-Menehould,FR,49.072168199293,4.8853910315327
Sairam_NaN_Xinjiang Uygur Zizhiqu_CN,Sairam,CN,41.37971375258836,82.01469064162944
Sakaraha_NaN_Atsimo-Andrefana_MG,Sakaraha,MG,-22.916523847997,44.513348474963
Saken Seyfullin_NaN_Qaraghandy_KZ,Saken Seyfullin,KZ,48.89809390051782,72.41504806861822
Saladas_Departamento de Saladas_Corrientes_AR,Saladas,AR,-28.358072691179,-58.412518695328004
Salalah_NaN_Zufar_OM,Salalah,OM,17.64155964112599,53.95474676944307
Salavat_NaN_Bashkortostan_RU,Salavat,RU,53.313873114156,55.877121921722
Sale Creek_Hamilton County_Tennessee_US,Sale Creek,US,35.341608073786,-85.193586308358
Salem_Marion County_Illinois_US,Salem,US,38.520390947284,-88.917182127725
Salem_McCook County_South Dakota_US,Salem,US,43.666407704937,-97.204366708625
Salgado_Salgado_Sergipe_BR,Salgado,BR,-11.116716266514,-37.377099137184
Saligao_North Goa_Goa_IN,Saligao,IN,15.569001003739,73.784142984647
Salima_Salima District_Central Region_MW,Salima,MW,-13.751794058075,34.243134358187
Salitrillos_NaN_San Jose_CR,Salitrillos,CR,9.8122710999892,-84.114766000008
Salles_Departement de la Gironde_Aquitaine_FR,Salles,FR,44.595207424791,-0.84040412581208
Salmo_NaN_British Columbia_CA,Salmo,CA,49.191604712339,-117.33791557972
Salmon_Lemhi County_Idaho_US,Salmon,US,45.715232327715,-113.92194406036
Salmour_Provincia di Cuneo_Piedmont_IT,Salmour,IT,44.586403602924,7.75226746957
Salo_Salo_Varsinais-Suomi_FI,Salo,FI,60.326252734393,23.113024823871
Saloglu_NaN_Agstafa_AZ,Saloglu,AZ,41.246207117639,45.254549882358
Salor_NaN_Toshkent_UZ,Salor,UZ,41.379994961424224,69.2822121425325
Salsacate_NaN_Cordoba_AR,Salsacate,AR,-31.374901674745,-65.344486402761
Saltpond_NaN_Central_GH,Saltpond,GH,5.2775515388793,-0.92668632297085
Salur_Vizianagaram District_Andhra Pradesh_IN,Salur,IN,18.270892774465,82.966337556095
Salvacion_Province of Palawan_Mimaropa_PH,Salvacion,PH,12.102163371315,119.98450812461
Salym_NaN_Khanty-Mansiyskiy Avtonomnyy Okrug_RU,Salym,RU,60.096003309001,71.518032790015
Samarinda_NaN_East Kalimantan_ID,Samarinda,ID,-0.44440292522132,117.21105201748
Same_NaN_Manufahi_TL,Same,TL,-8.93170549997222,125.9637319999722
Samfya_NaN_Luapula_ZM,Samfya,ZM,-11.141179909548176,29.59315186679337
Sami_NaN_Central River_GM,Sami,GM,13.579475770992,-15.227564280713
Samoded_NaN_Arkhangelskaya_RU,Samoded,RU,63.61284607684918,40.604014030288006
Samoeng_NaN_Chiang Mai_TH,Samoeng,TH,18.825586100859,98.622798814712
Sampeyre_Provincia di Cuneo_Piedmont_IT,Sampeyre,IT,44.559117073737,7.1609265967751
Samsun_NaN_Samsun_TR,Samsun,TR,41.276852397482,36.292142302363
Samtredia_NaN_Imereti_GE,Samtredia,GE,42.168438,42.403988
"San Andres_NaN_Archipielago de San Andres, Providencia y Santa Catalina_CO",San Andres,CO,12.540404527305,-81.715263595153
San Antonio Virreyes_Oriental_Puebla_MX,San Antonio Virreyes,MX,19.469842999902,-97.571093000847
San Antonio_NaN_Atlantida_HN,San Antonio,HN,15.612453623159,-87.143289066229
San Carlos Yautepec_NaN_Oaxaca_MX,San Carlos Yautepec,MX,16.633552453927,-96.060227432353
San Carlos de Bariloche_Departamento de Bariloche_Rio Negro_AR,San Carlos de Bariloche,AR,-41.072291305274,-71.489140989704
San Carlos del Valle_Provincia de Ciudad Real_Castille-La Mancha_ES,San Carlos del Valle,ES,38.776070578894,-3.2657385314822
San Carlos_Departamento de San Carlos_Salta_AR,San Carlos,AR,-25.851403399241,-65.961055215336
San Carlos_NaN_Antioquia_CO,San Carlos,CO,7.8843645579947,-74.819683681666
San Carlos_NaN_Rio San Juan_NI,San Carlos,NI,11.12235260000216,-84.68437517852044
San Carlos_Provincia de Nuble_Biobio_CL,San Carlos,CL,-36.445036684576,-71.971515495476
San Cassiano_Provincia di Sondrio_Lombardy_IT,San Cassiano,IT,46.260951163377,9.4141838012955
San Cristobal_NaN_Bolivar_CO,San Cristobal,CO,9.8800501539671,-75.32023404487
San Fernando_Los Angeles County_California_US,San Fernando,US,34.354797033709,-118.3861062548
San Francisco Ixhuatan_NaN_Oaxaca_MX,San Francisco Ixhuatan,MX,16.319932686899,-94.513183890999
San Francisco Sola_NaN_Oaxaca_MX,San Francisco Sola,MX,16.545338904178,-96.977392798581
San Francisco_NaN_Atlantida_HN,San Francisco,HN,15.651226796855,-87.027083696646
San Gabriel Mixtepec_NaN_Oaxaca_MX,San Gabriel Mixtepec,MX,16.164677585491,-97.089683986731
San Giacomo degli Schiavoni_Provincia di Campobasso_Molise_IT,San Giacomo degli Schiavoni,IT,42.01384939866,14.927042720402
San Giovanni_Catania_Sicily_IT,San Giovanni,IT,37.729181490861,15.162413482025
San Ignacio de Velasco_NaN_Santa Cruz_BO,San Ignacio de Velasco,BO,-16.38373289668,-60.958130302985
San Ignacio_NaN_Cayo_BZ,San Ignacio,BZ,17.042080248182,-88.924798445871
San Ignacio_NaN_San Jose_CR,San Ignacio,CR,9.8101515,-84.1186632
San Jacinto_NaN_Canelones_UY,San Jacinto,UY,-34.626303617981,-55.813248973911
San Javier_Provincia de Linares_Maule_CL,San Javier,CL,-35.65738269839882,-71.81592912013274
San Jose Ixtapa (Barrio Viejo)_Zihuatanejo de Azueta_Guerrero_MX,San Jose Ixtapa (Barrio Viejo),MX,17.69934761951,-101.59239685229
San Jose Viborillas_Apaseo el Grande_Guanajuato_MX,San Jose Viborillas,MX,20.532476238894,-100.61766696148
San Jose de Bocay_NaN_Jinotega_NI,San Jose de Bocay,NI,13.359964058604,-85.635123210437
San Jose del Cabo_Los Cabos_Baja California Sur_MX,San Jose del Cabo,MX,23.01747385287,-109.82407462953
San Jose_Province of Negros Oriental_Central Visayas_PH,San Jose,PH,9.4144021314625,123.24175650462
San Jose_Provincia de Almeria_Andalusia_ES,San Jose,ES,36.736364324083,-2.2055320569214
San Juan Pancoac_Huejotzingo_Puebla_MX,San Juan Pancoac,MX,19.124165413241,-98.437421721966
San Juan_Province of La Union_Ilocos_PH,San Juan,PH,16.661503335352,120.32459499415
San Lorenzo Albarradas_NaN_Oaxaca_MX,San Lorenzo Albarradas,MX,16.944324017418,-96.284341104237
San Lorenzo Tenochtitlan_Texistepec_Veracruz_MX,San Lorenzo Tenochtitlan,MX,17.750937980673694,-94.7618067891919
San Lorenzo de El Escorial_Provincia de Madrid_Madrid_ES,San Lorenzo de El Escorial,ES,40.602814962539,-4.1618719932337
San Lorenzo_NaN_Valle_HN,San Lorenzo,HN,13.431967223451624,-87.44991373612204
San Lucas Toliman_NaN_Solola_GT,San Lucas Toliman,GT,14.617725398548968,-91.14090491887562
San Luis_NaN_San Luis_AR,San Luis,AR,-33.313414056209,-66.340785239595
San Miguel de Cozumel_NaN_Quintana Roo_MX,San Miguel de Cozumel,MX,20.379214001297,-87.018324998193
San Miguel de Tucuman_NaN_Tucuman_AR,San Miguel de Tucuman,AR,-26.82049851109,-65.207035165776
San Miguel_Departamento de San Miguel_Corrientes_AR,San Miguel,AR,-27.920672842984,-57.467995500898
San Miguel_Province of Tarlac_Central Luzon_PH,San Miguel,PH,15.44062332991,120.62708493615
San Miguel_Provincia de Santa Cruz de Tenerife_Canary Islands_ES,San Miguel,ES,28.052551653319,-16.600723349569
San Miguel_San Luis Obispo County_California_US,San Miguel,US,36.004870394735,-120.6457802216
San Pablo Huixtepec_NaN_Oaxaca_MX,San Pablo Huixtepec,MX,16.840559162269,-96.788255120534
San Pablo_Provincia de Canchis_Cusco_PE,San Pablo,PE,-14.199993752862,-71.314060094243
San Pedro Tapanatepec_NaN_Oaxaca_MX,San Pedro Tapanatepec,MX,16.335856688298,-94.189757690144
San Pedro de Atacama_Provincia de El Loa_Antofagasta_CL,San Pedro de Atacama,CL,-23.61148511788,-67.872537466263
San Pedro_Provincia de Canchis_Cusco_PE,San Pedro,PE,-14.188785000735,-71.339993339254
San Pedro_Provincia de Chincha_Ica_PE,San Pedro,PE,-13.285124881706,-76.268343058686
San Pietro_Bolzano_Trentino-Alto Adige_IT,San Pietro,IT,46.641589019288,11.682244379636
San Roque_Departamento de San Roque_Corrientes_AR,San Roque,AR,-28.482488452049,-58.448851422424
San Salvador de Jujuy_NaN_Jujuy_AR,San Salvador de Jujuy,AR,-24.076348798358,-65.411945377772
San Tommaso Tre Archi_Province of Fermo_The Marches_IT,San Tommaso Tre Archi,IT,43.233988357507,13.758248291036
San Vicente de Canete_Provincia de Canete_Lima_PE,San Vicente de Canete,PE,-13.110482957189,-76.413768933579
San Vicente_NaN_Misiones_AR,San Vicente,AR,-26.389677416199163,-54.24698527652709
San Vicente_Province of Cagayan_Cagayan Valley_PH,San Vicente,PH,18.506009956367,122.17497662106
San Vito_NaN_Puntarenas_CR,San Vito,CR,8.94657540000198,-83.10789682539682
San_NaN_Segou_ML,San,ML,13.354056882677169,-4.909734327559056
Sanandaj_NaN_Kordestan_IR,Sanandaj,IR,35.321153285218,46.984223654734
Sanaxy_NaN_Attapu_LA,Sanaxy,LA,14.888176743965,107.42775632004
Sanchor_Jalore_Rajasthan_IN,Sanchor,IN,24.73871879529,71.805163167712
Sanctorum_NaN_Tlaxcala_MX,Sanctorum,MX,19.442019991143,-98.499132032115
Sand Springs_Tulsa County_Oklahoma_US,Sand Springs,US,36.15099773379,-96.228676812703
Sandia Heights_Bernalillo County_New Mexico_US,Sandia Heights,US,35.175675451364,-106.55172229828
Sandvika_Lierne_Nord-Trondelag_NO,Sandvika,NO,64.520905683457,14.099347704655
Sangareddi_Medak_Telangana_IN,Sangareddi,IN,17.571946184131,78.1117731617
Sanguem_South Goa_Goa_IN,Sanguem,IN,15.115617237257,74.209233441791
Sangueya_Boke Prefecture_Boke_GN,Sangueya,GN,10.726476338495,-14.376868641028
Sanguinet_Departement des Landes_Aquitaine_FR,Sanguinet,FR,44.48331694945,-1.0752844978912
Sankt Marienkirchen bei Schaerding_Politischer Bezirk Scharding_Upper Austria_AT,Sankt Marienkirchen bei Schaerding,AT,48.377260538101,13.503536152873
Sannikovo_NaN_Altai Krai_RU,Sannikovo,RU,53.347997204807,84.073305913062
Sansanne-Mango_NaN_Savanes_TG,Sansanne-Mango,TG,10.105471075857,-0.092700432766211
Sant Joan de Mediona_Provincia de Barcelona_Catalonia_ES,Sant Joan de Mediona,ES,41.442298885993,1.5585769163803
Sant Llorenc des Cardassar_Illes Balears_Balearic Islands_ES,Sant Llorenc des Cardassar,ES,39.602550322296,3.284592152433
Sant'Antioco_Provincia di Carbonia-Iglesias_Sardinia_IT,Sant'Antioco,IT,38.64945885483439,8.279763502388892
Santa Ana_NaN_Entre Rios_AR,Santa Ana,AR,-30.881525320574,-57.920196623993
Santa Ana_NaN_Francisco Morazan_HN,Santa Ana,HN,13.895706810853149,-87.24936859925765
Santa Ana_NaN_Sonora_MX,Santa Ana,MX,30.585898987827,-111.07086702354
Santa Ana_Province of Cagayan_Cagayan Valley_PH,Santa Ana,PH,18.419113061031418,122.19822928194472
Santa Croce Camerina_Ragusa_Sicily_IT,Santa Croce Camerina,IT,36.799302021674,14.490965838934
Santa Cruz Cabralia_Santa Cruz Cabralia_Bahia_BR,Santa Cruz Cabralia,BR,-16.14435872249,-38.960826213151
Santa Cruz de Mudela_Provincia de Ciudad Real_Castille-La Mancha_ES,Santa Cruz de Mudela,ES,38.635790443332,-3.4716392409867
Santa Cruz do Rio Pardo_Santa Cruz Do Rio Pardo_Sao Paulo_BR,Santa Cruz do Rio Pardo,BR,-22.813654058952,-49.5403310966
Santa Cruz do Sul_Santa Cruz Do Sul_Rio Grande do Sul_BR,Santa Cruz do Sul,BR,-29.737815642534,-52.424875424759
Santa Elena_Canton Santa Elena_Santa Elena_EC,Santa Elena,EC,-1.8883403184995,-80.733170605995
Santa Fe_NaN_Darien_PA,Santa Fe,PA,8.6294956588736,-78.103950338829
Santa Fe_Province of Leyte_Eastern Visayas_PH,Santa Fe,PH,11.176163596784,124.95078966123
Santa Helena de Goias_Santa Helena De Goias_Goias_BR,Santa Helena de Goias,BR,-17.840010217364,-50.799159179213
Santa Ines_Santa Ines_Maranhao_BR,Santa Ines,BR,-3.69556353991727,-45.37590384932781
Santa Isabel [Fraccionamiento]_Pabellon de Arteaga_Aguascalientes_MX,Santa Isabel [Fraccionamiento],MX,22.064481856287,-102.27929856123
Santa Isabel_NaN_La Pampa_AR,Santa Isabel,AR,-35.941389282607,-67.195293457301
Santa Josefa_Province of Agusan del Sur_Caraga_PH,Santa Josefa,PH,8.0104464861694,126.01738901514
Santa Lucia_Provincia de Lampa_Puno_PE,Santa Lucia,PE,-15.688531274565,-70.611041521775
Santa Lucia_Provincia de Las Palmas_Canary Islands_ES,Santa Lucia,ES,27.935724699937,-15.501141053273
Santa Maria Huazolotitlan_NaN_Oaxaca_MX,Santa Maria Huazolotitlan,MX,16.307456970353,-97.871545658239
Santa Maria Jalapa del Marques_NaN_Oaxaca_MX,Santa Maria Jalapa del Marques,MX,16.357997102577,-95.37564252308
Santa Maria Jicaltepec_Santiago Pinotepa Nacional_Oaxaca_MX,Santa Maria Jicaltepec,MX,16.385916650608,-98.121454895919
Santa Maria da Vitoria_Sao Felix Do Coribe_Bahia_BR,Santa Maria da Vitoria,BR,-12.959915879356,-43.979271516614
Santa Maria_NaN_Misiones_AR,Santa Maria,AR,-27.869963638659,-55.273533100811
Santa Maria_Province of Ilocos Sur_Ilocos_PH,Santa Maria,PH,16.962404994998,120.4660800352
Santa Maria_Santa Barbara County_California_US,Santa Maria,US,35.000205556659,-120.43653611284
Santa Marta_NaN_Magdalena_CO,Santa Marta,CO,11.28596500031,-74.119893355295
Santa Rita_Province of Samar_Eastern Visayas_PH,Santa Rita,PH,11.461066937133,125.02070436512
Santa Rosa_Guadalupe County_New Mexico_US,Santa Rosa,US,35.063998150474,-104.28079131878
Santa Rosa_NaN_Corrientes_AR,Santa Rosa,AR,-28.641982319825,-58.202075144177
Santa Rosa_NaN_La Pampa_AR,Santa Rosa,AR,-36.615713149019,-64.245488920695
Santa Rosa_NaN_Mendoza_AR,Santa Rosa,AR,-33.393604554367,-68.079737755205
Santa Rosa_Provincia de Melgar_Puno_PE,Santa Rosa,PE,-14.605650156031,-70.800584817854
Santa Rosa_San Blas Atempa_Oaxaca_MX,Santa Rosa,MX,16.396192682615,-95.112148582116
Santa Teresa_Provincia de La Convencion_Cusco_PE,Santa Teresa,PE,-13.01894482122,-72.495834429034
Santa Teresa_Rio Arriba County_New Mexico_US,Santa Teresa,US,36.216828072549,-106.93784884579
Santa Vitoria do Palmar_Santa Vitoria Do Palmar_Rio Grande do Sul_BR,Santa Vitoria do Palmar,BR,-33.271595667204,-53.09601492131
Santa Vitoria_Santa Vitoria_Minas Gerais_BR,Santa Vitoria,BR,-18.644855225262,-49.97550607897
Santa_Province of Ilocos Sur_Ilocos_PH,Santa,PH,17.453790866106,120.43303337805
Santana do Livramento_Santana Do Livramento_Rio Grande do Sul_BR,Santana do Livramento,BR,-30.703554082820155,-55.134954238991405
Santanyi_Illes Balears_Balearic Islands_ES,Santanyi,ES,39.360402452609,3.2006450737172
Santiago de Cuba_Municipio de Santiago de Cuba_Santiago de Cuba_CU,Santiago de Cuba,CU,19.998245147247,-75.681844836599
Santiago del Estero_NaN_Santiago del Estero_AR,Santiago del Estero,AR,-27.847863835332,-64.266202325109
Santiago_Provincia de Ica_Ica_PE,Santiago,PE,-14.194766640456,-75.714328329621
Santibanez de Bejar_Provincia de Salamanca_Castille and Leon_ES,Santibanez de Bejar,ES,40.485411736529,-5.5945378097375
Santo Andre_Ponte de Sor_Portalegre_PT,Santo Andre,PT,38.977689066483,-8.2445481523452
Santo Antonio da Platina_Santo Antonio Da Platina_Parana_BR,Santo Antonio da Platina,BR,-23.231564567171,-50.122316405008
Santo Domingo Armenta_Santo Domingo Armenta_Oaxaca_MX,Santo Domingo Armenta,MX,16.350023745198,-98.235723588986
Santo Domingo_NaN_Villa Clara_CU,Santo Domingo,CU,22.612866051871,-80.365765540473
Santos Reyes Nopala_NaN_Oaxaca_MX,Santos Reyes Nopala,MX,15.957933286435,-97.36582289975
Sao Cristovao_Sao Cristovao_Sergipe_BR,Sao Cristovao,BR,-10.958128551804,-37.235501628675
Sao Domingos_Sao Domingos_Goias_BR,Sao Domingos,BR,-13.702841140696,-45.880887494109
Sao Francisco_Sao Francisco_Minas Gerais_BR,Sao Francisco,BR,-15.99043589999778,-44.74396670000175
Sao Jose da Laje_Sao Jose Da Laje_Alagoas_BR,Sao Jose da Laje,BR,-8.934420639989565,-36.01721122033477
Sao Jose da Tapera_Sao Jose Da Tapera_Alagoas_BR,Sao Jose da Tapera,BR,-9.538959699997957,-37.4542805
Sao Jose do Calcado_Sao Jose Do Calcado_Espirito Santo_BR,Sao Jose do Calcado,BR,-21.079079035147,-41.62540601267
Sao Jose do Campestre_Sao Jose Do Campestre_Rio Grande do Norte_BR,Sao Jose do Campestre,BR,-6.4293575144038,-35.689299245055
Sao Lourenco da Mata_Sao Lourenco Da Mata_Pernambuco_BR,Sao Lourenco da Mata,BR,-8.0002431035245,-35.061505002749
Sao Lourenco do Sul_Sao Lourenco Do Sul_Rio Grande do Sul_BR,Sao Lourenco do Sul,BR,-31.520201548953,-51.278486646397
Sao Manuel_Sao Manuel_Sao Paulo_BR,Sao Manuel,BR,-22.87852850532,-48.756165213565
Sao Mateus_Sao Mateus_Espirito Santo_BR,Sao Mateus,BR,-18.726427806039,-39.859763259945
Sao Raimundo Nonato_Sao Raimundo Nonato_Piaui_BR,Sao Raimundo Nonato,BR,-8.8347383,-42.54164
Sao Roque do Pico_Sao Roque do Pico_Azores_PT,Sao Roque do Pico,PT,38.691133618947184,-28.208665618198246
Sao Sebastiao_Sao Sebastiao_Alagoas_BR,Sao Sebastiao,BR,-9.9609157999837,-36.547351646738
Sao Teotonio_Odemira_Beja_PT,Sao Teotonio,PT,37.459315379732,-8.778028510774
Sao Tome_NaN_Sao Tome Island_ST,Sao Tome,ST,0.40556986993276,6.6110815127796
Sapernoye_NaN_Leningrad_RU,Sapernoye,RU,60.740295825014,30.10694379502
Sapes_Nomos Rodopis_East Macedonia and Thrace_GR,Sapes,GR,40.917720224529,25.690150185761
Sapphaya_NaN_Chai Nat_TH,Sapphaya,TH,15.171286654464,100.23921500605
Sapucaia_Sapucaia Do Sul_Rio Grande do Sul_BR,Sapucaia,BR,-29.808900159512,-51.167633149213
Sapucaia_Sapucaia_Rio de Janeiro_BR,Sapucaia,BR,-21.972223575998,-42.880002865961
Sapulpa_Creek County_Oklahoma_US,Sapulpa,US,36.005348448208,-96.133478112793
Sarahan_Shimla_Himachal Pradesh_IN,Sarahan,IN,32.2555700938,78.08765802888
Sarana_NaN_Sverdlovsk_RU,Sarana,RU,56.211846751757,57.972830683351
Sarangpur_Rajgarh_Madhya Pradesh_IN,Sarangpur,IN,23.565065106085,76.494000871877
Saratamata_NaN_Penama_VU,Saratamata,VU,-15.957674398950434,168.2346937569978
Saratoga_Carbon County_Wyoming_US,Saratoga,US,41.684023737241,-106.81037261362
Saratovskaya_NaN_Krasnodarskiy_RU,Saratovskaya,RU,44.68573836667638,39.40716061191954
Sarcoxie_Jasper County_Missouri_US,Sarcoxie,US,37.077650201242,-94.083538383811
Sari-Solenzara_Departement de la Corse-du-Sud_Corsica_FR,Sari-Solenzara,FR,41.81910807653,9.4024009642716
Sariaya_Province of Quezon_Calabarzon_PH,Sariaya,PH,13.948833878864,121.53193318832
Sarikavak_NaN_Mersin_TR,Sarikavak,TR,36.52827867669,33.723019585105
Sarita_Kenedy County_Texas_US,Sarita,US,27.2884725699242,-97.8094578009624
Sarkand_NaN_Almaty Oblysy_KZ,Sarkand,KZ,45.858506017396,80.602380382103
Sarkhej_Ahmadabad_Gujarat_IN,Sarkhej,IN,22.925025356611,72.566862758519
Sarykemer_NaN_Zhambyl_KZ,Sarykemer,KZ,43.044998747726,71.522077963441
Saryozek_NaN_Almaty Oblysy_KZ,Saryozek,KZ,43.665294213409,78.54970154446
Saryshaghan_NaN_Qaraghandy_KZ,Saryshaghan,KZ,46.343502451362,73.814386385334
Saskatoon_NaN_Saskatchewan_CA,Saskatoon,CA,51.998213876807,-106.22659165514
Sasnovy Bor_NaN_Gomel_BY,Sasnovy Bor,BY,52.467516493485,29.278038977421
Satanta_Haskell County_Kansas_US,Satanta,US,37.529131419246,-101.10805182712
Satis_NaN_Nizjnij Novgorod_RU,Satis,RU,54.949391437201,43.267436633477
Satka_NaN_Chelyabinsk_RU,Satka,RU,55.046324458705,59.142822650053
Sauce_NaN_Canelones_UY,Sauce,UY,-34.642005381146,-56.074355768304
Saudarkrokur_NaN_Northwest_IS,Saudarkrokur,IS,65.632065167602,-20.295926677251
Sault Ste. Marie_Algoma_Ontario_CA,Sault Ste. Marie,CA,46.881981408401,-84.358779130626
Sault Ste. Marie_Chippewa County_Michigan_US,Sault Ste. Marie,US,46.375430661142,-84.496414444288
Savasleyka_NaN_Nizjnij Novgorod_RU,Savasleyka,RU,55.743212493776,42.434139510653
Savelugu_NaN_Northern_GH,Savelugu,GH,9.8414684356983,-0.86668434879583
Savnik_NaN_Opstina Savnik_ME,Savnik,ME,42.89993158505,19.002945028575
Savukoski_Itae-Lappi_Lapland_FI,Savukoski,FI,67.462972883922,28.011252458215
Sawi_NaN_Chumphon_TH,Sawi,TH,10.255928668568,99.085326648549
Saxmundham_Suffolk_England_GB,Saxmundham,GB,52.248984676275,1.4934886893722
Say_NaN_Tillaberi_NE,Say,NE,12.765550939697,2.1856998784251
Sayat_NaN_Lebap_TM,Sayat,TM,38.453545326507,64.187145905763
Saymayl_NaN_Dahuk_IQ,Saymayl,IQ,36.8552243017528,42.87789451039253
Sayotesh_NaN_Mangghystau_KZ,Sayotesh,KZ,44.186802196117,53.389844290915
Sbiba_NaN_Al Qasrayn_TN,Sbiba,TN,35.40060847452014,9.051582403005847
Scandia_Washington County_Minnesota_US,Scandia,US,45.244633501055,-92.771564668952
Scarborough_NaN_Tobago_TT,Scarborough,TT,11.259869858269,-60.702713440748
Scheibenhardt_NaN_Rheinland-Pfalz_DE,Scheibenhardt,DE,48.97721257112999,8.07509875057585
Schofield Barracks_Honolulu County_Hawaii_US,Schofield Barracks,US,21.538761262171,-158.09073754306
Schwalmtal_Regierungsbezirk Giessen_Hesse_DE,Schwalmtal,DE,50.691722219543,9.1824250016602
Scutelnici_Comuna Scutelnici_Buzau_RO,Scutelnici,RO,44.859326855993,26.923326733029
Sebdou_NaN_Tlemcen_DZ,Sebdou,DZ,34.559007037114,-1.3126921008145
Seben_NaN_Bolu_TR,Seben,TR,40.442584907402,31.593771604943
Sebezh_NaN_Pskov_RU,Sebezh,RU,56.025933269469,28.407725870546
Sebree_Webster County_Kentucky_US,Sebree,US,37.712562954572,-87.516682735361
Sebring_Mahoning County_Ohio_US,Sebring,US,40.959394365006,-81.063727263407
Seca_NaN_Piran-Pirano_SI,Seca,SI,45.46961335,13.59220245
Sedarak_NaN_Nakhichevan_AZ,Sedarak,AZ,39.771186207298,44.921692249028
Sedilo_Provincia di Oristano_Sardinia_IT,Sedilo,IT,40.19312925532,8.9852651552326
Seeley Lake_Missoula County_Montana_US,Seeley Lake,US,47.1566966031502,-113.33859255309552
Seferhisar_Seferihisar_Izmir_TR,Seferhisar,TR,38.172124390443,26.827033131515
Segarcea_Comuna Segarcea_Dolj_RO,Segarcea,RO,44.111880050948,23.75880458169
Sehithwa_NaN_NaN_BW,Sehithwa,BW,-20.349782427762,22.96783983382
Sehwan_NaN_Sindh_PK,Sehwan,PK,26.231016547019,67.905190838963
Seis de Octubre_Gomez Palacio_Durango_MX,Seis de Octubre,MX,25.751180523099,-103.51221548403
Sejenane_NaN_Banzart_TN,Sejenane,TN,36.902809930741,9.1580216693301
Sekoma_NaN_Southern_BW,Sekoma,BW,-24.54946935645,24.088185723243
Sekseuil_NaN_Qyzylorda_KZ,Sekseuil,KZ,47.255120925066,61.531938206279
Selcuklu_NaN_Konya_TR,Selcuklu,TR,37.812127496458,32.631168393315
Selfoss_NaN_South_IS,Selfoss,IS,63.911097702063,-20.603065929943
Selmer_McNairy County_Tennessee_US,Selmer,US,35.183282808569,-88.614446771227
Seminole_Gaines County_Texas_US,Seminole,US,32.725583509873,-102.7900748933
Senador Jose Porfirio_Senador Jose Porfirio_Para_BR,Senador Jose Porfirio,BR,-2.75224236545314,-51.74475642118709
Sendai_NaN_Miyagi_JP,Sendai,JP,38.23020265276,140.71157073675
Sendhwa_Barwani_Madhya Pradesh_IN,Sendhwa,IN,21.791806925484,75.169775794651
Senillosa_NaN_Neuquen_AR,Senillosa,AR,-39.247220860738,-68.798690536558
Senneterre_Abitibi-Temiscamingue_Quebec_CA,Senneterre,CA,48.341455557062,-77.292447223836
Senpazar_NaN_Kastamonu_TR,Senpazar,TR,41.825778690333,33.290443728298
Seogwipo_NaN_Jeju-do_KR,Seogwipo,KR,33.334169393014,126.84564281927
Serdar_NaN_Balkan_TM,Serdar,TM,38.951044597937,56.395935964158
Serebryanyye Prudy_NaN_Moskovskaya_RU,Serebryanyye Prudy,RU,54.465549127773,38.709914878246
Sereflikochisar_NaN_Ankara_TR,Sereflikochisar,TR,38.910506288026,33.570600676197
Seremban_NaN_Negeri Sembilan_MY,Seremban,MY,2.5857244533253,102.03688672352
Sergeant Bluff_Woodbury County_Iowa_US,Sergeant Bluff,US,42.401781053175,-96.291191222561
Serhetabat_NaN_Mary_TM,Serhetabat,TM,35.456904106049,62.405021514378
Serpong_NaN_West Java_ID,Serpong,ID,-6.3405902520674,106.68679661554
Serra_Serra_Espirito Santo_BR,Serra,BR,-20.198486587707,-40.23019131384
Serro_Serro_Minas Gerais_BR,Serro,BR,-18.450514065695,-43.450547802847
Ses Salines_Illes Balears_Balearic Islands_ES,Ses Salines,ES,39.337496615624,3.090688519532
Setermoen_Bardu_Troms_NO,Setermoen,NO,68.85830532288342,18.300788166237787
Setubal_Setubal_Setubal_PT,Setubal,PT,38.338451667908,-8.7696567150508
Severnoye_NaN_Orenburg_RU,Severnoye,RU,54.083570903171,52.398256738157
Severodvinsk_NaN_Arkhangelskaya_RU,Severodvinsk,RU,64.547100800861,39.769298838281
Seymour_Baylor County_Texas_US,Seymour,US,33.686417500177,-99.036410900106
Seymour_Webster County_Missouri_US,Seymour,US,37.203917977227,-92.863496532676
Shabel'skoye_NaN_Krasnodarskiy_RU,Shabel'skoye,RU,47.122705050894,38.556707222758
Shady Cove_Jackson County_Oregon_US,Shady Cove,US,42.92670490335,-122.38596268767
Shafranovo_NaN_Bashkortostan_RU,Shafranovo,RU,53.925039516762,54.589643888175
Shahdadpur_NaN_Sindh_PK,Shahdadpur,PK,25.930229263919,68.630991056458
Shahkot_Nankana Sahib District_Punjab_PK,Shahkot,PK,31.575911699648,73.460019806397
Shahrak-e Emam Hasan-e Mojtaba_NaN_Tehran_IR,Shahrak-e Emam Hasan-e Mojtaba,IR,35.39052722746757,51.27978034447675
Shajapur_Shajapur_Madhya Pradesh_IN,Shajapur,IN,23.473733513356,76.357543537366
Shakawe_NaN_North West_BW,Shakawe,BW,-18.555117979482,21.963220680846
Shakiso_NaN_Oromiya_ET,Shakiso,ET,5.586794983530039,39.046362232467686
Shalqiya_NaN_Qyzylorda_KZ,Shalqiya,KZ,43.648103839779,67.621308659495
Shambu_NaN_Oromiya_ET,Shambu,ET,9.7300920492454,36.645630880127
Shamrock_Wheeler County_Texas_US,Shamrock,US,35.233562107627,-100.60544302875
Shangani_NaN_Midlands_ZW,Shangani,ZW,-19.776070000121,29.324800999862
Shangpai_NaN_Anhui Sheng_CN,Shangpai,CN,31.966370314242,117.0487837129
Shani_NaN_Borno_NG,Shani,NG,9.8515971165013,12.167494117734
Shannon Hills_Saline County_Arkansas_US,Shannon Hills,US,34.668739116649,-92.384575307714
Shannon_Capitale-Nationale_Quebec_CA,Shannon,CA,47.166478924299,-71.360729785175
Shanshan_NaN_Xinjiang Uygur Zizhiqu_CN,Shanshan,CN,42.856634750884,89.691157253193
Sharon_Bundaberg_Queensland_AU,Sharon,AU,-24.766048871848,151.57408041508
Sharon_Jones County_Mississippi_US,Sharon,US,31.853985337033,-88.986210508236
Shatalovo_NaN_Smolensk_RU,Shatalovo,RU,54.301819986641,32.471141941266
Shawville_Outaouais_Quebec_CA,Shawville,CA,45.553617088362,-76.440697563082
Shazand_NaN_Markazi_IR,Shazand,IR,33.887566494934,49.349198172961
Shchuchinsk_NaN_Soltustik Qazaqstan_KZ,Shchuchinsk,KZ,53.004030812917,70.09407638965
Sheffield_Sheffield_England_GB,Sheffield,GB,53.383523211482,-1.4349724766693
Sheki_NaN_Shaki City_AZ,Sheki,AZ,41.22531523261,47.116466120951
Sheksna_NaN_Vologda_RU,Sheksna,RU,58.653455181973,38.578347774401
Sheldon_O'Brien County_Iowa_US,Sheldon,US,43.233418345308,-95.862373095783
Shell Lake_Washburn County_Wisconsin_US,Shell Lake,US,45.732491092158,-91.811968134348
Shelton_Mason County_Washington_US,Shelton,US,47.312649999337,-123.19091401229
Shendi_NaN_River Nile_SD,Shendi,SD,16.934197345194,33.71507592652
Shenton Park_Nedlands_Western Australia_AU,Shenton Park,AU,-31.955421878996,115.80790361034
Shenzhen_Shenzhen_Guangdong_CN,Shenzhen,CN,22.54553855033,114.05794718553
Sherkot_Bijnor_Uttar Pradesh_IN,Sherkot,IN,29.30853818609358,78.61941380862677
Shiggaon_Haveri_Karnataka_IN,Shiggaon,IN,15.11762412339,75.151366885984
Shihan as Sufla_Shahan_Al Mahrah_YE,Shihan as Sufla,YE,18.61538,52.386704722222
Shihuiyao_NaN_Shandong Sheng_CN,Shihuiyao,CN,37.47325152839026,121.37487831874677
Shikarpur_NaN_Sindh_PK,Shikarpur,PK,28.140821702440714,68.6064368220303
Shikhazany_NaN_Chuvashia_RU,Shikhazany,RU,55.434098893923,47.343042895912
Shillong_East Khasi Hills_Meghalaya_IN,Shillong,IN,25.583006739368,91.872052918915
Shilovo_NaN_Rjazan_RU,Shilovo,RU,54.282036692852,40.8190510491
Shimabara_NaN_Nagasaki_JP,Shimabara,JP,32.86665040795266,130.30524259497113
Shimla_Shimla_Himachal Pradesh_IN,Shimla,IN,31.1135829747,77.249306066162
Shimoda_NaN_Shizuoka_JP,Shimoda,JP,34.069192730787,139.53326850131
Shimokizukuri_NaN_Aomori_JP,Shimokizukuri,JP,40.951269841107,140.36403523312
Shinas_NaN_Al Batinah_OM,Shinas,OM,24.860925856281,56.358620620592
Shingu_NaN_Wakayama_JP,Shingu,JP,33.51931165999346,135.74645978314155
Shinjo_NaN_Yamagata_JP,Shinjo,JP,38.93735874157839,140.35003383057523
Shiraoi_NaN_Hokkaido_JP,Shiraoi,JP,42.702620771335,141.08664064862
Shiringushi_NaN_Mordoviya_RU,Shiringushi,RU,53.77976379749715,42.70301453732728
Shirochanka_NaN_Krasnodarskiy_RU,Shirochanka,RU,46.655367503109,38.377713288335
Shirvan_NaN_Khorasan-e Shomali_IR,Shirvan,IR,37.44014365041559,57.81083609469183
Shivpuri_Shivpuri_Madhya Pradesh_IN,Shivpuri,IN,25.499788339712,77.697572738919
Shizunai-furukawacho_NaN_Hokkaido_JP,Shizunai-furukawacho,JP,41.992150420912125,143.1632130137124
Sholaqqkorghan_NaN_Ongtustik Qazaqstan_KZ,Sholaqqkorghan,KZ,44.33084245578,68.97818810048
Shortandy_NaN_Aqmola_KZ,Shortandy,KZ,51.735708919421,71.031229717891
Shoshone_Lincoln County_Idaho_US,Shoshone,US,43.02215621977827,-114.2133448839902
Showot_NaN_Xorazm_UZ,Showot,UZ,41.704151958917,60.284094019316
Shubarkol_NaN_Qaraghandy_KZ,Shubarkol,KZ,48.0911343540812,68.57865691985731
Shubenka_NaN_Altai Krai_RU,Shubenka,RU,52.646703060283,85.066211368627
Shumanay Shahri_NaN_Karakalpakstan_UZ,Shumanay Shahri,UZ,42.468545659764,58.57359227951
Shumeyka_NaN_Saratov_RU,Shumeyka,RU,51.566230895874,46.262997117023
Shymkent_NaN_Ongtustik Qazaqstan_KZ,Shymkent,KZ,42.394375896775,69.56362700317
Si Bun Rueang_NaN_Changwat Nong Bua Lamphu_TH,Si Bun Rueang,TH,17.057982143449,102.3558346269
Si Satchanalai_Amphoe Si Satchanalai_Sukhothai_TH,Si Satchanalai,TH,17.401972115866,99.682756781705
Si Sawat_NaN_Kanchanaburi_TH,Si Sawat,TH,14.406496676163,98.907331653643
Si Songkhram_NaN_Nakhon Phanom_TH,Si Songkhram,TH,17.622038931131492,104.25623793425196
Siak Sri Indrapura_NaN_Riau_ID,Siak Sri Indrapura,ID,0.7955660413238,102.04601699194
Sibay_NaN_Bashkortostan_RU,Sibay,RU,52.722567139001,58.706334515123
Sibu_NaN_Sarawak_MY,Sibu,MY,2.4208849805434,112.21310129548
Sibubuhan_NaN_North Sumatra_ID,Sibubuhan,ID,1.0696685088377,99.740814269013
Siclau_Comuna Graniceri_Arad_RO,Siclau,RO,46.497684424033,21.354467055185
Siclong_Province of Nueva Ecija_Central Luzon_PH,Siclong,PH,15.680381158279,121.3347630996
Siddhapur_Patan_Gujarat_IN,Siddhapur,IN,23.900867370149,72.369679602244
Siddipet_Medak_Telangana_IN,Siddipet,IN,18.154817098418,78.963194696963
Sidi Abdallah_Kelaa-Des-Sraghna_Marrakech-Tensift-Al Haouz_MA,Sidi Abdallah,MA,32.576662677797,-7.8172913819546
Sidi Bel Abbes_NaN_Sidi Bel Abbes_DZ,Sidi Bel Abbes,DZ,35.070947827725,-0.79618634320582
Sidi Bennour_El-Jadida_Doukkala-Abda_MA,Sidi Bennour,MA,32.614215014843,-8.7042757046728
Sidi Bou Othmane_Kelaa-Des-Sraghna_Marrakech-Tensift-Al Haouz_MA,Sidi Bou Othmane,MA,31.900560465428,-7.9417936770811
Sidi ech Chahmi_NaN_Oran_DZ,Sidi ech Chahmi,DZ,35.679998308854,-0.53930572479959
Sidney_Cheyenne County_Nebraska_US,Sidney,US,41.372430118931,-102.97305698394
Siem Reap_NaN_Siem Reap_KH,Siem Reap,KH,13.387820450104,103.81586978503
Sierra Blanca_Hudspeth County_Texas_US,Sierra Blanca,US,31.239814435368,-105.49173456232
Sig_NaN_Mascara_DZ,Sig,DZ,35.547778178237,-0.23703078228656
Siglufjoerdur_NaN_Northeast_IS,Siglufjoerdur,IS,66.075200741208,-19.195747754039
Sihanoukville_NaN_Preah Sihanouk_KH,Sihanoukville,KH,10.669352749792,103.2764253313
Sihora_Jabalpur_Madhya Pradesh_IN,Sihora,IN,23.45715182448,80.094519722743
Siirt_NaN_Siirt_TR,Siirt,TR,37.922301394278,41.913844808136
Sikonge_NaN_Tabora_TZ,Sikonge,TZ,-5.3896800643442,33.375258046168
Silifke_NaN_Mersin_TR,Silifke,TR,36.41431915184,33.870133359679
Silikatnyy_NaN_Ulyanovsk_RU,Silikatnyy,RU,53.915725252054,48.240883538893
Silva Jardim_Silva Jardim_Rio de Janeiro_BR,Silva Jardim,BR,-22.635532703804785,-42.45399105105117
Silvan_NaN_Diyarbakir_TR,Silvan,TR,38.142549662704,40.926967360633
Silver Bay_Lake County_Minnesota_US,Silver Bay,US,47.536145685145,-90.908282928989
Silver Creek_Chautauqua County_New York_US,Silver Creek,US,42.538224802474,-79.214830390405
Silverton_San Juan County_Colorado_US,Silverton,US,37.871133947519,-107.72327199074
Silvia_NaN_Cauca_CO,Silvia,CO,2.6700817028521,-76.353253806354
Simanggang_NaN_Sarawak_MY,Simanggang,MY,1.0475260020341,111.8819940102
Simbario_Provincia di Vibo-Valentia_Calabria_IT,Simbario,IT,38.614547905433,16.347275875069
Sina_San Antonio De Putina_Puno_PE,Sina,PE,-14.72986411156737,-69.05867479873851
Sinahuiza_Navojoa_Sonora_MX,Sinahuiza,MX,26.929261961539,-109.41619952127
Singapay_NaN_Khanty-Mansiyskiy Avtonomnyy Okrug_RU,Singapay,RU,61.154789687325,72.737977979167
Singapore_NaN_NaN_SG,Singapore,SG,1.3137166533327,104.00625899392
Singapur_Rangareddi_Telangana_IN,Singapur,IN,17.428225339675,78.13747890239
Singarayakonda_Prakasam_Andhra Pradesh_IN,Singarayakonda,IN,15.130465279999,80.003385010311
Singera_NaN_Chisinau_MD,Singera,MD,46.904841923935,29.038560775582
Singhanakhon_NaN_Songkhla_TH,Singhanakhon,TH,7.2737424511707,100.51485589389
Singrauli_Singrauli_Madhya Pradesh_IN,Singrauli,IN,24.157053899834,82.63648041048
Sinjai_NaN_South Sulawesi_ID,Sinjai,ID,-5.2156221569494,120.23974452601
Sinjhoro_NaN_Sindh_PK,Sinjhoro,PK,26.022526975974,68.730365980458
Sinop_NaN_Sinop_TR,Sinop,TR,42.002338493906,35.092065415352
Sinosevic_NaN_NaN_RS,Sinosevic,RS,44.607637922049,19.613483778101
Sint Michiel Liber_NaN_NaN_CW,Sint Michiel Liber,CW,12.204179360812,-69.015634801373
Sintansin_NaN_Daejeon_KR,Sintansin,KR,36.48891944883,127.41675555719
Sioux City_Woodbury County_Iowa_US,Sioux City,US,42.572904326314,-96.389578480628
Sipirok_NaN_North Sumatra_ID,Sipirok,ID,1.6506756882406,99.18133993507
Sirsilla_Karimnagar_Telangana_IN,Sirsilla,IN,18.309439644725,78.95491414253
Sisters_Deschutes County_Oregon_US,Sisters,US,44.449227527693,-121.65449985648
Sitampiky_NaN_Boeny_MG,Sitampiky,MG,-16.18539131407666,45.67950582226912
Sitka_Sitka City and Borough_Alaska_US,Sitka,US,57.104666767064,-135.37300026239
Siuna_NaN_Atlantico Norte (RAAN)_NI,Siuna,NI,13.620163735872,-84.794689650756
Sjoberg_Vilhelmina Kommun_Vaesterbotten_SE,Sjoberg,SE,65.3143094184667,15.858111030534694
Sjoholt_Orskog_More og Romsdal_NO,Sjoholt,NO,62.482622616221,6.8129187429324
Skaland_Berg_Troms_NO,Skaland,NO,69.454939127999,17.347545610185
Skardu_NaN_Gilgit-Baltistan_PK,Skardu,PK,35.28559286616304,75.66706661142005
Skjern_Ringkobing-Skjern Kommune_Central Jutland_DK,Skjern,DK,55.946778720281,8.4345418563254
Skoevde_Skovde Kommun_Vaestra Goetaland_SE,Skoevde,SE,58.421045976129,13.799470562876
Skollersta_Hallsbergs Kommun_OErebro_SE,Skollersta,SE,59.254717999964,15.325389994772
Skorodnoye_NaN_Belgorod_RU,Skorodnoye,RU,51.108878587822,37.225837185831
Skoura_Ouarzazate_Souss-Massa-Draa_MA,Skoura,MA,31.107993683557,-6.4169531853497
Skowhegan_Somerset County_Maine_US,Skowhegan,US,44.697454974258,-69.675531622709
Skutskaer_Alvkarleby Kommun_Uppsala_SE,Skutskaer,SE,60.733897252636,17.297739166313
Slaley_Northumberland_England_GB,Slaley,GB,54.895023870148,-2.0162588721527
Sleman_NaN_Daerah Istimewa Yogyakarta_ID,Sleman,ID,-7.7289085166491,110.34433585409
Sligo_Sligo_Connaught_IE,Sligo,IE,54.219460994775,-8.3395819651994
Slite_Gotland_Gotland_SE,Slite,SE,57.426399109974,18.739055815358192
Smala_NaN_Relizane_DZ,Smala,DZ,35.578552621466,0.92641845273581
Smirnovo_NaN_Soltustik Qazaqstan_KZ,Smirnovo,KZ,54.166272522021,69.160675939796
Smithers_NaN_British Columbia_CA,Smithers,CA,55.24247463935541,-127.62271106694064
Smolenskaya_NaN_Krasnodarskiy_RU,Smolenskaya,RU,44.794460287991,38.80923332077
Smyadovo_Obshtina Smyadovo_Shumen_BG,Smyadovo,BG,43.045749491078,27.050612677544
Snezhnogorsk_NaN_Krasnoyarskiy_RU,Snezhnogorsk,RU,68.097245691236,87.797852521946
Snina_NaN_Presovsky_SK,Snina,SK,48.981683241038,22.122390453241
Soap Lake_Grant County_Washington_US,Soap Lake,US,47.588548928783,-119.6843283052
Sobrado_Provincia da Coruna_Galicia_ES,Sobrado,ES,43.036568368885,-8.008719413275
Sobreira_Ribeira de Pena_Vila Real_PT,Sobreira,PT,41.550205844405,-7.753388028898
Soc Son_NaN_Ha Noi_VN,Soc Son,VN,21.249208589374,105.80533975153
Socabaya_Provincia de Arequipa_Arequipa_PE,Socabaya,PE,-16.445772276893,-71.533475781824
Socastee_Horry County_South Carolina_US,Socastee,US,33.746005207946,-79.022294600758
Social Circle_Walton County_Georgia_US,Social Circle,US,33.534782105498,-83.740108459951
Socorro_Socorro County_New Mexico_US,Socorro,US,34.027591607091,-106.89295404847
Soedra Bergsbyn_Skelleftea Kommun_Vaesterbotten_SE,Soedra Bergsbyn,SE,64.728919000583,21.083899000981
Sofikon_Nomos Korinthias_Peloponnese_GR,Sofikon,GR,37.747247967861,23.089709469139
Sohagi_Rewa_Madhya Pradesh_IN,Sohagi,IN,25.111882382493,81.752940464131
Sohland am Rotstein_NaN_Saxony_DE,Sohland am Rotstein,DE,51.157365230823,14.740012759766
Sokhumi_NaN_Abkhazia_GE,Sokhumi,GE,43.066243478487,40.961186681024
Sokolovyy_NaN_Saratov_RU,Sokolovyy,RU,51.666127286936,45.817535924047
Sol'tsy_NaN_Novgorod_RU,Sol'tsy,RU,58.11362726746272,30.304452439875096
Soledad de Graciano Sanchez_Soledad de Graciano Sanchez_San Luis Potosi_MX,Soledad de Graciano Sanchez,MX,22.168768309128,-100.91340753111
Soledad_Monterey County_California_US,Soledad,US,36.527036232198,-121.31708031946
Soledade_Soledade_Rio Grande do Sul_BR,Soledade,BR,-29.08715723413,-52.25561579924
Solleftea_Solleftea Kommun_Vaesternorrland_SE,Solleftea,SE,62.98792,17.174105
Solwezi_NaN_North-Western_ZM,Solwezi,ZM,-12.52113576534452,26.22399413248085
Solyanka_NaN_Astrakhan_RU,Solyanka,RU,46.411279050533,47.985703251738
Sombrio_Sombrio_Santa Catarina_BR,Sombrio,BR,-29.147690026953,-49.723935404699
Somdet_NaN_Kalasin_TH,Somdet,TH,16.681033813741,103.73483967397
Somita_NaN_Western_GM,Somita,GM,13.206089311196,-16.323918733358
Somonino_Powiat kartuski_Pomeranian Voivodeship_PL,Somonino,PL,54.25970096833457,18.250377088830263
Somotillo_NaN_Chinandega_NI,Somotillo,NI,12.965122114988514,-86.85159673208055
Sonkajaervi_Ylae-Savo_Northern Savo_FI,Sonkajaervi,FI,64.00478897663976,27.42232681413491
Sooke_NaN_British Columbia_CA,Sooke,CA,48.361921718461,-123.80542531941
Sop Pong_NaN_Mae Hong Son_TH,Sop Pong,TH,19.543132743615,98.270694010168
Sopuerta_Bizkaia_Basque Country_ES,Sopuerta,ES,43.263023895724,-3.1760749516435
Sorata_NaN_La Paz_BO,Sorata,BO,-15.657334211086848,-68.52217789550802
Sorell_Sorell_Tasmania_AU,Sorell,AU,-42.607182930051,147.56171417663
Sorland_Vaeroy_Nordland_NO,Sorland,NO,67.650514716461,12.594512665458
Soroca_NaN_Raionul Soroca_MD,Soroca,MD,48.13001926024,28.271023079369
Sorreisa_Sorreisa_Troms_NO,Sorreisa,NO,69.61826463492,18.352822878533
Sorsele_Sorsele Kommun_Vaesterbotten_SE,Sorsele,SE,65.293054998752,17.775576391551
Sortland_Sortland_Nordland_NO,Sortland,NO,68.84075534959467,15.598924948845436
Sosdala_Hassleholms Kommun_Skane_SE,Sosdala,SE,55.967692986362,13.75565800053
Sosnogorsk_NaN_Komi Republic_RU,Sosnogorsk,RU,63.56052199935,53.974212998794
Sosnovka_NaN_Tambov_RU,Sosnovka,RU,53.179833394834,41.482347418911
Sotkamo_Kajaani_Kainuu_FI,Sotkamo,FI,64.212070938443,28.953605196042002
Sotouboua_NaN_Centrale_TG,Sotouboua,TG,8.3378949431524,0.99816269247859
Soubre_NaN_Bas-Sassandra_CI,Soubre,CI,5.4868239221431,-6.5600762021258
Soulac-sur-Mer_Departement de la Gironde_Aquitaine_FR,Soulac-sur-Mer,FR,45.53457640298,-1.099156125846
Soustons_Departement des Landes_Aquitaine_FR,Soustons,FR,43.751474164611,-1.3552196913953
South Bend_Pacific County_Washington_US,South Bend,US,46.67675101051,-123.91697642454
South Collingham_Nottinghamshire_England_GB,South Collingham,GB,53.14069033752,-0.76584836105234
South Greeley_Laramie County_Wyoming_US,South Greeley,US,41.045676108629,-104.89063053318
South Padre Island_Cameron County_Texas_US,South Padre Island,US,26.0966188439656,-97.16573931631254
South Point_Cameron County_Texas_US,South Point,US,25.935107680274367,-97.40713707029823
South Valley_Bernalillo County_New Mexico_US,South Valley,US,35.050780846984,-106.8625048978
Sovata_Oras Sovata_Mures_RO,Sovata,RO,46.572077582611,25.08164121032
Spas-Demensk_NaN_Kaluga_RU,Spas-Demensk,RU,54.435851860305,34.281740483267
Spassk-Ryazanskiy_NaN_Rjazan_RU,Spassk-Ryazanskiy,RU,54.463747519565,40.577176063267
Spean Bridge_Highland_Scotland_GB,Spean Bridge,GB,56.984819991298,-4.8730619901921
Spearfish_Lawrence County_South Dakota_US,Spearfish,US,44.475057422906,-103.77112975008
Spisic-Bukovica_NaN_Virovitick-Podravska_HR,Spisic-Bukovica,HR,45.898252274416,17.34993326296
Spokane_Spokane County_Washington_US,Spokane,US,47.619763853932334,-117.47958547049927
Spooner_Washburn County_Wisconsin_US,Spooner,US,45.781867651552,-91.83066067848
Spring City_Rhea County_Tennessee_US,Spring City,US,35.72310763414552,-84.8528515455172
Springbok_Namakwa District Municipality_Northern Cape_ZA,Springbok,ZA,-28.935939156681,17.752119308797
Springer_Colfax County_New Mexico_US,Springer,US,36.095015887671,-104.68497857494
Springfield_Brown County_Minnesota_US,Springfield,US,44.246816556434,-95.128187886448
Spydeberg_Spydeberg_Ostfold_NO,Spydeberg,NO,59.632865753537,11.100597208516
Srikakulam_Srikakulam_Andhra Pradesh_IN,Srikakulam,IN,18.323654711921,83.975292052088
Srinagar_Srinagar_Kashmir_IN,Srinagar,IN,34.066963206216,74.790472768853
Srinagarindra_NaN_Phatthalung_TH,Srinagarindra,TH,7.5770889252736,99.951173568757
Srisailam_Kurnool_Andhra Pradesh_IN,Srisailam,IN,16.106750596935,78.897502932099
St. John's_NaN_Newfoundland and Labrador_CA,St. John's,CA,47.585624899015,-52.709236015217
Stanford_Judith Basin County_Montana_US,Stanford,US,47.256676632339,-110.62661953045
Stanger_iLembe District Municipality_KwaZulu-Natal_ZA,Stanger,ZA,-29.259891579514,31.379672699016
Stanley_NaN_NaN_FK,Stanley,FK,-51.832387879274,-59.019730329992
Stantsiya Novyy Afon_NaN_Abkhazia_GE,Stantsiya Novyy Afon,GE,43.074872485036,40.924723717464
Staraya Akkermanovka_NaN_Orenburg_RU,Staraya Akkermanovka,RU,51.223178599215,58.281166920617
Staraya Stanitsa_NaN_Rostov_RU,Staraya Stanitsa,RU,48.369805885675,40.338439638843
Starobaltachevo_NaN_Bashkortostan_RU,Starobaltachevo,RU,56.050430002155,55.927346385411
Starobin_NaN_Minsk_BY,Starobin,BY,52.481454169385,27.4756194126
Staryy Oskol_NaN_Belgorod_RU,Staryy Oskol,RU,51.30579135999999,37.88631289999999
Staryye Ozinki_NaN_Saratov_RU,Staryye Ozinki,RU,51.217389080078,49.345935018247
Statte_Provincia di Taranto_Apulia_IT,Statte,IT,40.4943870476,17.183556883061
Stawell_Northern Grampians_Victoria_AU,Stawell,AU,-37.094166627338,142.38691663796
Steep Falls_Cumberland County_Maine_US,Steep Falls,US,43.810766139843,-70.69704120965
Stefan Voda_Comuna Stefan Voda_Calarasi_RO,Stefan Voda,RO,44.283408685446,27.351643288419
Steinkjer_Steinkjer_Nord-Trondelag_NO,Steinkjer,NO,63.956411301645,11.413990071918
Stellenbosch_Cape Winelands District Municipality_Western Cape_ZA,Stellenbosch,ZA,-33.920992653336,18.926759535833
Sterling City_Sterling County_Texas_US,Sterling City,US,31.840475422583,-101.01623920983
Sterling_Kenai Peninsula Borough_Alaska_US,Sterling,US,60.485019581119,-150.07297741723
Sterling_Logan County_Colorado_US,Sterling,US,40.679537270994,-102.86758669175
Sterling_Rice County_Kansas_US,Sterling,US,38.117870796698,-98.234585500507
Sterlitamak_NaN_Bashkortostan_RU,Sterlitamak,RU,53.616074409478,55.832920076027
Steuben_Washington County_Maine_US,Steuben,US,44.504518761374,-67.927403095749
Stevensville_Ravalli County_Montana_US,Stevensville,US,46.401134140975,-114.14459225957
Stewartstown_York County_Pennsylvania_US,Stewartstown,US,39.717867183848,-76.633161390876
Stilfontein_Dr Kenneth Kaunda District Municipality_North-West_ZA,Stilfontein,ZA,-26.829257430205,26.800584197797
Stillwater_Saratoga County_New York_US,Stillwater,US,42.899119177752,-73.643345557179
Stilwell_Adair County_Oklahoma_US,Stilwell,US,35.842082097493,-94.659067019381
Stjordalshalsen_Stjordal_Nord-Trondelag_NO,Stjordalshalsen,NO,63.537068204849,11.065251024131
Stockheim_Upper Franconia_Bavaria_DE,Stockheim,DE,50.291060572965,11.291965737137
Stoholm_Viborg Kommune_Central Jutland_DK,Stoholm,DK,56.411170530193,9.1116389592141
Stoneboro_Mercer County_Pennsylvania_US,Stoneboro,US,41.273330666667,-80.137207027778
Stoneville_Kalgoorlie/Boulder_Western Australia_AU,Stoneville,AU,-31.673583334686,121.6574444431
Stonewall_Clarke County_Mississippi_US,Stonewall,US,32.171671701272,-88.735161099186
Stony Hill_NaN_Saint Andrew_JM,Stony Hill,JM,18.142867374101,-76.716926284284
Stony Plain_NaN_Alberta_CA,Stony Plain,CA,53.570111347729,-114.23384125416
Storsteinnes_Balsfjord_Troms_NO,Storsteinnes,NO,69.5138168197978,19.252508986796386
Strai_Kristiansand_Vest-Agder_NO,Strai,NO,58.181034614553,7.9340852960855
Strandby_Frederikshavn Kommune_North Denmark_DK,Strandby,DK,57.594072861883,10.390874914982
Stratford_Sherman County_Texas_US,Stratford,US,36.33683490000254,-102.0651185
Straumen_Sorfold_Nordland_NO,Straumen,NO,67.102916008721,16.065251015434
Strba_Okres Poprad_Presovsky_SK,Strba,SK,49.149530659909,20.039162019999
Streaky Bay_Streaky Bay_South Australia_AU,Streaky Bay,AU,-32.890416666666,135.18980555737
Strejnicu_Comuna Targsoru Vechi_Prahova_RO,Strejnicu,RO,44.956966854549,25.937121257969
Stroemsund_Stroemsunds Kommun_Jaemtland_SE,Stroemsund,SE,63.881443055747,15.629205000825
Stromness_Orkney Islands_Scotland_GB,Stromness,GB,59.060785743556,-3.3346042481957
Stuart_Patrick County_Virginia_US,Stuart,US,36.689199247766,-80.285342574212
Stupino_NaN_Moskovskaya_RU,Stupino,RU,54.946146489904,38.051827200738
Stupsk_Powiat mlawski_Masovian Voivodeship_PL,Stupsk,PL,53.039459229109,20.444334812683
Stykkisholmur_NaN_West_IS,Stykkisholmur,IS,64.945375095167,-22.900831882517
Sua_NaN_Central_BW,Sua,BW,-19.367538448911,25.874634179323
Suaza_NaN_Huila_CO,Suaza,CO,1.9775837689159,-75.797459137893
Suchindram_Kanniyakumari_Tamil Nadu_IN,Suchindram,IN,8.1470938874574,77.47475704352
Sucre_NaN_Chuquisaca_BO,Sucre,BO,-19.083104543614,-65.229526259077
Sudbury_Suffolk_England_GB,Sudbury,GB,52.048549103651,0.74213289410351
Sudimoro_NaN_East Java_ID,Sudimoro,ID,-8.2453860128016,111.30526497601
Suesca_NaN_Cundinamarca_CO,Suesca,CO,5.1486378850811,-73.824438253347
Sufalat Sama'il_NaN_Muhafazat ad Dakhiliyah_OM,Sufalat Sama'il,OM,23.153850824895,57.847906511626
Sugag_Comuna Sugag_Alba_RO,Sugag,RO,45.777807931383,23.622330304077
Suk Samran_NaN_Ranong_TH,Suk Samran,TH,9.4396195405991,98.48007904884
Sukadana_NaN_Bali_ID,Sukadana,ID,-8.2231282944987,115.5386358684
Suklayin_Province of Aurora_Central Luzon_PH,Suklayin,PH,15.811080909224,121.5420932898
Sukuta_NaN_Western_GM,Sukuta,GM,13.413550436215,-16.733341558564
Sulligent_Lamar County_Alabama_US,Sulligent,US,33.913401555572,-88.098242330514
Sullivans Island_Charleston County_South Carolina_US,Sullivans Island,US,32.759999863863,-79.842889276612
Sultanah_NaN_Al Madinah al Munawwarah_SA,Sultanah,SA,24.454902913295,39.538190836314
Sultanhani_NaN_Aksaray_TR,Sultanhani,TR,38.020759298645,33.552473342978
Sulucem_NaN_Agri_TR,Sulucem,TR,39.561935979192,43.863199530213
Sumbe_NaN_Cuanza Sul_AO,Sumbe,AO,-10.639712875142,13.778138897082
Sumkino_NaN_Tjumen_RU,Sumkino,RU,57.821118057475,67.968089022059
Summerset_Meade County_South Dakota_US,Summerset,US,44.253521938826,-103.40482658873
Summit_Cook County_Illinois_US,Summit,US,41.781216035522,-87.812510655584
Sun Valley_Blaine County_Idaho_US,Sun Valley,US,44.121085096255,-114.86743388197
Sundhouse_Departement du Bas-Rhin_Alsace_FR,Sundhouse,FR,48.288129847229,7.6258602928626
Sungai Penuh_NaN_Jambi_ID,Sungai Penuh,ID,-2.52635638888889,101.26015472222224
Sungai Petani_NaN_Kedah_MY,Sungai Petani,MY,5.5845502779815,100.57855238961
Sungaibengkal_NaN_Jambi_ID,Sungaibengkal,ID,-1.5513883253305,102.7256750542
Suodenniemi_Lounais-Pirkanmaa_Pirkanmaa_FI,Suodenniemi,FI,61.504865838499,22.892205389826
Suomussalmi_Kehys-Kainuu_Kainuu_FI,Suomussalmi,FI,64.875024996105,28.959068053814
Superior_Boulder County_Colorado_US,Superior,US,39.886574227505,-105.2410688943
Superior_Mineral County_Montana_US,Superior,US,47.167456194879,-114.85643359706
Sur_NaN_Ash Sharqiyah_OM,Sur,OM,22.383316200409,59.787264467346
Surco_Provincia de Huarochiri_Lima_PE,Surco,PE,-11.887589707179,-76.458145375024
Surgut_NaN_Khanty-Mansiyskiy Avtonomnyy Okrug_RU,Surgut,RU,61.260150414256,73.522148117793
Susehri_NaN_Sivas_TR,Susehri,TR,40.16902047804,38.126699167748
Sussex_NaN_New Brunswick_CA,Sussex,CA,45.735513886679,-65.424444445219
Sutherland_Lincoln County_Nebraska_US,Sutherland,US,41.138604236396,-101.16672242293
Sutomore_NaN_Bar_ME,Sutomore,ME,42.236932269019,19.072948164325
Sutton-Alpine_Matanuska-Susitna Borough_Alaska_US,Sutton-Alpine,US,61.797181230467,-147.99474523649
Sutton_Monteregie_Quebec_CA,Sutton,CA,45.146528122725,-72.655169125303
Suure-Jaani_Suure-Jaani vald_Viljandimaa_EE,Suure-Jaani,EE,58.497096013889,25.594207816978
Suva_NaN_Central_FJ,Suva,FJ,-18.173553564869,178.20697761471
Suyo_Province of Ilocos Sur_Ilocos_PH,Suyo,PH,16.950496649762,120.59881168602
Svalsta_Nykopings Kommun_Soedermanland_SE,Svalsta,SE,58.548832499964,16.722419265226
Svardsjo_Faluns Kommun_Dalarna_SE,Svardsjo,SE,60.881670422122,15.750331758668
Svecha_NaN_Kirov_RU,Svecha,RU,58.267860583076,47.50635169564
Svetlyy Yar_NaN_Volgograd_RU,Svetlyy Yar,RU,48.508766277308,44.610329158417
Svetlyy_NaN_Orenburg_RU,Svetlyy,RU,50.427451432031,60.512799852119
Svetlyy_NaN_Saratov_RU,Svetlyy,RU,51.731303713909,45.751649149568
Svobodnyy_NaN_Amur_RU,Svobodnyy,RU,51.525736127166,128.22289549816
Svolvaer_Vagan_Nordland_NO,Svolvaer,NO,68.32785520716719,14.510498917574264
Swan Hill_Swan Hill_Victoria_AU,Swan Hill,AU,-35.681936269202,144.06441770945
Swanville_Waldo County_Maine_US,Swanville,US,44.514100764839,-69.001270490666
Sweet Home_Linn County_Oregon_US,Sweet Home,US,44.405976019556,-122.68080614111
Sweetwater_Nolan County_Texas_US,Sweetwater,US,32.308776577039,-100.34213045064
Swiecie_Powiat swiecki_Kujawsko-Pomorskie_PL,Swiecie,PL,53.459805151415,18.412207487947
Swift Current_NaN_Saskatchewan_CA,Swift Current,CA,50.258508332681,-108.01232777302
Sydney Mines_NaN_Nova Scotia_CA,Sydney Mines,CA,46.807864470723,-60.69746688984
Sydney_NaN_Nova Scotia_CA,Sydney,CA,46.113565804473,-60.245439797265
Sykesville_Jefferson County_Pennsylvania_US,Sykesville,US,41.068748082228,-78.854048794581
Syktyvkar_Syktyvdinskiy Rayon_Komi Republic_RU,Syktyvkar,RU,61.713801069704,50.796164819507
Sylvester_Worth County_Georgia_US,Sylvester,US,31.730143239383,-83.941946991782
Syriam_NaN_Yangon_MM,Syriam,MM,16.967411445994,96.298541125623
Syrskoye_NaN_Lipetsk_RU,Syrskoye,RU,52.510368262923,39.496278796806
Szczecinek_Powiat szczecinecki_West Pomeranian Voivodeship_PL,Szczecinek,PL,53.746728221048,16.614275016621
Szczekociny_Powiat zawiercianski_Silesian Voivodeship_PL,Szczekociny,PL,50.627178992764,19.834788324791
Szczytno_Powiat szczycienski_Warmian-Masurian Voivodeship_PL,Szczytno,PL,53.541765820669305,20.967552054822832
THorlakshoefn_NaN_South_IS,THorlakshoefn,IS,63.887849149012,-21.287853966708
Tabalah_NaN_Mintaqat `Asir_SA,Tabalah,SA,20.179633719485,42.328290968423
Tabarka_NaN_Jundubah_TN,Tabarka,TN,36.915540346782,8.7523736529422
Tabasco_NaN_Zacatecas_MX,Tabasco,MX,21.777303429539,-102.97210526443
Tabing_NaN_West Sumatra_ID,Tabing,ID,-0.90362799756023,100.35993100235
Tabor City_Columbus County_North Carolina_US,Tabor City,US,34.180697394049,-78.999861158587
Tabora_NaN_Tabora_TZ,Tabora,TZ,-5.3456618493252,33.202080392134
Tabuaco_Tabuaco_Viseu_PT,Tabuaco,PT,41.073602393602,-7.5637859939727
Tabuk_NaN_Mintaqat Tabuk_SA,Tabuk,SA,28.374084086122608,36.58265720531843
Tabwakea Village_Kiritimati_Line Islands_KI,Tabwakea Village,KI,2.016966859205,-157.48562012048
Tacheng_NaN_Xinjiang Uygur Zizhiqu_CN,Tacheng,CN,46.49160434388,82.247289021724
Tadian_Mountain Province_Cordillera_PH,Tadian,PH,16.98850170216,120.83776332308
Tafraout_Tiznit_Souss-Massa-Draa_MA,Tafraout,MA,29.823979785058,-8.9126653148942
Taft Heights_Kern County_California_US,Taft Heights,US,35.044294442591,-119.89496389195
Taghazout_Agadir-Ida-ou-Tnan_Souss-Massa-Draa_MA,Taghazout,MA,30.59472693228531,-9.76861849815446
Taguatinga_Taguatinga_Tocantins_BR,Taguatinga,BR,-12.292259644069,-45.847223546752
Tahir_NaN_Agri_TR,Tahir,TR,39.836611131152,42.41096133581
Tahoua_NaN_Tahoua_NE,Tahoua,NE,14.891967477767585,5.272548622475168
Tailem Bend_Murray Bridge_South Australia_AU,Tailem Bend,AU,-35.420463407127,139.60820233467
Taipa_Far North District_Northland_NZ,Taipa,NZ,-35.001683669786,173.57733297324
Taitung_Taitung_Taiwan_TW,Taitung,TW,22.829185833241,121.18542151738001
Taivalkoski_Koillismaa_Northern Ostrobothnia_FI,Taivalkoski,FI,65.505028187113,28.591039084913
Takaka_Tasman District_Tasman_NZ,Takaka,NZ,-40.683134463362,172.3863073877
Takeo_NaN_Takeo_KH,Takeo,KH,11.007657346113,104.75496848679
Takoradi_NaN_Western_GH,Takoradi,GH,4.9105615160123,-1.9740975755938
Takua Pa_NaN_Phangnga_TH,Takua Pa,TH,8.8037003179188,98.276606263784
Tal'menka_NaN_Altai Krai_RU,Tal'menka,RU,53.939428377919,83.44033881611
Tala_NaN_Canelones_UY,Tala,UY,-34.295918627894,-55.743422179422
Talanga_NaN_Francisco Morazan_HN,Talanga,HN,14.417139133891274,-87.08061109513417
Talayan_Province of Maguindanao_Autonomous Region in Muslim Mindanao_PH,Talayan,PH,6.9894510042565,124.34485200173
Talca_Provincia de Talca_Maule_CL,Talca,CL,-35.04224680900741,-71.7139396289728
Taldom_NaN_Moskovskaya_RU,Taldom,RU,56.668386246816,37.567701652056
Talensac_Departement d'Ille-et-Vilaine_Brittany_FR,Talensac,FR,48.074205676569,-1.9319240766274
Talisay_Province of Cebu_Central Visayas_PH,Talisay,PH,10.251851667052,123.84213166886
Tallahassee_Leon County_Florida_US,Tallahassee,US,30.419937852729,-84.136448125376
Talnakh_NaN_Krasnoyarskiy_RU,Talnakh,RU,69.476138775738,88.415314154736
Tamale_NaN_Northern_GH,Tamale,GH,9.4096039282404,-0.44420745558897
Taman'_NaN_Krasnodarskiy_RU,Taman',RU,45.196949580436,36.639310290575
Tamasane_NaN_Central_BW,Tamasane,BW,-22.072439228722,27.276186640191
Tamberias_NaN_San Juan_AR,Tamberias,AR,-31.798463401851,-69.295858502233
Tamboril_NaN_Santiago_DO,Tamboril,DO,19.485354632945,-70.609746081307
Tamontaka_Cotabato City_Soccsksargen_PH,Tamontaka,PH,7.1819949881925,124.22295998657
Tamutuo Gelake_NaN_Xinjiang Uygur Zizhiqu_CN,Tamutuo Gelake,CN,41.386570462179925,82.10936803162612
Tanaina_Matanuska-Susitna Borough_Alaska_US,Tanaina,US,61.622289208953,-149.42879901444
Tanda_NaN_Muhafazat al Gharbiyah_EG,Tanda,EG,30.729726148863,31.029265540901
Tandil_Partido de Tandil_Buenos Aires_AR,Tandil,AR,-37.369280463486,-59.124866250293
Tando Bago_NaN_Sindh_PK,Tando Bago,PK,24.74100955538291,69.11719442898416
Tando Mittha Khan_NaN_Sindh_PK,Tando Mittha Khan,PK,25.865975919777984,69.23452189627783
Tandragee_Armagh District_Northern Ireland_GB,Tandragee,GB,54.32522014878,-6.4619950043525
Tandur_Rangareddi_Telangana_IN,Tandur,IN,17.151027617574,77.75879519048
Tangancicuaro de Arista_NaN_Mexico_MX,Tangancicuaro de Arista,MX,19.903323020599,-102.19213365341
Tangjin_NaN_Chungcheongnam-do_KR,Tangjin,KR,36.89533116615056,126.71286653029571
Tangkou_NaN_Guangdong_CN,Tangkou,CN,22.386389224006,112.55690266473
Tangua_NaN_Narino_CO,Tangua,CO,1.0654458713771,-77.420414625001
Tanjung Lubuk_NaN_South Sumatra_ID,Tanjung Lubuk,ID,-3.3459199966701,104.8802200173
Tanjung Palas_NaN_North Kalimantan_ID,Tanjung Palas,ID,2.8353291226793,117.41536636541
Tanta_NaN_South Kalimantan_ID,Tanta,ID,-2.2085107129155,115.47508373767
Tantow_NaN_Brandenburg_DE,Tantow,DE,53.264811557621314,14.348529617368788
Taochang_NaN_Anhui Sheng_CN,Taochang,CN,31.579428382071,118.03956240746
Taos_Taos County_New Mexico_US,Taos,US,36.381829648598,-105.51931559715
Tapalang_NaN_Sulawesi Barat_ID,Tapalang,ID,-2.7889498511337,118.85970215846
Tapejara_Tapejara_Parana_BR,Tapejara,BR,-23.901530234203,-52.779341107099
Tarabuco_Provincia Yamparaez_Chuquisaca_BO,Tarabuco,BO,-19.15393005654,-64.965239285346
Taraz_NaN_Zhambyl_KZ,Taraz,KZ,42.902845674378,71.379847404785
Taremskoye_NaN_Nizjnij Novgorod_RU,Taremskoye,RU,55.900908849511,42.998525280298
Tarija_NaN_Tarija_BO,Tarija,BO,-21.669596304607,-64.661738096063
Tarnobrzeg_Tarnobrzeg_Subcarpathian Voivodeship_PL,Tarnobrzeg,PL,50.567061632267,21.676631652153
Taro'a_NaN_Choiseul_SB,Taro'a,SB,-9.1740840656532,160.89665409831
Taroom_Banana_Queensland_AU,Taroom,AU,-25.8802861201022,149.75322891904565
Tarqumya_NaN_West Bank_PS,Tarqumya,PS,31.558637250787,35.026263792928
Tarsouat_Tiznit_Souss-Massa-Draa_MA,Tarsouat,MA,29.526493407853,-9.2471203287822
Tarsus_NaN_Mersin_TR,Tarsus,TR,37.13714666134,34.859372000384
Tash-Kumyr_NaN_Jalal-Abad_KG,Tash-Kumyr,KG,41.51981805555556,72.4580763888889
Tasiilaq_NaN_Sermersooq_GL,Tasiilaq,GL,65.617205845117,-37.647166561495
Tasova_NaN_Amasya_TR,Tasova,TR,40.75090821914,36.348152292616
Taspinar_NaN_Aksaray_TR,Taspinar,TR,38.190827728222,34.047162515117
Tasucu_NaN_Mersin_TR,Tasucu,TR,36.320695286567,33.881115359721
Tataouine_NaN_Tataouine_TN,Tataouine,TN,32.76272135194342,10.254482818999543
Tatelu_NaN_North Sulawesi_ID,Tatelu,ID,1.531737424256,124.92141314849
Tatsinskiy_NaN_Rostov_RU,Tatsinskiy,RU,48.241261408994,41.40961247712
Taunggyi_NaN_Shan_MM,Taunggyi,MM,20.699373665475,96.767799418671
Taupo_Taupo District_Waikato_NZ,Taupo,NZ,-38.569111270683,176.22408855966
Taviran_Province of Maguindanao_Autonomous Region in Muslim Mindanao_PH,Taviran,PH,7.1101149975842,124.3219700019
Tayan_NaN_West Kalimantan_ID,Tayan,ID,0.011224175424561,109.80899658351
Tazewell_Tazewell County_Virginia_US,Tazewell,US,37.113980552997,-81.610738889069
Taznakht_Ouarzazate_Souss-Massa-Draa_MA,Taznakht,MA,30.45307568463482,-7.509863566319597
Te Anau_Southland District_Southland_NZ,Te Anau,NZ,-45.391338997332,167.760711004
Te Kauwhata_Waikato District_Waikato_NZ,Te Kauwhata,NZ,-37.307403334664,175.24322361556
Teaca_Comuna Teaca_Bistrita-Nasaud_RO,Teaca,RO,46.89000424884,24.524235187725
Teberda_NaN_Karachayevo-Cherkesiya_RU,Teberda,RU,43.291479028693,41.631399013436
Techiman_NaN_Brong-Ahafo_GH,Techiman,GH,7.4798413284924,-1.9618193892513
Tekkekoy_NaN_Samsun_TR,Tekkekoy,TR,41.244924879967,36.399143399671
Telenesti_NaN_Taraclia_MD,Telenesti,MD,47.547889974832,28.474695652177
Telouet_Ouarzazate_Souss-Massa-Draa_MA,Telouet,MA,31.29760189384324,-7.37252475947378
Telpaneca_NaN_Madriz_NI,Telpaneca,NI,13.426589822582,-86.282164452088
Telti_Provincia di Olbia-Tempio_Sardinia_IT,Telti,IT,40.84050467661,9.4019177305055
Temara_Skhirate-Temara_Rabat-Sale-Zemmour-Zaer_MA,Temara,MA,33.912752113266,-6.9767163455277
Tembilahan_NaN_Riau_ID,Tembilahan,ID,-0.265569500954,103.18658140549
Temirtau_NaN_Qaraghandy_KZ,Temirtau,KZ,50.049338287127,72.98264604217
Temiscaming_Abitibi-Temiscamingue_Quebec_CA,Temiscaming,CA,46.630888755084,-79.140690446562
Temiskaming Shores_NaN_Ontario_CA,Temiskaming Shores,CA,47.311438041019,-79.802099589388
Temuco_Provincia de Cautin_Araucania_CL,Temuco,CL,-38.67558906088,-72.537539652182
Temyasovo_NaN_Bashkortostan_RU,Temyasovo,RU,53.281295337742,58.371898088555
Tena_NaN_Napo_EC,Tena,EC,-1.0067626818379,-77.585454907147
Tenenkou_NaN_Mopti_ML,Tenenkou,ML,14.445649692131,-4.9061407308025
Tengrela_NaN_Savanes_CI,Tengrela,CI,10.585113913541,-6.8984824079518
Tenkodogo_Province du Boulgou_Centre-Est_BF,Tenkodogo,BF,11.499243154443535,-0.4889496671243932
Tennant Creek_Barkly_Northern Territory_AU,Tennant Creek,AU,-19.92083367163,134.20966960473
Tennevoll_Lavangen_Troms_NO,Tennevoll,NO,68.678589125606,17.915425700765
Tenno_NaN_Akita_JP,Tenno,JP,39.978517265386,140.07612681593
Teno_Provincia de Curico_Maule_CL,Teno,CL,-34.850717208515206,-71.12845346234651
Teonthar_Rewa_Madhya Pradesh_IN,Teonthar,IN,24.841416471182,81.571273681181
Teploklyuchenka_NaN_Ysyk-Koel_KG,Teploklyuchenka,KG,42.380562885057,78.598880324826
Terenozek_NaN_Qyzylorda_KZ,Terenozek,KZ,44.863523963973,64.831680614282
Teresina_Teresina_Piaui_BR,Teresina,BR,-5.096932193459062,-42.75290053869131
Teriberka_NaN_Murmansk_RU,Teriberka,RU,69.19933886919766,35.303460613104484
Terme_NaN_Samsun_TR,Terme,TR,41.203745741427,37.005452490015
Terra Nova_Ruy Barbosa_Bahia_BR,Terra Nova,BR,-12.484766744874,-40.526377597949
Tervola_Kemi-Tornio_Lapland_FI,Tervola,FI,66.058453680332,24.751260688246
Teteghem_Departement du Nord_Nord-Pas-de-Calais_FR,Teteghem,FR,51.015150435801,2.4635133808277
Teterow_NaN_Mecklenburg-Vorpommern_DE,Teterow,DE,53.767566726067,12.570469375236
Teutopolis_Effingham County_Illinois_US,Teutopolis,US,39.162422951488,-88.421849269052
Texistepec_NaN_Veracruz_MX,Texistepec,MX,17.87190142450306,-94.80801996701248
Teyateyaneng_NaN_Berea_LS,Teyateyaneng,LS,-29.378709827552,27.767795846607
Tezpur_Sontipur_Assam_IN,Tezpur,IN,26.598480679487,92.858182917787
Tha Chana_NaN_Surat Thani_TH,Tha Chana,TH,9.5205393154939,99.196819675503
Tha Sala_NaN_Nakhon Si Thammarat_TH,Tha Sala,TH,8.6486039380868,99.947262872332
Tha Uthen_NaN_Nakhon Phanom_TH,Tha Uthen,TH,17.59576823751,104.55796288915
Thagoona_Ipswich_Queensland_AU,Thagoona,AU,-27.789181610832,152.63856046637
Thai Mueang_NaN_Phangnga_TH,Thai Mueang,TH,8.37710286488,98.264014465785
Thames_Thames-Coromandel District_Waikato_NZ,Thames,NZ,-37.14240593009,175.54248049101
Thanatpin_NaN_Bago_MM,Thanatpin,MM,17.315704444444446,95.96245416666667
Thanh Pho Ha Long_NaN_Quang Ninh_VN,Thanh Pho Ha Long,VN,20.956743316697,107.02339634405
Thanh Pho Thai Nguyen_NaN_Thai Nguyen_VN,Thanh Pho Thai Nguyen,VN,21.554535718908,105.83373970982
Thanh Pho Uong Bi_NaN_Quang Ninh_VN,Thanh Pho Uong Bi,VN,21.054419551447,106.65845722893
Thap Sakae_NaN_Prachuap Khiri Khan_TH,Thap Sakae,TH,11.394847554395,99.513049274313
Thatta_NaN_Sindh_PK,Thatta,PK,24.592816201004,67.966359300156
The Sill_NaN_South Australia_AU,The Sill,AU,-29.018126135411,138.45859957892
The Village_Oklahoma County_Oklahoma_US,The Village,US,35.560523605633,-97.567104980171
Thedford_Thomas County_Nebraska_US,Thedford,US,42.388414463226,-100.54177141785
Thetford_Norfolk_England_GB,Thetford,GB,52.413651436838,0.72331641785081
Thi Tran Khanh Yen_NaN_Lao Cai_VN,Thi Tran Khanh Yen,VN,22.108978431781,104.25962243391
Thi Tran Muong Lat_NaN_Thanh Hoa_VN,Thi Tran Muong Lat,VN,20.468001484747,104.65613702038
Thi Tran Nho Quan_NaN_Ninh Binh_VN,Thi Tran Nho Quan,VN,20.279112091332,105.67919878433
Thi Tran Pho Rang_NaN_Lao Cai_VN,Thi Tran Pho Rang,VN,22.248631898866,104.44903144109
Thi Tran Thanh Luu_NaN_Ha Nam_VN,Thi Tran Thanh Luu,VN,20.454256889989,105.91671834375
Thi Tran Yen Cat_NaN_Thanh Hoa_VN,Thi Tran Yen Cat,VN,19.557307192279,105.39095370114
Thi Tran Yen The_NaN_Yen Bai_VN,Thi Tran Yen The,VN,22.144119529862,104.62652230724
Thimphu_NaN_Thimphu_BT,Thimphu,BT,27.456004910422,89.648550360163
Thong Pha Phum_NaN_Kanchanaburi_TH,Thong Pha Phum,TH,14.694905456504,98.523841806022
Thong Saen Khan_NaN_Uttaradit_TH,Thong Saen Khan,TH,17.400109882311,100.33703270988
Thorndale_Milam County_Texas_US,Thorndale,US,30.524342159484,-97.187286282494
Thorold_NaN_Ontario_CA,Thorold,CA,43.139597919132,-79.192907538838
Three Rivers_Live Oak County_Texas_US,Three Rivers,US,28.450791231941,-98.105155094364
Thu Duc_NaN_Ho Chi Minh City_VN,Thu Duc,VN,10.86306527549,106.81359929365
Thul_NaN_Sindh_PK,Thul,PK,28.18142805923232,68.63823255560504
Thulamahashi_NaN_Limpopo_ZA,Thulamahashi,ZA,-24.394117241548,31.679001041275
Thunder Bay_Thunder Bay District_Ontario_CA,Thunder Bay,CA,48.743305280076,-88.58099927077
Thung Hua Chang_NaN_Lamphun_TH,Thung Hua Chang,TH,17.936473336363,98.906128332603
Thursday Island_Torres_Queensland_AU,Thursday Island,AU,-11.443262265367,142.37898844061
Thyolo_Thyolo District_Southern Region_MW,Thyolo,MW,-16.013659910783,35.038113733797
Tiangua_Tiangua_Ceara_BR,Tiangua,BR,-3.7197662284512,-40.990777482787
Tiantai_NaN_Guizhou Sheng_CN,Tiantai,CN,28.52956555973454,105.80472674838228
Tiassale_NaN_Lagunes_CI,Tiassale,CI,5.9652885716281,-4.7699515931342
Tibacuy_NaN_Cundinamarca_CO,Tibacuy,CO,4.233135594539,-72.474529680295
Ticonderoga_Essex County_New York_US,Ticonderoga,US,43.876732612946,-73.283319468941
Tieri_Central Highlands_Queensland_AU,Tieri,AU,-22.78486111184,147.63266666495
Tierp_Tierps Kommun_Uppsala_SE,Tierp,SE,60.28714089388,17.452876540262
Tiffin_Seneca County_Ohio_US,Tiffin,US,41.068127691715,-83.174180616163
Tigwav_NaN_Ouest_HT,Tigwav,HT,18.417683082911,-72.938810164722
Tihuatlan_NaN_Veracruz_MX,Tihuatlan,MX,20.783690101187,-97.484627499217
Tikapur_NaN_Far Western_NP,Tikapur,NP,28.574267756505,81.116421505744
Tikhvin_NaN_Leningrad_RU,Tikhvin,RU,59.68808378563692,33.35691086154577
Tikrit_NaN_Salah ad Din Governorate_IQ,Tikrit,IQ,34.615618300789,43.713059974039
Tikuch_Valladolid_Yucatan_MX,Tikuch,MX,20.761202780079,-88.068308786461
Timbuktu_NaN_Tombouctou_ML,Timbuktu,ML,16.772460463293,-3.0065320339553
Timezgadiouine_Chichaoua_Marrakech-Tensift-Al Haouz_MA,Timezgadiouine,MA,31.01900848145408,-9.02690368803998
Timiryazevskoye_NaN_Tomsk_RU,Timiryazevskoye,RU,56.464839274212,84.908366970677
Timmins_NaN_Ontario_CA,Timmins,CA,49.188896015888,-81.423752117307
Tinajo_Provincia de Las Palmas_Canary Islands_ES,Tinajo,ES,29.04777973673865,-13.659958974123349
Tindivanam_Villupuram_Tamil Nadu_IN,Tindivanam,IN,12.251743475595,79.639937876505
Tindouf_NaN_Tindouf_DZ,Tindouf,DZ,27.673028896755,-8.1428182418787
Tingo_Provincia de Luya_Amazonas_PE,Tingo,PE,-6.3607902347894,-77.923557087519
Tingvoll_Tingvoll_More og Romsdal_NO,Tingvoll,NO,62.907344064038,8.2060477223546
Tinwald_Ashburton District_Canterbury_NZ,Tinwald,NZ,-44.127046000497,171.61637000779
"Tippi_NaN_Southern Nations, Nationalities, and People's Region_ET",Tippi,ET,7.555306158823528,35.798046046020765
Tirapata_Provincia de Azangaro_Puno_PE,Tirapata,PE,-15.095842799654,-70.355651128374
Tiream_Comuna Tiream_Satu Mare_RO,Tiream,RO,47.628110000029,22.528907056738
Tirodi_Balaghat_Madhya Pradesh_IN,Tirodi,IN,21.699233362844,79.430641054987
Tisaiyanvilai_Tirunelveli Kattabo_Tamil Nadu_IN,Tisaiyanvilai,IN,8.3249587225094,77.873294271491
Tiztoutine_Nador_Oriental_MA,Tiztoutine,MA,35.111014373331,-3.3158432545697
Tlazcalancingo_NaN_Puebla_MX,Tlazcalancingo,MX,19.03203900391,-98.27192167643
Toba_NaN_Mie_JP,Toba,JP,34.25860544364544,136.7907118587002
Tobol_NaN_Qostanay_KZ,Tobol,KZ,52.673516130261,62.605410122769
Tocina_Provincia de Sevilla_Andalusia_ES,Tocina,ES,37.604183975458,-5.7570070343643
Todos Santos_NaN_Baja California Sur_MX,Todos Santos,MX,23.767110088123,-109.99705091606
Tofield_NaN_Alberta_CA,Tofield,CA,53.366857435849,-112.75718778725
Toga Village_NaN_Nanumanga_TV,Toga Village,TV,-6.2998966324615004,176.31979821064
Tok_Southeast Fairbanks Census Area_Alaska_US,Tok,US,63.90051299997224,-142.22530950000004
Tokat_NaN_Tokat_TR,Tokat,TR,40.270364630844,36.544935810941
Tokoroa_South Waikato District_Waikato_NZ,Tokoroa,NZ,-38.461688128672,175.77490110494
Toktogul_NaN_Jalal-Abad_KG,Toktogul,KG,41.64901694128432,72.73229305320757
Toledo_NaN_Canelones_UY,Toledo,UY,-34.733617450443,-56.091125983302
Toledo_NaN_Cordoba_AR,Toledo,AR,-31.650002675824,-64.147614885529
Tolga_NaN_Biskra_DZ,Tolga,DZ,34.74567489079308,5.36086102045841
Toliara_Toliara I District_Atsimo-Andrefana_MG,Toliara,MG,-23.328314365404,43.701399191892
Tolkmicko_Powiat elblaski_Warmian-Masurian Voivodeship_PL,Tolkmicko,PL,54.232510954864,19.540086506051
Tom Price_Ashburton_Western Australia_AU,Tom Price,AU,-22.692528313555,117.88788754515
Toma_Province du Nayala_Boucle du Mouhoun_BF,Toma,BF,12.881237270072548,-2.767439008483758
Tomahawk_Lincoln County_Wisconsin_US,Tomahawk,US,45.594476491384,-89.692842033096
Tomar_Tomar_Santarem_PT,Tomar,PT,39.581442024025,-8.3702013695826
Tomball_Harris County_Texas_US,Tomball,US,30.051096187561,-95.590934584478
Tombu_NaN_Eastern Province_SL,Tombu,SL,8.7485511131123,-10.749238426844
Tome Acu_Tome-Acu_Para_BR,Tome Acu,BR,-2.3959868364047,-48.23035056431
Tome_Provincia de Concepcion_Biobio_CL,Tome,CL,-36.580109990506,-72.75679480266
Tomelilla_Tomelilla Kommun_Skane_SE,Tomelilla,SE,55.527148328022,13.983926252611
Tomislavgrad_NaN_Federation of Bosnia and Herzegovina_BA,Tomislavgrad,BA,43.782334159843,17.158141639571
Tomra_Vestnes_More og Romsdal_NO,Tomra,NO,62.540472755271,6.9587715439543
Tongle_NaN_Guangxi Zhuangzu Zizhiqu_CN,Tongle,CN,24.826912018923,106.16871498502
Tono_NaN_Iwate_JP,Tono,JP,39.254838439485,141.43575076392
Tonopah_Nye County_Nevada_US,Tonopah,US,38.016108334339,-117.81844167087
Tonota_NaN_Central_BW,Tonota,BW,-21.525893063064,27.402830035658
Tooele_Tooele County_Utah_US,Tooele,US,40.188777465946,-112.35600203617
Toolooa_Gladstone_Queensland_AU,Toolooa,AU,-24.411768076424988,151.49544214833887
Topalu_Comuna Topalu_Constanta_RO,Topalu,RO,44.575697415928,28.059968337764
Topes de Collantes_Municipio de Trinidad_Sancti Spiritus_CU,Topes de Collantes,CU,21.861713068239,-80.211296969393
Topolovgrad_Obshtina Topolovgrad_Khaskovo_BG,Topolovgrad,BG,41.993793627722994,26.197709815842
Toretam_NaN_Bayqongyr Qalasy_KZ,Toretam,KZ,45.763950020642,63.716741231751
Tornquist_Partido de Tornquist_Buenos Aires_AR,Tornquist,AR,-38.074104828007,-61.984788354174
Toropets_NaN_Tverskaya_RU,Toropets,RU,56.567267489693,31.481648914146
Torqabeh_NaN_Razavi Khorasan_IR,Torqabeh,IR,36.41680302863004,59.43687632907877
Torrent_Provincia de Valencia_Valencia_ES,Torrent,ES,39.460132322219,-0.55272321487792
Torreon_NaN_Coahuila_MX,Torreon,MX,25.553620610432,-103.43628580907
Torres_Torres_Rio Grande do Sul_BR,Torres,BR,-29.223352475193,-49.760140961302
Torrington_Goshen County_Wyoming_US,Torrington,US,41.737457431302,-104.26573585589
Tortola_NaN_NaN_VG,Tortola,VG,18.447865898271,-64.550493615513
Tortolita_Pima County_Arizona_US,Tortolita,US,32.435267090545,-111.08057536975
Torzhok_NaN_Tverskaya_RU,Torzhok,RU,57.179623753818,34.982971978956
Totalan_Provincia de Malaga_Andalusia_ES,Totalan,ES,36.801281184364,-4.3795358113365
Totana_Murcia_Murcia_ES,Totana,ES,37.731368234667,-1.543961692369
Totora_NaN_Cochabamba_BO,Totora,BO,-17.690189391189,-65.292401491956
Totoral_NaN_Oruro_BO,Totoral,BO,-18.613348994880607,-66.90609813729084
Totumbang_NaN_South Sulawesi_ID,Totumbang,ID,-3.1053130421961,119.99348100532
Toumodi_NaN_Lacs_CI,Toumodi,CI,6.5558284869444,-5.016283541607
Toungo_NaN_Adamawa_NG,Toungo,NG,8.1225709215585,12.020794140566
Tower_County Cork_Munster_IE,Tower,IE,51.898354489515,-8.5714381838768
Townsville_Townsville_Queensland_AU,Townsville,AU,-19.517198997114,147.04852303161
Toyooka_NaN_Hyogo_JP,Toyooka,JP,35.596311366486,134.69254811224
Tozeur_NaN_Tawzar_TN,Tozeur,TN,33.922946807399526,8.134871147608507
Traiguen_Provincia de Malleco_Araucania_CL,Traiguen,CL,-38.183527606814,-72.946953458211
Trairi_Trairi_Ceara_BR,Trairi,BR,-3.3588603683178,-39.335672575504
Trancoso_NaN_Zacatecas_MX,Trancoso,MX,22.631184700507,-102.43580658052
Trenel_Departamento de Trenel_La Pampa_AR,Trenel,AR,-35.856417218398,-63.939855237779
Trento_Province of Agusan del Sur_Caraga_PH,Trento,PH,8.0116610120005,126.06026965463
Trenton_Hitchcock County_Nebraska_US,Trenton,US,40.00301076407,-101.06044808343
Trenton_Jones County_North Carolina_US,Trenton,US,35.091415583962,-77.461602913465
Tres Coracoes_Tres Coracoes_Minas Gerais_BR,Tres Coracoes,BR,-21.627761901182,-45.069768224803
Tres Isletas_NaN_Chaco_AR,Tres Isletas,AR,-26.538393358312,-60.213452753613
Tres Lagoas_Tres Lagoas_Mato Grosso do Sul_BR,Tres Lagoas,BR,-20.78872321951356,-51.64305705244801
Tres Passos_Tres Passos_Rio Grande do Sul_BR,Tres Passos,BR,-27.137914004205,-53.923427325864
Tretten_Oyer_Oppland_NO,Tretten,NO,61.272603400257,10.32953110148
Trevelin_NaN_Chubut_AR,Trevelin,AR,-43.079354403485,-71.463269208276
Trilj_NaN_Splitsko-Dalmatinska_HR,Trilj,HR,43.606012141093,16.86383689605
Trincomalee_NaN_Eastern Province_LK,Trincomalee,LK,8.628455351994,80.99136854673
Trinidad_Las Animas County_Colorado_US,Trinidad,US,37.044130975532,-104.51767259584
Trinidad_NaN_El Beni_BO,Trinidad,BO,-14.851979704568,-64.907363402564
Trinita d'Agultu_Provincia di Olbia-Tempio_Sardinia_IT,Trinita d'Agultu,IT,40.983568499966,8.9266319233937
Trogir_Grad Trogir_Splitsko-Dalmatinska_HR,Trogir,HR,43.596927358928,16.344281225813
Trois-Rivieres_Mauricie_Quebec_CA,Trois-Rivieres,CA,46.371323115696,-72.556655140518
Troitskiy_NaN_Sverdlovsk_RU,Troitskiy,RU,57.093969867891,63.978015096446
Troitskoye_NaN_Altai Krai_RU,Troitskoye,RU,53.053246944444,84.96223
Trompsburg_Xhariep District Municipality_Orange Free State_ZA,Trompsburg,ZA,-30.375783623017,25.878178494298
Tromso_Tromso_Troms_NO,Tromso,NO,70.045651337551,18.888100628011
Trosna_NaN_Orjol_RU,Trosna,RU,52.344674271019166,35.84072995105411
Trudovoye_NaN_Primorskiy_RU,Trudovoye,RU,43.232194051432,132.02210801594
Truro_NaN_Nova Scotia_CA,Truro,CA,45.151023426844,-63.355190483954
Truth or Consequences_Sierra County_New Mexico_US,Truth or Consequences,US,33.076248547122,-107.30792350162
Tsau_NaN_NaN_BW,Tsau,BW,-20.287245181736,22.586766483518
Tselina_NaN_Rostov_RU,Tselina,RU,46.97299222356,41.216840867566
Tshikapa_NaN_Kasai-Occidental_CD,Tshikapa,CD,-6.624716056754,20.220793372558
Tuckahoe_Suffolk County_New York_US,Tuckahoe,US,40.898625376409,-72.410940970619
Tucson Estates_Pima County_Arizona_US,Tucson Estates,US,32.228125096071,-111.14267545561
Tugun_Gold Coast_Queensland_AU,Tugun,AU,-28.144398119358,153.47946490977
Tuhian_Province of Quezon_Calabarzon_PH,Tuhian,PH,13.652975308917654,122.2172795814621
Tulbing_Politischer Bezirk Tulln_Lower Austria_AT,Tulbing,AT,48.264550005964,16.133136993632
Tule Mod_NaN_Inner Mongolia_CN,Tule Mod,CN,45.309385,120.623695
Tultepec_Tultepec_Mexico_MX,Tultepec,MX,19.681567230556,-99.128395511653
Tulun_NaN_Irkutsk_RU,Tulun,RU,54.553558856142,100.55788644597
Tumbaya_Departamento de Tumbaya_Jujuy_AR,Tumbaya,AR,-23.982010287409,-65.452381125669
Tumkur_Tumkur_Karnataka_IN,Tumkur,IN,13.362319714514,77.11973999984
Tunbao_NaN_Hubei_CN,Tunbao,CN,30.356877141891,109.33930454345
Tupaciguara_Tupaciguara_Minas Gerais_BR,Tupaciguara,BR,-18.497623732957,-48.495017927297
Tupiza_NaN_Potosi_BO,Tupiza,BO,-21.370799616216,-65.746117925552
Turangi_NaN_Waikato_NZ,Turangi,NZ,-38.923619397889,175.88887109171
Turbaco_NaN_Bolivar_CO,Turbaco,CO,10.341105739912,-75.424076076061
Turbo_NaN_Antioquia_CO,Turbo,CO,8.023518559660971,-76.71657949490077
Turgenevo_NaN_Mordoviya_RU,Turgenevo,RU,54.84947132715,46.430793456794
Turgoyak_NaN_Chelyabinsk_RU,Turgoyak,RU,55.175526704717,60.161768548867
Turkmenabat_NaN_Lebap_TM,Turkmenabat,TM,38.504122376623,63.141689936822
Turkmenbasy_NaN_Balkan_TM,Turkmenbasy,TM,39.994043953898,52.890616831692
Turrialba_NaN_Cartago_CR,Turrialba,CR,9.8827955970838,-83.649209426725
Turtas_NaN_Tjumen_RU,Turtas,RU,58.747890040963,68.937727125063
Tuy Hoa_NaN_Phu Yen_VN,Tuy Hoa,VN,12.905904222615,109.37813835013
Tuzluca_NaN_Igdir_TR,Tuzluca,TR,40.20973942013,43.588881597582
Tvaaker_Varbergs Kommun_Halland_SE,Tvaaker,SE,57.069846628814,12.509087363794
Tvoroyri_NaN_Suduroy_FO,Tvoroyri,FO,61.522126162685,-6.7504630583047
Tvrdosin_NaN_Zilinsky_SK,Tvrdosin,SK,49.321417002248,19.543460957034
Twante_NaN_Yangon_MM,Twante,MM,16.723271762532,95.945814149301
Twentynine Palms_San Bernardino County_California_US,Twentynine Palms,US,34.558902367022,-115.71505262577
Two Rocks_Wanneroo_Western Australia_AU,Two Rocks,AU,-31.510901254594835,115.6035080910977
Tybee Island_Chatham County_Georgia_US,Tybee Island,US,32.003034400914,-80.862461093788
Tyndall_Bon Homme County_South Dakota_US,Tyndall,US,42.94894810216,-97.65888608372
Tyrnaevae_Oulu_Northern Ostrobothnia_FI,Tyrnaevae,FI,64.657271701228,25.615979529695
Tyrone_Blair County_Pennsylvania_US,Tyrone,US,40.659484782166,-78.088513980713
Tyubuk_NaN_Chelyabinsk_RU,Tyubuk,RU,56.095018325179,60.91348667843
Tyup_NaN_Ysyk-Koel_KG,Tyup,KG,42.77391515592,78.320182369491
Tywyn_Gwynedd_Wales_GB,Tywyn,GB,52.628742570947,-4.0903780851364
Tzaneen_Mopani District Municipality_Limpopo_ZA,Tzaneen,ZA,-23.823788331455,30.048785846013
Uacu Cungo_NaN_Cuanza Sul_AO,Uacu Cungo,AO,-11.051344486087,15.08025000902
Uba_NaN_Borno_NG,Uba,NG,10.378784660414,12.976986999896
Ubajay_NaN_Entre Rios_AR,Ubajay,AR,-31.659876146045,-58.23739357067
Ubauro_NaN_Sindh_PK,Ubauro,PK,28.1360662553821,69.72887040002153
Ucdam_NaN_Tunceli_TR,Ucdam,TR,39.609538646823,40.188320973485
Uchte_NaN_Lower Saxony_DE,Uchte,DE,52.50749108663,8.9230537804684
Udaipur_Udaipur_Rajasthan_IN,Udaipur,IN,24.373902581968,73.542989520211
Udalguri_Udalguri_Assam_IN,Udalguri,IN,26.699144290232,92.199798209193
Uglerodovskiy_NaN_Rostov_RU,Uglerodovskiy,RU,48.221367484764,40.1106054263
Uglich_NaN_Jaroslavl_RU,Uglich,RU,57.524471486056,38.300761017398
Uglovoye_NaN_Primorskiy_RU,Uglovoye,RU,43.349545834339,132.09417773358
Ugra_NaN_Smolensk_RU,Ugra,RU,54.865040109589,34.533669497389
Ugurchin_Obshtina Ugurchin_Lovech_BG,Ugurchin,BG,43.0439414,24.54340460000184
Uitenhage_Nelson Mandela Bay Metropolitan Municipality_Eastern Cape_ZA,Uitenhage,ZA,-33.748871568607,25.481233594991
Ulaanbaatar_NaN_Ulaanbaatar_MN,Ulaanbaatar,MN,47.966836583077,106.7124999598
Ulceby_North Lincolnshire_England_GB,Ulceby,GB,53.61453359938,-0.29393139835297
Ulfborg_Holstebro Kommune_Central Jutland_DK,Ulfborg,DK,56.404629088828,8.4246881213113
Ulken_NaN_Almaty Oblysy_KZ,Ulken,KZ,45.014031823262,73.999130199696
Ullapool_Highland_Scotland_GB,Ullapool,GB,58.371779739977,-5.0372321276357
Ulldemolins_Provincia de Tarragona_Catalonia_ES,Ulldemolins,ES,41.33234863880403,0.8524968356701573
Ulsteinvik_Ulstein_More og Romsdal_NO,Ulsteinvik,NO,62.338683985977,5.8648386662222
Ulukulevo_NaN_Bashkortostan_RU,Ulukulevo,RU,54.392452131367,56.774627900256
Ulverstone_Central Coast_Tasmania_AU,Ulverstone,AU,-41.160038924202,146.21884920076
Ulvik_Ulvik_Hordaland_NO,Ulvik,NO,60.551300445199175,6.912229606838758
Umarizal_Umarizal_Rio Grande do Norte_BR,Umarizal,BR,-6.1151011615726,-37.939616024347
Umatilla_Lake County_Florida_US,Umatilla,US,28.952991654403,-81.649193675344
Umet_NaN_Mordoviya_RU,Umet,RU,54.123248445472,42.691111269809
Umm al Qaywayn_NaN_Umm al Qaywayn_AE,Umm al Qaywayn,AE,25.659508816413,55.750592233203
Una_Junagadh_Gujarat_IN,Una,IN,21.011398670338,71.05081293736
Unadilla_Dooly County_Georgia_US,Unadilla,US,32.31498594467438,-83.62984455931947
Unai_Unai_Minas Gerais_BR,Unai,BR,-16.523009628939,-47.142490787645
Unaizah_NaN_Al-Qassim_SA,Unaizah,SA,26.195679213571,44.15946842286
Ungaran_NaN_Central Java_ID,Ungaran,ID,-7.198662291063,110.39198357251
Unidos_Province of Aklan_Western Visayas_PH,Unidos,PH,11.913282404859,121.98437959223
Unity_NaN_Saskatchewan_CA,Unity,CA,52.999188721596,-109.34558684207
Unjha_Mahesana_Gujarat_IN,Unjha,IN,23.643601139983,72.385666044625
Unteriberg_Bezirk Schwyz_Schwyz_CH,Unteriberg,CH,47.052349399806,8.7862221992869
Uozu_NaN_Toyama_JP,Uozu,JP,36.843447096122,137.44539318473
Uravakonda_Anantapur_Andhra Pradesh_IN,Uravakonda,IN,14.837896391871,77.333958051595
Urazovo_NaN_Belgorod_RU,Urazovo,RU,50.15160276559196,37.9802871868368
Urbisaglia_Provincia di Macerata_The Marches_IT,Urbisaglia,IT,43.183754764098,13.394223590929
Uren'_NaN_Nizjnij Novgorod_RU,Uren',RU,57.322683864148,45.701502941132
Urganch_NaN_Xorazm_UZ,Urganch,UZ,41.539293974743,60.64217248306
Uriburu_NaN_La Pampa_AR,Uriburu,AR,-36.537589247694,-63.885545053492
Urjala_Etelae-Pirkanmaa_Pirkanmaa_FI,Urjala,FI,60.97918829447,23.634449811314
Urkut_NaN_Veszprem_HU,Urkut,HU,47.083319488082,17.637280401271
Urubamba_Provincia de Urubamba_Cusco_PE,Urubamba,PE,-13.297381662049,-72.131778339867
Urzhar_NaN_East Kazakhstan_KZ,Urzhar,KZ,47.139618409657,81.166605134417
Ushirombo_NaN_Geita_TZ,Ushirombo,TZ,-3.4732416666667,31.905066666667
Ushuaia_NaN_Tierra del Fuego_AR,Ushuaia,AR,-54.820196766273,-68.325834536207
Usinsk_NaN_Komi Republic_RU,Usinsk,RU,65.99129841904,57.564224585983
Usol'ye_NaN_Perm_RU,Usol'ye,RU,59.482101888358,56.369877395225
Ust'yanka_NaN_Altai Krai_RU,Ust'yanka,RU,53.976204444207,78.706526291621
Ustyuzhna_NaN_Vologda_RU,Ustyuzhna,RU,58.9440155866354,36.304759746354776
Utwe_Utwe Municipality_Kosrae_FM,Utwe,FM,5.262356013149504,163.00519750312793
Uuemoisa_Ridala Parish_Laeaene_EE,Uuemoisa,EE,59.043801407669,23.623165702284
Uvat_NaN_Tjumen_RU,Uvat,RU,59.487111433795,69.185847333047
Uvel'skiy_NaN_Chelyabinsk_RU,Uvel'skiy,RU,54.316535190202,61.355491280935
Uvinza_NaN_Kigoma_TZ,Uvinza,TZ,-5.2081252806609,30.399085863595
Uvira_NaN_South Kivu_CD,Uvira,CD,-3.6139925359474,29.149367748718
Uzda_NaN_Minsk_BY,Uzda,BY,53.399105929355,27.105411136734
Vabalninkas_NaN_NaN_LT,Vabalninkas,LT,56.056741444621,24.735023766563
Vad_NaN_Nizjnij Novgorod_RU,Vad,RU,55.604308350306,44.158817447306
Vadso_Vadso_Finnmark Fylke_NO,Vadso,NO,70.010182788023,29.193863102003
Vaestervik_Vasterviks Kommun_Kalmar_SE,Vaestervik,SE,57.750027186541,16.70176616582
Vagnharad_Trosa Kommun_Soedermanland_SE,Vagnharad,SE,58.987041041555,17.577353762745
Vaitape_NaN_Iles Sous-le-Vent_PF,Vaitape,PF,-16.455361988965,-152.25071177553
Vakhtan_NaN_Nizjnij Novgorod_RU,Vakhtan,RU,58.315699327688,46.678237867537
Valdese_Burke County_North Carolina_US,Valdese,US,35.677183192995,-81.552152956752
Valdez_Valdez-Cordova Census Area_Alaska_US,Valdez,US,61.136415916264,-146.37200234763
Valenca do Piaui_Valenca Do Piaui_Piaui_BR,Valenca do Piaui,BR,-6.36855038341931,-41.78091168865326
Valence_Departement de la Drome_Rhone-Alpes_FR,Valence,FR,44.925970601958,4.9209527101101
Valhalla_Westchester County_New York_US,Valhalla,US,41.092592092575,-73.77779185824
Valldal_Norddal_More og Romsdal_NO,Valldal,NO,62.239748936911,7.1537700278718
Vallenar_Provincia de Huasco_Atacama_CL,Vallenar,CL,-28.58017908411901,-70.78465017496681
Valley City_Barnes County_North Dakota_US,Valley City,US,46.91994096069,-97.827717570931
Valley Green_York County_Pennsylvania_US,Valley Green,US,40.144381727544,-76.850623819504
Valley of Peace_NaN_Cayo_BZ,Valley of Peace,BZ,17.22413160013,-88.896773259594
Valozhyn_NaN_Minsk_BY,Valozhyn,BY,54.085517554143,26.669591495934
Valparaiso_Porter County_Indiana_US,Valparaiso,US,41.541164767576,-87.044112030232
Valsamata_Nomos Kefallinias_Ionian Islands_GR,Valsamata,GR,38.137068390386,20.593798400482
Valtimo_Pielisen Karjala_North Karelia_FI,Valtimo,FI,63.424245050865,28.785735594525
Valuyki_NaN_Belgorod_RU,Valuyki,RU,50.18055666124293,38.09083165365507
Van Buren_Carter County_Missouri_US,Van Buren,US,36.984488168922,-90.885273531416
Van Gia_NaN_Khanh Hoa_VN,Van Gia,VN,12.780975855416,109.30436400479
Van Horn_Culberson County_Texas_US,Van Horn,US,30.806359174915,-104.7872768981
Vanambouani_NaN_Grande Comore_KM,Vanambouani,KM,-11.62648726006,43.262145224599
Vanderhoof_NaN_British Columbia_CA,Vanderhoof,CA,54.01661150436991,-124.00927889503735
Vangaindrano_NaN_Atsimo-Atsinanana_MG,Vangaindrano,MG,-23.445149008973104,47.62971762437461
Vao_NaN_NaN_NC,Vao,NC,-22.662620545813,167.44194589143
Varde_Varde Kommune_South Denmark_DK,Varde,DK,55.564208351526,8.5510432413002
Vargem Grande do Sul_Vargem Grande Do Sul_Sao Paulo_BR,Vargem Grande do Sul,BR,-21.86395904966,-46.878309784841
Varlamovo_NaN_Samara_RU,Varlamovo,RU,53.285256959863,48.470034734424
Varzea da Palma_Varzea Da Palma_Minas Gerais_BR,Varzea da Palma,BR,-17.715424719871184,-44.09141615965573
Vas'kovo_NaN_Arkhangelskaya_RU,Vas'kovo,RU,64.521882875406,40.344222083321
Vatne_Haram_More og Romsdal_NO,Vatne,NO,62.488947161027,6.5912513713875
Vavuniya_NaN_Northern Province_LK,Vavuniya,LK,8.6920909077843,80.376001587065
Vecumnieki_NaN_Vecumnieki_LV,Vecumnieki,LV,56.536203456023,24.650705815968
Vega_Oldham County_Texas_US,Vega,US,35.224978743893,-102.32532999521
Vegreville_NaN_Alberta_CA,Vegreville,CA,53.190127790649,-112.10244793579
Veinticinco de Mayo_NaN_La Pampa_AR,Veinticinco de Mayo,AR,-37.078629940412,-67.529094266481
Vejer de la Frontera_Provincia de Cadiz_Andalusia_ES,Vejer de la Frontera,ES,36.327563096403,-5.9569028550265
Vel'sk_NaN_Arkhangelskaya_RU,Vel'sk,RU,61.033018899662,42.058721461365
Velky Krtis_NaN_Banskobystricky_SK,Velky Krtis,SK,48.200973312702,19.296128766479
Vemalwada_Karimnagar_Telangana_IN,Vemalwada,IN,18.440264503685,78.871491493447
Venado Tuerto_NaN_Santa Fe_AR,Venado Tuerto,AR,-34.015792907764,-62.24333212177
Vennesla_Vennesla_Vest-Agder_NO,Vennesla,NO,58.243835933292,7.9507423704696
Ventersburg_Lejweleputswa District Municipality_Orange Free State_ZA,Ventersburg,ZA,-28.019802336274,27.171314013095
Venustiano Carranza_Venustiano Carranza_Puebla_MX,Venustiano Carranza,MX,20.570829820588,-97.678867372247
Vera Cruz_Andarai_Bahia_BR,Vera Cruz,BR,-13.05652865051441,-40.79640597870824
Verdun_NaN_Moka_MU,Verdun,MU,-20.242986973545,57.532567511153
Verkh-Neyvinskiy_NaN_Sverdlovsk_RU,Verkh-Neyvinskiy,RU,57.22183955703,60.26023873076
Verkhnebakanskiy_NaN_Krasnodarskiy_RU,Verkhnebakanskiy,RU,44.81270569067,37.646484095452
Verkhneye Dubrovo_NaN_Sverdlovsk_RU,Verkhneye Dubrovo,RU,56.733508882743,61.049463563061
Verkhniy Mamon_NaN_Voronezj_RU,Verkhniy Mamon,RU,50.05417093639267,40.42674159634898
Verkhniye Tatyshly_NaN_Bashkortostan_RU,Verkhniye Tatyshly,RU,56.280928041414,55.844224001985
Verkhovazh'ye_NaN_Vologda_RU,Verkhovazh'ye,RU,60.60342445466704,41.74212644139335
Vermilion_NaN_Alberta_CA,Vermilion,CA,53.161376122261,-110.79928832239
Vernon_Regional District of North Okanagan_British Columbia_CA,Vernon,CA,50.239526546221,-119.3408341721
Vernon_Wilbarger County_Texas_US,Vernon,US,33.966950058017,-99.212663110084
Veroia_Nomos Imathias_Central Macedonia_GR,Veroia,GR,40.475977069122,22.231450537531
Vescovato_Departement de la Haute-Corse_Corsica_FR,Vescovato,FR,42.496651832875,9.4704143895038
Vestmannaeyjar_NaN_South_IS,Vestmannaeyjar,IS,63.643309775432,-20.054867241125
Veydelevka_NaN_Belgorod_RU,Veydelevka,RU,50.18878518364751,38.326433424304255
Veynes_Departement des Hautes-Alpes_Provence-Alpes-Cote d'Azur_FR,Veynes,FR,44.554990348135,5.8725980502902
Vi Thanh_NaN_Hau Giang_VN,Vi Thanh,VN,9.7716666666666,105.50111111111
Vicar_Provincia de Almeria_Andalusia_ES,Vicar,ES,36.85907060095,-2.6359355550324
Victor_Teton County_Idaho_US,Victor,US,43.574884561532,-111.07938574542
Victoria_Provincia de Malleco_Araucania_CL,Victoria,CL,-38.294999202295,-72.102574380499
Victoria_Victoria County_Texas_US,Victoria,US,28.719961253092,-97.038443718424
Videira_Videira_Santa Catarina_BR,Videira,BR,-26.993789819903,-51.20026944909
Vielha_Provincia de Lleida_Catalonia_ES,Vielha,ES,42.725483139585,0.96023093474048
Vieremae_Ylae-Savo_Northern Savo_FI,Vieremae,FI,63.912875174491,26.879600450727
Viesite_NaN_Viesite_LV,Viesite,LV,56.449476163782,25.505585436623
Vievis_Vilniaus Rajonas_Vilnius County_LT,Vievis,LT,54.745155285089,24.852922212553
Vignoux-sur-Barangeon_Departement du Cher_Centre_FR,Vignoux-sur-Barangeon,FR,47.214482599673,2.2407979519205
Vihari_NaN_Punjab_PK,Vihari,PK,30.05946631737488,72.3325682225991
Vikarabad_Rangareddi_Telangana_IN,Vikarabad,IN,17.158932661998,77.78809653141
Vikersund_Modum_Buskerud_NO,Vikersund,NO,60.083692475274,9.8448148555276
Vikyrovice_Okres Sumperk_Olomoucky_CZ,Vikyrovice,CZ,49.966660340065,17.026531427218
Vila Flor_Braganca Municipality_Braganca_PT,Vila Flor,PT,41.307174650633,-7.0632436845585
Vila Franca do Campo_Vila Franca do Campo_Azores_PT,Vila Franca do Campo,PT,37.715147225285,-25.373654528547
Vilcun_Provincia de Cautin_Araucania_CL,Vilcun,CL,-38.547959599086,-71.810833275735
Vilgertshofen_Upper Bavaria_Bavaria_DE,Vilgertshofen,DE,47.980245177039,10.899061682075
Viljandi_Viljandi linn_Viljandimaa_EE,Viljandi,EE,58.392666323435,25.515767419231
Villa Aberastain_NaN_San Juan_AR,Villa Aberastain,AR,-31.665360361101,-68.542945591388
Villa Cuauhtemoc_NaN_Veracruz_MX,Villa Cuauhtemoc,MX,22.17863501601968,-97.8006717581547
Villa Elisa_NaN_Entre Rios_AR,Villa Elisa,AR,-32.061869092465,-58.261101119903
Villa Escalante_NaN_Michoacan_MX,Villa Escalante,MX,19.411699264463,-101.70179085306
Villa Grove_Douglas County_Illinois_US,Villa Grove,US,39.87657222725874,-88.16048796345952
Villa Hermosa (Las Pozas)_Zihuatanejo de Azueta_Guerrero_MX,Villa Hermosa (Las Pozas),MX,17.630196065595,-101.4680252597
Villa Krause_NaN_San Juan_AR,Villa Krause,AR,-31.592473417967,-68.530247100829
Villa La Angostura_NaN_Neuquen_AR,Villa La Angostura,AR,-40.78226243651997,-71.61184297371396
Villa Las Rosas_NaN_Cordoba_AR,Villa Las Rosas,AR,-31.995725300506,-65.074010309289
"Villa Presidente Frei, Nunoa, Santiago, Chile_Provincia de Santiago_Santiago Metropolitan_CL","Villa Presidente Frei, Nunoa, Santiago, Chile",CL,-33.365666131418,-70.26973972965
Villa Rica_NaN_Cauca_CO,Villa Rica,CO,2.6427318189665,-76.909642866359
Villa Rica_Provincia de Oxapampa_Pasco_PE,Villa Rica,PE,-10.752244903812,-75.359671534148
Villa Tejupam de la Union_Villa Tejupam de la Union_Oaxaca_MX,Villa Tejupam de la Union,MX,17.699066732232,-97.36024951548
Villa del Campo_Tijuana_Baja California_MX,Villa del Campo,MX,32.543038130224,-116.76119328148
Villa-Agnedo_Provincia di Trento_Trentino-Alto Adige_IT,Villa-Agnedo,IT,46.044427196109,11.53135191163
Villagarcia de la Torre_Provincia de Badajoz_Extremadura_ES,Villagarcia de la Torre,ES,38.297938430888,-6.0530567298822
Villahermosa_NaN_Tabasco_MX,Villahermosa,MX,18.00012240402,-92.899502147192
Villamontes_NaN_Tarija_BO,Villamontes,BO,-21.566592975866,-63.04117280871498
Villapinzon_NaN_Cundinamarca_CO,Villapinzon,CO,5.1448696445006,-73.541778769948
Villasmundo_Provincia di Siracusa_Sicily_IT,Villasmundo,IT,37.315077177393,15.09103680481
Ville-Marie_Abitibi-Temiscamingue_Quebec_CA,Ville-Marie,CA,46.933590711801,-79.750043059992
Villefranche-sur-Cher_Departement du Loir-et-Cher_Centre_FR,Villefranche-sur-Cher,FR,47.285211372155,1.8201346603725
Villiers_Fezile Dabi District Municipality_Orange Free State_ZA,Villiers,ZA,-26.919687081704,28.443859230151
Vilppula_Ylae-Pirkanmaa_Pirkanmaa_FI,Vilppula,FI,61.873684790859,24.507254643969
Vinales_NaN_Pinar del Rio_CU,Vinales,CU,22.574313603555,-83.784023099081
Vincent_Los Angeles County_California_US,Vincent,US,34.464254977468,-118.11318858607
Vinita_Craig County_Oklahoma_US,Vinita,US,36.626874115999,-95.246695309476
Vinogradnyy_NaN_Krasnodarskiy_RU,Vinogradnyy,RU,45.041534774618,37.325787665538
Vinton_Benton County_Iowa_US,Vinton,US,42.181077813401,-92.045233335849
Viqueque_NaN_Viqueque_TL,Viqueque,TL,-8.932707799972224,126.21978790000004
Virden_NaN_Manitoba_CA,Virden,CA,50.520647279166,-100.97863183988
Virginia Gardens_Miami-Dade County_Florida_US,Virginia Gardens,US,25.798093321305,-80.295265266547
Virginia_Litchfield_Northern Territory_AU,Virginia,AU,-12.486250561872,131.02472693164
Virserum_Hultsfreds Kommun_Kalmar_SE,Virserum,SE,57.445007894221,15.639330865093
Visakhapatnam_Vishakhapatnam_Andhra Pradesh_IN,Visakhapatnam,IN,17.688748882014,83.14092844292
Visavadar_Junagadh_Gujarat_IN,Visavadar,IN,21.141756683455,70.787558203783
Visby_Gotland_Gotland_SE,Visby,SE,57.68658916666666,18.384492222222224
Viso del Marques_Provincia de Ciudad Real_Castille-La Mancha_ES,Viso del Marques,ES,38.533242775329,-3.4938369169763
Vistino_NaN_Leningrad_RU,Vistino,RU,59.742628705957,28.469673109997
Vitoria_Vitoria_Espirito Santo_BR,Vitoria,BR,-20.337930137148,-40.327403522057
Vitulazio_Provincia di Caserta_Campania_IT,Vitulazio,IT,41.142070234591,14.198803684096
Vityazevo_NaN_Krasnodarskiy_RU,Vityazevo,RU,45.058037030298,37.219137267538
Viveiro_Provincia de Lugo_Galicia_ES,Viveiro,ES,43.657248514278,-7.5990151373546
Vkhodnoy_NaN_Omsk_RU,Vkhodnoy,RU,55.057035021605,73.211859844008
Vladaia_Comuna Vladaia_Mehedinti_RO,Vladaia,RO,44.398165065851,23.041383344706
Voera_Vaasa_Ostrobothnia_FI,Voera,FI,63.103345776717,22.189697661972
Vogar_NaN_Southern Peninsula_IS,Vogar,IS,63.982125885283,-22.383250013625
Voh_Voh_North Province_NC,Voh,NC,-20.846345013763987,164.57466441256767
Vohipaho_NaN_Atsimo-Atsinanana_MG,Vohipaho,MG,-23.768030388262027,47.545773360180974
Voinjama_NaN_Lofa_LR,Voinjama,LR,8.6365569570556,-9.7213643216907
Vojvoda Stepa_NaN_NaN_RS,Vojvoda Stepa,RS,45.710736152339,20.663210328268
Volcano_Hawaii County_Hawaii_US,Volcano,US,19.292437476769,-155.14549793268
Volchansk_NaN_Sverdlovsk_RU,Volchansk,RU,59.920470185405,60.039633492043
Volgograd_NaN_Volgograd_RU,Volgograd,RU,48.676101023103,44.429149044575
Volksrust_Gert Sibande District Municipality_Mpumalanga_ZA,Volksrust,ZA,-27.540192731388,29.86216939065
Volmerange-les-Mines_Departement de la Moselle_Lorraine_FR,Volmerange-les-Mines,FR,49.439079630023,6.0849631802588
Volzhsk_NaN_Mariy-El_RU,Volzhsk,RU,55.814025976177,48.324916473273
Vose'_NaN_Khatlon_TJ,Vose',TJ,37.83664885231,69.633518825121
Voznesen'ye_NaN_Leningrad_RU,Voznesen'ye,RU,60.92435041030983,35.31996330033758
Vra_Hjorring Kommune_North Denmark_DK,Vra,DK,57.303136257594,10.012966498597
Vrede_Thabo Mofutsanyana District Municipality_Orange Free State_ZA,Vrede,ZA,-27.554855949354,28.838397250654
Vredendal_West Coast District Municipality_Western Cape_ZA,Vredendal,ZA,-31.887244828501,18.633356230692
Vriddhachalam_Cuddalore_Tamil Nadu_IN,Vriddhachalam,IN,11.535621520705,79.182181816338
Vryses_Nomos Chanias_Crete_GR,Vryses,GR,35.40076489923,23.611819500767
Vuktyl_NaN_Komi Republic_RU,Vuktyl,RU,63.691833504052,57.151859970403
Vuokatti_Kajaani_Kainuu_FI,Vuokatti,FI,64.120250196491,28.138589874746
Vuonnabahta_Nesseby_Finnmark Fylke_NO,Vuonnabahta,NO,70.024442870244,29.124053741198
Vyerkhnyadzvinsk_NaN_Vitebsk_BY,Vyerkhnyadzvinsk,BY,55.809204286199,27.9731343014
Vysotsk_NaN_Leningrad_RU,Vysotsk,RU,60.700759191996,28.537214120244
Vytegra_NaN_Vologda_RU,Vytegra,RU,61.035056139314186,36.48107018381661
Wa_NaN_Upper West_GH,Wa,GH,10.138354427714743,-2.3927270558011857
Wackersberg_Upper Bavaria_Bavaria_DE,Wackersberg,DE,47.724361174576,11.565605576157
Waddesdon_Buckinghamshire_England_GB,Waddesdon,GB,51.874963388554,-0.97283555457092
Wadebridge_Cornwall_England_GB,Wadebridge,GB,50.53299200000001,-4.809237099998772
Wadena_NaN_Saskatchewan_CA,Wadena,CA,51.716977295259,-103.84864221574
Waebela_NaN_East Nusa Tenggara_ID,Waebela,ID,-8.9266620027531,120.9690665605
Waeng_NaN_Roi Et_TH,Waeng,TH,16.249112011594,103.96188098999
Waggrakine_Geraldton-Greenough_Western Australia_AU,Waggrakine,AU,-28.729083334197,114.63027777689
Waihi_Hauraki District_Waikato_NZ,Waihi,NZ,-37.300993250234,175.89298768935
Waikerie_Loxton Waikerie_South Australia_AU,Waikerie,AU,-34.069388883703,139.5726666646
Waikoloa_Hawaii County_Hawaii_US,Waikoloa,US,19.8448905881,-155.74616684365
Waimate North_Far North District_Northland_NZ,Waimate North,NZ,-35.572673851753,173.4995384833
Waimea_Hawaii County_Hawaii_US,Waimea,US,20.067408915886,-155.75567680498
Wainwright_NaN_Alberta_CA,Wainwright,CA,52.856023106558,-110.82624826191
Waipawa_South Wairarapa District_Wellington_NZ,Waipawa,NZ,-41.458067731342,175.52018574281
Wairoa_Wairoa District_Hawke's Bay_NZ,Wairoa,NZ,-38.714700332406,177.60753188827
Waitangi_NaN_Chatham Islands_NZ,Waitangi,NZ,-43.939890994408,-176.48772399449
Waitara_New Plymouth District_Taranaki_NZ,Waitara,NZ,-38.919869940923,174.49412052822
Wake Forest_Wake County_North Carolina_US,Wake Forest,US,35.958560704824,-78.483192122231
Wakefield_Tasman District_Tasman_NZ,Wakefield,NZ,-41.71828960116577,172.67942370648584
Wakimachi_NaN_Tokushima_JP,Wakimachi,JP,33.92354421591,134.06536198773
Wakiso_Wakiso District_Central Region_UG,Wakiso,UG,0.36606375842714,32.470669013495
Wakkanai_NaN_Hokkaido_JP,Wakkanai,JP,45.35071636325333,141.73666965468593
Walden_Jackson County_Colorado_US,Walden,US,41.190914433678,-106.2051555604
Waldron_Scott County_Arkansas_US,Waldron,US,34.776495471923,-94.054617656027
Walkerston_Mackay_Queensland_AU,Walkerston,AU,-21.135388554647,148.57848208348
Walkerton_Saint Joseph County_Indiana_US,Walkerton,US,41.452473868166,-86.465243946566
Wallaroo_Copper Coast_South Australia_AU,Wallaroo,AU,-34.082958975003,137.59617712091
Wallstawe_NaN_Saxony-Anhalt_DE,Wallstawe,DE,52.835360091886,11.0516740205
Walsenburg_Huerfano County_Colorado_US,Walsenburg,US,37.683808846236,-104.80639256998
Walterboro_Colleton County_South Carolina_US,Walterboro,US,32.993440894625,-80.559419189904
Wamba_NaN_Eastern Province_CD,Wamba,CD,1.3982548996806,27.988424398821
Wanaka_Queenstown-Lakes District_Otago_NZ,Wanaka,NZ,-43.96107867310251,169.23874593294917
Wang Chao_NaN_Tak_TH,Wang Chao,TH,16.764113955867,99.192814319416
Wang Chin_Amphoe Wang Chin_Phrae_TH,Wang Chin,TH,17.683302074973,99.645210141211
Wang Nam Khiao_NaN_Nakhon Ratchasima_TH,Wang Nam Khiao,TH,14.402347700155,101.86252835997
Wanganui_Wanganui District_Manawatu-Wanganui_NZ,Wanganui,NZ,-39.961893578205,175.2142846968
Wangaratta_Wangaratta_Victoria_AU,Wangaratta,AU,-36.326399553284,146.39544065438
Wangjing_NaN_Beijing_CN,Wangjing,CN,39.970671864687006,116.49504825521998
Wardsville_Cole County_Missouri_US,Wardsville,US,38.497066782038,-92.090301189335
Warora_Chandrapur_Maharashtra_IN,Warora,IN,20.29271007022,79.020329359214
Warragul_Baw Baw_Victoria_AU,Warragul,AU,-38.35847034857301,145.76269966407443
Warstein_NaN_North Rhine-Westphalia_DE,Warstein,DE,51.500331172799,8.341293597129
Warwick_Southern Downs_Queensland_AU,Warwick,AU,-27.998901607986085,151.77240632856348
Wasaga Beach_NaN_Ontario_CA,Wasaga Beach,CA,44.37318325028379,-80.05187151360157
Washburn_Bayfield County_Wisconsin_US,Washburn,US,46.788268461525,-90.861163081575
Washington_Washington County_Kansas_US,Washington,US,39.711478725557,-96.987408240868
Wasilkow_Powiat bialostocki_Podlasie_PL,Wasilkow,PL,53.187498743602,23.261098304082
Wassa-Akropong_NaN_Western_GH,Wassa-Akropong,GH,5.8700536353732,-2.4067102733115
Watari_NaN_Miyagi_JP,Watari,JP,37.962667234155,140.86838720125
Waterboro_York County_Maine_US,Waterboro,US,43.593380743619,-70.713997493159
Waterloo_NaN_Ontario_CA,Waterloo,CA,43.635726522117,-80.579893376096
Waterloo_NaN_Western Area_SL,Waterloo,SL,8.291689121275,-13.080013408044
Waterloo_Seneca County_New York_US,Waterloo,US,42.94491111586,-76.923505809127
Watertown_Codington County_South Dakota_US,Watertown,US,45.102000000118,-97.056319455892
Watford City_McKenzie County_North Dakota_US,Watford City,US,47.804867469485,-103.37693685612
Watrous_NaN_Saskatchewan_CA,Watrous,CA,51.697313015118,-105.380881457
Watseka_Iroquois County_Illinois_US,Watseka,US,40.683131831512,-87.838035422377
Watson Lake_NaN_Yukon_CA,Watson Lake,CA,60.18592540000003,-129.88702929997223
Wattegama_NaN_Uva_LK,Wattegama,LK,6.8813199357758,81.827208104562
Waukomis_Garfield County_Oklahoma_US,Waukomis,US,36.227069936178,-97.888547131361
Waurika_Jefferson County_Oklahoma_US,Waurika,US,34.158867812291,-98.019544649946
Wawa_NaN_Niger_NG,Wawa,NG,9.9906410233656,4.4527588286878
Weatherford_Custer County_Oklahoma_US,Weatherford,US,35.536909888995,-98.625453773226
Webster_Worcester County_Massachusetts_US,Webster,US,42.040594123847,-71.85900242799
Weipa_Cook_Queensland_AU,Weipa,AU,-12.083820937291,142.59795377802
Weiting_NaN_Jiangsu Sheng_CN,Weiting,CN,31.327671556333,120.70538887328
Weiyanggong_NaN_Shaanxi_CN,Weiyanggong,CN,34.29182714936548,108.88821623845178
Welchman Hall_NaN_Saint Thomas_BB,Welchman Hall,BB,13.152619444444444,-59.56710666666667
Weleri_NaN_Central Java_ID,Weleri,ID,-7.125902601382,110.0809451706
Wellard_Kwinana_Western Australia_AU,Wellard,AU,-32.350777782309,115.83458333955
Wells_Faribault County_Minnesota_US,Wells,US,43.659376095586,-93.687530802687
Wenchang_NaN_Hainan_CN,Wenchang,CN,19.56327699917359,110.7507929495137
Wendell_Gooding County_Idaho_US,Wendell,US,42.756920168033,-114.66614398277
Were Ilu_NaN_Amhara_ET,Were Ilu,ET,10.444161003601,39.137460628779
Werota_NaN_Amhara_ET,Werota,ET,11.93212218115,37.803975263207
West Blocton_Bibb County_Alabama_US,West Blocton,US,33.11424198418807,-87.1643804659408
West Branch_Ogemaw County_Michigan_US,West Branch,US,44.421377945904,-84.141087018443
West Glendive_Dawson County_Montana_US,West Glendive,US,47.169276379416,-105.0104890319
West Portsmouth_Scioto County_Ohio_US,West Portsmouth,US,38.770241405216,-83.015917937309
West Ryde_Ryde_New South Wales_AU,West Ryde,AU,-33.816967076989,151.06872316558
West Union_Fayette County_Iowa_US,West Union,US,42.958890140838,-91.814257802365
West Vancouver_NaN_British Columbia_CA,West Vancouver,CA,49.333141619628,-123.17970480359
West Wyalong_Bland_New South Wales_AU,West Wyalong,AU,-33.816083336395,147.12650000453
Westcourt_Western Downs_Queensland_AU,Westcourt,AU,-27.248944441602,149.61869444444
Westergellersen_NaN_Lower Saxony_DE,Westergellersen,DE,53.231996312764,10.225926550625
Westfield_Marquette County_Wisconsin_US,Westfield,US,44.114979016401,-89.532534765327
Westonaria_West Rand District Municipality_Gauteng_ZA,Westonaria,ZA,-26.319207733123,27.74507037153
Westoning_Central Bedfordshire_England_GB,Westoning,GB,51.983434025046,-0.49235500407228
Westport_Maigh Eo_Connaught_IE,Westport,IE,53.541605144931,-9.6171583577999
Westwood_Lassen County_California_US,Westwood,US,40.314719682027,-121.00124715628
Wewak_Wewak_East Sepik_PG,Wewak,PG,-3.4763109281891,143.49307622676
Weyburn_NaN_Saskatchewan_CA,Weyburn,CA,49.66727063756544,-104.17761322689904
Whangamata_Thames-Coromandel District_Waikato_NZ,Whangamata,NZ,-37.246210788773,175.85290185526
Whangarei_Whangarei_Northland_NZ,Whangarei,NZ,-35.712314464752,174.39024515396
Wheatland_Platte County_Wyoming_US,Wheatland,US,41.920158347634,-104.93706065477
Whispering Pines_Moore County_North Carolina_US,Whispering Pines,US,35.321774409085,-79.234569501516
White City_Jackson County_Oregon_US,White City,US,42.460617433723,-122.85623539939
White River_Mellette County_South Dakota_US,White River,US,43.577848182448,-100.96394414822
White Sulphur Springs_Meagher County_Montana_US,White Sulphur Springs,US,46.554979481342,-110.86656292412
Whitehorse_NaN_Yukon_CA,Whitehorse,CA,60.71593130000004,-135.1907439
Whittlesea_Whittlesea_Victoria_AU,Whittlesea,AU,-37.021860696058,144.84192056388
Wiang Haeng_NaN_Chiang Mai_TH,Wiang Haeng,TH,19.514194947716,98.788405046179
Wibaux_Wibaux County_Montana_US,Wibaux,US,47.006733424562,-104.29624984385
Wielopole Skrzynskie_Powiat ropczycko-sedziszowski_Subcarpathian Voivodeship_PL,Wielopole Skrzynskie,PL,49.949015001265,21.651658333514
Wielun_Powiat wielunski_Lodz Voivodeship_PL,Wielun,PL,51.248667511163,18.540472674246
Wieruszow_Powiat wieruszowski_Lodz Voivodeship_PL,Wieruszow,PL,51.283681903561,18.192478110206
Wierzchowo_Powiat drawski_West Pomeranian Voivodeship_PL,Wierzchowo,PL,53.477030047955,16.187632256732
Wildeshausen_NaN_Lower Saxony_DE,Wildeshausen,DE,52.899440738443,8.4141554815178
Williams Lake_NaN_British Columbia_CA,Williams Lake,CA,51.98094775678259,-121.81411688395065
Williston_Williams County_North Dakota_US,Williston,US,47.846074184489,-103.64570049197
Willmar_Kandiyohi County_Minnesota_US,Willmar,US,45.06722962983,-95.143115825224
Willow_Matanuska-Susitna Borough_Alaska_US,Willow,US,61.872263752459,-150.08881182635
Willowmore_Cacadu District Municipality_Eastern Cape_ZA,Willowmore,ZA,-32.8583568,23.657670000000007
Windom_Cottonwood County_Minnesota_US,Windom,US,43.778608440027,-94.996266293175
Windsor_NaN_Nova Scotia_CA,Windsor,CA,44.905377937246,-63.917847519204
Winkler_NaN_Manitoba_CA,Winkler,CA,48.91976180694325,-97.9253734322284
Winneba_NaN_Central_GH,Winneba,GH,5.3929847549877,-0.58165059586593
Winnemucca_Humboldt County_Nevada_US,Winnemucca,US,41.363001545646,-117.75004609757
Winona_Shannon County_Missouri_US,Winona,US,36.956876054068,-91.200457806173
Winterlingen_Tuebingen Region_Baden-Wuerttemberg_DE,Winterlingen,DE,48.137367928527,9.1286008525691
Winton_Southland District_Southland_NZ,Winton,NZ,-45.655134852984,168.19738851693
Wischhafen_NaN_Lower Saxony_DE,Wischhafen,DE,53.762851561818,9.299304023069
Wodonga_Wodonga_Victoria_AU,Wodonga,AU,-36.271732202411,146.65541258711
Wolf Point_Roosevelt County_Montana_US,Wolf Point,US,48.077281538214,-105.78102932238
Wolfville_NaN_Nova Scotia_CA,Wolfville,CA,45.066568776856,-64.429456038911
Wolmaransstad_Dr Kenneth Kaunda District Municipality_North-West_ZA,Wolmaransstad,ZA,-27.153190327759,26.029933411469
Wonosobo_NaN_Central Java_ID,Wonosobo,ID,-7.3095859996736,109.69884004124
Woodacre_Marin County_California_US,Woodacre,US,38.022848521507,-122.66426881279
Woodland Park_Teller County_Colorado_US,Woodland Park,US,39.023786734373,-105.01275365063
Woodside_Adelaide Hills_South Australia_AU,Woodside,AU,-34.959528888863,138.89763747053
Woodville_Wilkinson County_Mississippi_US,Woodville,US,31.118407944991,-91.286229386546
Woree_Cairns_Queensland_AU,Woree,AU,-16.946755556574,145.68826113407
Worland_Washakie County_Wyoming_US,Worland,US,44.055752861195,-107.93545112424
Worrolong_Grant_South Australia_AU,Worrolong,AU,-38.056000000099,141.0789166723
Worthington_Nobles County_Minnesota_US,Worthington,US,43.637644538367,-95.510997331244
Wote_NaN_Makueni_KE,Wote,KE,-1.50850174003063,37.616645910159285
Wrangell_City and Borough of Wrangell_Alaska_US,Wrangell,US,56.467089831474,-132.38133933881
Wrightsville_Pulaski County_Arkansas_US,Wrightsville,US,34.66053713641874,-92.26252368145492
Wroblew_Powiat sieradzki_Lodz Voivodeship_PL,Wroblew,PL,51.597293676676,18.654488637217
Wujia_NaN_Hubei_CN,Wujia,CN,30.682904556875,111.39003681181
Wushishi_NaN_Niger_NG,Wushishi,NG,9.6433258933957,6.1033262526982
Wynnewood_Garvin County_Oklahoma_US,Wynnewood,US,34.520939346107,-97.317463456929
Wynyard_NaN_Saskatchewan_CA,Wynyard,CA,51.750654646435,-104.43234442644
Wyszkow_Powiat wyszkowski_Masovian Voivodeship_PL,Wyszkow,PL,52.60271835759013,21.425963216801364
Wytheville_Wythe County_Virginia_US,Wytheville,US,36.927066669595,-81.094450004513
Xacmaz_NaN_Xacmaz_AZ,Xacmaz,AZ,41.441049722659,48.800533055493
Xai-Xai_Xai-Xai District_Gaza_MZ,Xai-Xai,MZ,-24.94906071090977,33.471154881024525
Xam Nua_NaN_Houaphan_LA,Xam Nua,LA,20.475701873902,103.93571608753
Xamtay_NaN_Houaphan_LA,Xamtay,LA,20.017098234128,104.36524205086
Xanthi_Nomos Xanthis_East Macedonia and Thrace_GR,Xanthi,GR,41.12900633232,24.89974991808
Xanxere_Xanxere_Santa Catarina_BR,Xanxere,BR,-26.853909892381,-52.10003284366
Xiaguo_NaN_Guangdong_CN,Xiaguo,CN,21.60227709114276,110.64188736927674
Xiangdong_NaN_Jiangxi Sheng_CN,Xiangdong,CN,27.64866681863904,113.75619522564288
Xiangyang_NaN_Shandong Sheng_CN,Xiangyang,CN,37.53756778952713,121.3678940993759
Xiaodian_NaN_Shanxi Sheng_CN,Xiaodian,CN,37.708654703528,112.5271462322
Xiaqiaotou_NaN_Yunnan_CN,Xiaqiaotou,CN,27.071768484329,100.07047005799
Xicotencatl_NaN_Tamaulipas_MX,Xicotencatl,MX,23.199335232331,-98.785258534001
Xiekou_NaN_Shaanxi_CN,Xiekou,CN,34.368040873075,109.15890310401
Xincheng_NaN_Shaanxi_CN,Xincheng,CN,34.262717801218,108.93890775146
Xinfu_NaN_Shandong Sheng_CN,Xinfu,CN,37.5645545,121.3630536
Xinjian_NaN_Zhejiang Sheng_CN,Xinjian,CN,28.70368940579557,120.01689613702044
Xinying_NaN_Taiwan_TW,Xinying,TW,23.2264539289,120.27010355686
Xinzhou_NaN_Guangxi Zhuangzu Zizhiqu_CN,Xinzhou,CN,25.374394851948,105.58813555597
Xipu_NaN_Sichuan_CN,Xipu,CN,30.679767421880307,103.97064360415276
Y_Matanuska-Susitna Borough_Alaska_US,Y,US,62.210774025427,-150.22264632845
Yabelo_NaN_Oromiya_ET,Yabelo,ET,4.8860867151343,38.131765359224
Yacuiba_Provincia Gran Chaco_Tarija_BO,Yacuiba,BO,-21.828600043183,-63.739591264457
Yaguajay_NaN_Sancti Spiritus_CU,Yaguajay,CU,22.650509098291,-79.066082201113
Yaiza_Provincia de Las Palmas_Canary Islands_ES,Yaiza,ES,28.943769333456,-13.797921834852
Yala_NaN_Siaya_KE,Yala,KE,-0.034101666666665,34.620286666667
Yalutorovsk_NaN_Tjumen_RU,Yalutorovsk,RU,57.147574779037,66.397542957989
Yamagata-shi_NaN_Yamagata_JP,Yamagata-shi,JP,38.129755977842,140.38374975152
Yambol_Obshtina Yambol_Yambol_BG,Yambol,BG,42.405366226315,26.549531072451
Yamethin_NaN_Mandalay_MM,Yamethin,MM,20.53760350735815,96.06730895541612
Yamparaez_Provincia Yamparaez_Chuquisaca_BO,Yamparaez,BO,-19.208823990368,-65.157611039961
Yanaul_NaN_Bashkortostan_RU,Yanaul,RU,56.258256040845,54.779844418781
Yandyki_NaN_Astrakhan_RU,Yandyki,RU,45.431050544231,46.967436201311
Yanfolila_NaN_Sikasso_ML,Yanfolila,ML,11.20252078934498,-8.136066355073487
Yangambi_Sous-Region de la Tshopo_Eastern Province_CD,Yangambi,CD,0.3851379543465,24.708934301084
Yangiqo`rg`on_NaN_Namangan_UZ,Yangiqo`rg`on,UZ,41.17935021243,71.643998025632
Yangmei_NaN_Guangdong_CN,Yangmei,CN,21.56687095250581,110.59569336085984
Yangpu_NaN_Shanghai Shi_CN,Yangpu,CN,31.313862524141832,121.54009174306915
Yangsan_NaN_Gyeongsangnam-do_KR,Yangsan,KR,35.296649255359,128.99199668301
Yangzi Jianglu_NaN_Xinjiang Uygur Zizhiqu_CN,Yangzi Jianglu,CN,43.710358134029,87.58098417144
Yanqul_NaN_Az Zahirah_OM,Yanqul,OM,23.558135889169,56.937034923446
Yapeyu_NaN_Corrientes_AR,Yapeyu,AR,-29.338454176769,-56.797973948528
Yarang_NaN_Pattani_TH,Yarang,TH,6.7266084546372,101.32981692834
Yaransk_NaN_Kirov_RU,Yaransk,RU,57.339657475174,47.865973600264
Yarkovo_NaN_Tjumen_RU,Yarkovo,RU,57.758968308689,67.633562286404
Yasnyy_NaN_Orenburg_RU,Yasnyy,RU,50.430715163981,60.14235738157
Yass_Yass Valley_New South Wales_AU,Yass,AU,-34.828583330696,148.9147777725
Yavaros_NaN_Sonora_MX,Yavaros,MX,26.652444847409,-109.32045172001
Yazoo City_Yazoo County_Mississippi_US,Yazoo City,US,32.903900835395184,-90.411490875615
Yefremov_NaN_Tula_RU,Yefremov,RU,52.957039522459,38.224803111596
Yegorlykskaya_NaN_Rostov_RU,Yegorlykskaya,RU,46.368576648554,40.82214202768
Yekexianbaibazha_NaN_Xinjiang Uygur Zizhiqu_CN,Yekexianbaibazha,CN,39.281972780175,76.582051085033
Yekimovichi_NaN_Smolensk_RU,Yekimovichi,RU,54.072760735018,33.155007746869
Yel'sk_NaN_Gomel_BY,Yel'sk,BY,51.638657756076,29.095422041535
Yelantsy_NaN_Irkutsk_RU,Yelantsy,RU,52.848481388968,106.53337875064
Yelets_NaN_Lipetsk_RU,Yelets,RU,52.71247661069,38.516728265637
Yelin_NaN_Hainan_CN,Yelin,CN,18.50679230513589,109.9974740475185
Yelizavetino_NaN_Leningrad_RU,Yelizavetino,RU,59.38379874131946,29.7682811782604
Yellowknife_NaN_Northwest Territories_CA,Yellowknife,CA,62.4956583319,-114.38096388907
Yemetsk_NaN_Arkhangelskaya_RU,Yemetsk,RU,63.727335557019146,41.37983734149864
Yen Bai_NaN_Yen Bai_VN,Yen Bai,VN,21.745778006087,104.93877330116
Yenagoa_NaN_Bayelsa_NG,Yenagoa,NG,4.924092892637782,6.316057907540829
Yendi_Yendi_Northern_GH,Yendi,GH,9.3412877854149,0.20852537265654
Yengimahalla_NaN_Xinjiang Uygur Zizhiqu_CN,Yengimahalla,CN,41.33610210900981,82.72048927138555
Yenice_NaN_Ankara_TR,Yenice,TR,39.439086750412,32.866707772488
Yenice_NaN_Mersin_TR,Yenice,TR,37.105429688472,34.918603210462
Yerevan_NaN_Yerevan_AM,Yerevan,AM,40.213462685831,44.475855622091
Yerington_Lyon County_Nevada_US,Yerington,US,38.961679306959,-119.1895879865
Yevres_Departement d'Eure-et-Loir_Centre_FR,Yevres,FR,48.159422003961,1.2551360949318
Ylihaermae_Seinaejoki_Southern Ostrobothnia_FI,Ylihaermae,FI,63.126135148502,22.721704423851
Ylivieska_Ylivieska_Northern Ostrobothnia_FI,Ylivieska,FI,64.08262328945787,24.540915125224256
Yokotemachi_NaN_Akita_JP,Yokotemachi,JP,39.36097442077261,140.47360271466735
Yola_NaN_Adamawa_NG,Yola,NG,8.9886693261769,12.401325012346
Yoloeten_NaN_Mary_TM,Yoloeten,TM,36.72779788222,62.456727447132
Yonago_NaN_Tottori_JP,Yonago,JP,35.35654091930044,133.43098634294915
Yong-dong_NaN_Chungcheongbuk-do_KR,Yong-dong,KR,36.407471528152,127.81544957986
Yonibana_NaN_Northern Province_SL,Yonibana,SL,8.4123746313164,-12.195619410958
Yopal_NaN_Casanare_CO,Yopal,CO,5.374827399925982,-72.3654656
Yorkshire_Cattaraugus County_New York_US,Yorkshire,US,42.569991650116,-78.477522220584
Yorosso_NaN_Sikasso_ML,Yorosso,ML,12.544144283345,-4.877002653049
Yoshkar-Ola_NaN_Mariy-El_RU,Yoshkar-Ola,RU,56.555134264357,47.854082730051
Yotala_Provincia Oropeza_Chuquisaca_BO,Yotala,BO,-19.111018642194,-65.211686334796
Young_Young_New South Wales_AU,Young,AU,-34.060365800539,148.42232567054
Youssoufia_Safi_Doukkala-Abda_MA,Youssoufia,MA,32.204329899715,-8.2497563831564
Yreka_Siskiyou County_California_US,Yreka,US,41.48547894845,-122.82714458606
Yrghyz_NaN_Aqtoebe_KZ,Yrghyz,KZ,48.607305947602,60.87891357739
Ytrebygda_Bergen_Hordaland_NO,Ytrebygda,NO,60.33428477868,5.26250207896
Ytyk-Kyuyel'_NaN_Sakha_RU,Ytyk-Kyuyel',RU,62.163239159761,133.18315999011
Yuanhou_NaN_Guizhou Sheng_CN,Yuanhou,CN,28.499846255133715,105.91373063057314
Yumaguzino_NaN_Bashkortostan_RU,Yumaguzino,RU,52.784590239133,56.441479510617
Yumbe_Yumbe District_Northern Region_UG,Yumbe,UG,3.2680121128379,31.286378698287
Yumbel_Provincia de Biobio_Biobio_CL,Yumbel,CL,-37.0918657036632,-72.7519015187961
Yumbo_NaN_Valle del Cauca_CO,Yumbo,CO,3.6427877161198,-76.493310625537
Yungay_Provincia de Yungay_Ancash_PE,Yungay,PE,-9.0566287792036,-77.626401141808
Yura_Provincia de Arequipa_Arequipa_PE,Yura,PE,-16.259073518869,-71.680014471052
Yuregir_NaN_Adana_TR,Yuregir,TR,36.93474110629,35.398727965471
Yurovka_NaN_Krasnodarskiy_RU,Yurovka,RU,45.115810715526,37.495646839867
Yushala_NaN_Sverdlovsk_RU,Yushala,RU,57.10608120841,64.306335587156
Yuzhnoural'sk_NaN_Chelyabinsk_RU,Yuzhnoural'sk,RU,54.411417101543,61.289092163484
Yylanly_NaN_Dasoguz_TM,Yylanly,TM,41.752378864495,59.657280563559
Zabierzow_Powiat krakowski_Lesser Poland Voivodeship_PL,Zabierzow,PL,50.115604386201,19.793347389241
Zacatecas_NaN_Zacatecas_MX,Zacatecas,MX,22.630978453933,-102.74806512489
Zainsk_NaN_Tatarstan_RU,Zainsk,RU,55.333517192773,52.038113801276
Zalaegerszeg_NaN_Zala_HU,Zalaegerszeg,HU,46.890212687204,16.932184412957
Zambrone_Provincia di Vibo-Valentia_Calabria_IT,Zambrone,IT,38.69541295148,15.958637559336
Zanzibar_NaN_Zanzibar Urban/West_TZ,Zanzibar,TZ,-6.0436665359213,39.187286810893
Zaragoza_NaN_San Luis Potosi_MX,Zaragoza,MX,22.034356518259,-100.41251312114
Zarki_Powiat chrzanowski_Lesser Poland Voivodeship_PL,Zarki,PL,50.085405243806,19.33801399557
Zarrin Shahr_NaN_Isfahan_IR,Zarrin Shahr,IR,32.365904731235,51.204017239581
Zaruma_NaN_El Oro_EC,Zaruma,EC,-3.6662477721053,-79.624350214806
Zarzal_NaN_Valle del Cauca_CO,Zarzal,CO,4.3656679970848,-75.973331004002
Zarzuela del Monte_Provincia de Segovia_Castille and Leon_ES,Zarzuela del Monte,ES,40.804594398707,-4.3459116273088
Zavetnoye_NaN_Stavropol'skiy_RU,Zavetnoye,RU,44.754368912086,41.638475738424
Zawadzkie_Powiat strzelecki_Opole Voivodeship_PL,Zawadzkie,PL,50.574658835305,18.52589774088
Zeeland_Ottawa County_Michigan_US,Zeeland,US,42.908590017221,-86.081179767218
Zeerust_Ngaka Modiri Molema District Municipality_North-West_ZA,Zeerust,ZA,-25.598068977715,26.378593623921
Zelenoborskiy_NaN_Murmansk_RU,Zelenoborskiy,RU,66.52101761596067,32.19404192849555
Zepita_Provincia de Chucuito_Puno_PE,Zepita,PE,-16.423712875228,-69.173708063759
Zequentic_Zinacantan_Chiapas_MX,Zequentic,MX,16.693608324061,-92.832299435274
Zeralda_NaN_Tipaza_DZ,Zeralda,DZ,36.704169028324,2.8465663960202
Zhaitang_NaN_Beijing_CN,Zhaitang,CN,40.130549465726,115.68847952218
Zhanaozen_NaN_Mangghystau_KZ,Zhanaozen,KZ,43.342878172242,52.7373957044
Zhangjiafang_NaN_Jiangxi Sheng_CN,Zhangjiafang,CN,27.52463676679748,113.92087257304858
Zharkent_NaN_Almaty Oblysy_KZ,Zharkent,KZ,44.017384393564,79.800891711833
Zheleznodorozhnyy_NaN_Irkutsk_RU,Zheleznodorozhnyy,RU,57.984592217579,102.76667441167
Zhemchug_NaN_Respublika Buryatiya_RU,Zhemchug,RU,51.71784113103208,102.70356751863298
Zhetibay_NaN_Mangghystau_KZ,Zhetibay,KZ,43.5691287655,51.771136241614
Zhezqazghan_NaN_Qaraghandy_KZ,Zhezqazghan,KZ,48.08295309258838,68.54694412841548
Zhichu_NaN_Shandong Sheng_CN,Zhichu,CN,37.485350895640806,121.31660882600448
Zhlobin_NaN_Gomel_BY,Zhlobin,BY,52.92809372121,30.043245993903
Zhosaly_NaN_Qyzylorda_KZ,Zhosaly,KZ,45.195421840215,64.149489787954
Zhyrovichy_NaN_Grodnenskaya_BY,Zhyrovichy,BY,53.032694567038,25.655488186315
Ziguinchor_NaN_Ziguinchor_SN,Ziguinchor,SN,12.487832521643904,-16.261009414813632
Zinat_Tetouan_Tanger-Tetouan_MA,Zinat,MA,35.417063388034,-5.3867616618456
Ziniare_Province d'Oubritenga_Plateau-Central_BF,Ziniare,BF,12.582191309446,-1.3856038511244
Zirc_NaN_Veszprem_HU,Zirc,HU,47.299171674409,17.887335018076
Ziway_NaN_Oromiya_ET,Ziway,ET,8.1853868944454,38.830341434573
Zlatni Pyasatsi_Obshtina Varna_Varna_BG,Zlatni Pyasatsi,BG,43.270410341081,28.021390271967
Zlatoust_NaN_Chelyabinsk_RU,Zlatoust,RU,55.235134978246,59.731767996659
Zlynka_NaN_Brjansk_RU,Zlynka,RU,52.208465130167,31.609447590716
Znamenka_NaN_Tambov_RU,Znamenka,RU,52.374809515166,41.210401037381
Zolotukhino_NaN_Kursk_RU,Zolotukhino,RU,51.99164372941726,36.23389797244103
Zombo_Zombo District_Northern Region_UG,Zombo,UG,2.512375669409,30.909654644207
Zonda_Departamento de Zonda_San Juan_AR,Zonda,AR,-31.497105902422,-68.773800611074
Zottegem_Provincie Oost-Vlaanderen_Flanders_BE,Zottegem,BE,50.846246493393,3.8176220391033
Zubovo_NaN_Vologda_RU,Zubovo,RU,60.803900062935,37.394305240159
Zubtsov_NaN_Tverskaya_RU,Zubtsov,RU,56.156201067178,34.669020066934
Zungeru_NaN_Niger_NG,Zungeru,NG,9.7213114082032,6.2086110416176
Zunyi_NaN_Guizhou Sheng_CN,Zunyi,CN,27.210959199086,106.85936446378
Zurgena_Provincia de Almeria_Andalusia_ES,Zurgena,ES,37.356046518852,-2.0290775504257
Zurrieq_NaN_Iz-Zurrieq_MT,Zurrieq,MT,35.828680828222,14.471313585831
Zweifelscheid_NaN_Rheinland-Pfalz_DE,Zweifelscheid,DE,50.036313810832,6.2595862285176
Zykovo_NaN_Krasnoyarskiy_RU,Zykovo,RU,55.94726013172524,93.1031712852526
Zykovo_NaN_Mordoviya_RU,Zykovo,RU,54.086232997978,45.055405603196
`Arab ar Rashaydah_NaN_NaN_PS,`Arab ar Rashaydah,PS,31.470049934822,35.396833003045
`En Boqeq_NaN_Southern District_IL,`En Boqeq,IL,31.341157190799,35.387522279095
les Borges del Camp_Provincia de Tarragona_Catalonia_ES,les Borges del Camp,ES,41.14751660558162,1.0133149116035551
vadlamuru_East Godavari_Andhra Pradesh_IN,vadlamuru,IN,17.238784861549,82.15586922062
